Date,Sheet_Source,Metric,Value
01-01-2024,Subscribers & Revenue,New Monthly Subscribers,90
01-02-2024,Subscribers & Revenue,New Monthly Subscribers,99
01-03-2024,Subscribers & Revenue,New Monthly Subscribers,109
01-04-2024,Subscribers & Revenue,New Monthly Subscribers,120
01-05-2024,Subscribers & Revenue,New Monthly Subscribers,132
01-06-2024,Subscribers & Revenue,New Monthly Subscribers,145
01-07-2024,Subscribers & Revenue,New Monthly Subscribers,160
01-08-2024,Subscribers & Revenue,New Monthly Subscribers,176
01-09-2024,Subscribers & Revenue,New Monthly Subscribers,194
01-10-2024,Subscribers & Revenue,New Monthly Subscribers,213
01-11-2024,Subscribers & Revenue,New Monthly Subscribers,234
01-12-2024,Subscribers & Revenue,New Monthly Subscribers,257
01-01-2025,Subscribers & Revenue,New Monthly Subscribers,283
01-02-2025,Subscribers & Revenue,New Monthly Subscribers,311
01-03-2025,Subscribers & Revenue,New Monthly Subscribers,342
01-04-2025,Subscribers & Revenue,New Monthly Subscribers,376
01-05-2025,Subscribers & Revenue,New Monthly Subscribers,414
01-06-2025,Subscribers & Revenue,New Monthly Subscribers,455
01-07-2025,Subscribers & Revenue,New Monthly Subscribers,501
01-08-2025,Subscribers & Revenue,New Monthly Subscribers,551
01-09-2025,Subscribers & Revenue,New Monthly Subscribers,606
01-10-2025,Subscribers & Revenue,New Monthly Subscribers,667
01-11-2025,Subscribers & Revenue,New Monthly Subscribers,734
01-12-2025,Subscribers & Revenue,New Monthly Subscribers,807
01-01-2026,Subscribers & Revenue,New Monthly Subscribers,888
01-02-2026,Subscribers & Revenue,New Monthly Subscribers,977
01-03-2026,Subscribers & Revenue,New Monthly Subscribers,1075
01-04-2026,Subscribers & Revenue,New Monthly Subscribers,1183
01-05-2026,Subscribers & Revenue,New Monthly Subscribers,1301
01-06-2026,Subscribers & Revenue,New Monthly Subscribers,1431
01-07-2026,Subscribers & Revenue,New Monthly Subscribers,1574
01-08-2026,Subscribers & Revenue,New Monthly Subscribers,1731
01-09-2026,Subscribers & Revenue,New Monthly Subscribers,1904
01-10-2026,Subscribers & Revenue,New Monthly Subscribers,2094
01-11-2026,Subscribers & Revenue,New Monthly Subscribers,2303
01-12-2026,Subscribers & Revenue,New Monthly Subscribers,2533
01-01-2027,Subscribers & Revenue,New Monthly Subscribers,2786
01-02-2027,Subscribers & Revenue,New Monthly Subscribers,3065
01-03-2027,Subscribers & Revenue,New Monthly Subscribers,3372
01-04-2027,Subscribers & Revenue,New Monthly Subscribers,3709
01-05-2027,Subscribers & Revenue,New Monthly Subscribers,4080
01-06-2027,Subscribers & Revenue,New Monthly Subscribers,4488
01-07-2027,Subscribers & Revenue,New Monthly Subscribers,4937
01-08-2027,Subscribers & Revenue,New Monthly Subscribers,5431
01-09-2027,Subscribers & Revenue,New Monthly Subscribers,5974
01-10-2027,Subscribers & Revenue,New Monthly Subscribers,6571
01-11-2027,Subscribers & Revenue,New Monthly Subscribers,7228
01-12-2027,Subscribers & Revenue,New Monthly Subscribers,7951
01-01-2028,Subscribers & Revenue,New Monthly Subscribers,8746
01-02-2028,Subscribers & Revenue,New Monthly Subscribers,9621
01-03-2028,Subscribers & Revenue,New Monthly Subscribers,10583
01-04-2028,Subscribers & Revenue,New Monthly Subscribers,11641
01-05-2028,Subscribers & Revenue,New Monthly Subscribers,12805
01-06-2028,Subscribers & Revenue,New Monthly Subscribers,14086
01-07-2028,Subscribers & Revenue,New Monthly Subscribers,15495
01-08-2028,Subscribers & Revenue,New Monthly Subscribers,17045
01-09-2028,Subscribers & Revenue,New Monthly Subscribers,18750
01-10-2028,Subscribers & Revenue,New Monthly Subscribers,20625
01-11-2028,Subscribers & Revenue,New Monthly Subscribers,22688
01-12-2028,Subscribers & Revenue,New Monthly Subscribers,24957
01-02-2024,Subscribers & Revenue,% growth,0.1
01-03-2024,Subscribers & Revenue,% growth,0.1
01-04-2024,Subscribers & Revenue,% growth,0.1
01-05-2024,Subscribers & Revenue,% growth,0.1
01-06-2024,Subscribers & Revenue,% growth,0.1
01-07-2024,Subscribers & Revenue,% growth,0.1
01-08-2024,Subscribers & Revenue,% growth,0.1
01-09-2024,Subscribers & Revenue,% growth,0.1
01-10-2024,Subscribers & Revenue,% growth,0.1
01-11-2024,Subscribers & Revenue,% growth,0.1
01-12-2024,Subscribers & Revenue,% growth,0.1
01-01-2025,Subscribers & Revenue,% growth,0.1
01-02-2025,Subscribers & Revenue,% growth,0.1
01-03-2025,Subscribers & Revenue,% growth,0.1
01-04-2025,Subscribers & Revenue,% growth,0.1
01-05-2025,Subscribers & Revenue,% growth,0.1
01-06-2025,Subscribers & Revenue,% growth,0.1
01-07-2025,Subscribers & Revenue,% growth,0.1
01-08-2025,Subscribers & Revenue,% growth,0.1
01-09-2025,Subscribers & Revenue,% growth,0.1
01-10-2025,Subscribers & Revenue,% growth,0.1
01-11-2025,Subscribers & Revenue,% growth,0.1
01-12-2025,Subscribers & Revenue,% growth,0.1
01-01-2026,Subscribers & Revenue,% growth,0.1
01-02-2026,Subscribers & Revenue,% growth,0.1
01-03-2026,Subscribers & Revenue,% growth,0.1
01-04-2026,Subscribers & Revenue,% growth,0.1
01-05-2026,Subscribers & Revenue,% growth,0.1
01-06-2026,Subscribers & Revenue,% growth,0.1
01-07-2026,Subscribers & Revenue,% growth,0.1
01-08-2026,Subscribers & Revenue,% growth,0.1
01-09-2026,Subscribers & Revenue,% growth,0.1
01-10-2026,Subscribers & Revenue,% growth,0.1
01-11-2026,Subscribers & Revenue,% growth,0.1
01-12-2026,Subscribers & Revenue,% growth,0.1
01-01-2027,Subscribers & Revenue,% growth,0.1
01-02-2027,Subscribers & Revenue,% growth,0.1
01-03-2027,Subscribers & Revenue,% growth,0.1
01-04-2027,Subscribers & Revenue,% growth,0.1
01-05-2027,Subscribers & Revenue,% growth,0.1
01-06-2027,Subscribers & Revenue,% growth,0.1
01-07-2027,Subscribers & Revenue,% growth,0.1
01-08-2027,Subscribers & Revenue,% growth,0.1
01-09-2027,Subscribers & Revenue,% growth,0.1
01-10-2027,Subscribers & Revenue,% growth,0.1
01-11-2027,Subscribers & Revenue,% growth,0.1
01-12-2027,Subscribers & Revenue,% growth,0.1
01-01-2028,Subscribers & Revenue,% growth,0.1
01-02-2028,Subscribers & Revenue,% growth,0.1
01-03-2028,Subscribers & Revenue,% growth,0.1
01-04-2028,Subscribers & Revenue,% growth,0.1
01-05-2028,Subscribers & Revenue,% growth,0.1
01-06-2028,Subscribers & Revenue,% growth,0.1
01-07-2028,Subscribers & Revenue,% growth,0.1
01-08-2028,Subscribers & Revenue,% growth,0.1
01-09-2028,Subscribers & Revenue,% growth,0.1
01-10-2028,Subscribers & Revenue,% growth,0.1
01-11-2028,Subscribers & Revenue,% growth,0.1
01-12-2028,Subscribers & Revenue,% growth,0.1
01-01-2024,Subscribers & Revenue,Previous Month Active Subscribers,0
01-02-2024,Subscribers & Revenue,Previous Month Active Subscribers,90
01-03-2024,Subscribers & Revenue,Previous Month Active Subscribers,175
01-04-2024,Subscribers & Revenue,Previous Month Active Subscribers,258
01-05-2024,Subscribers & Revenue,Previous Month Active Subscribers,339
01-06-2024,Subscribers & Revenue,Previous Month Active Subscribers,420
01-07-2024,Subscribers & Revenue,Previous Month Active Subscribers,502
01-08-2024,Subscribers & Revenue,Previous Month Active Subscribers,587
01-09-2024,Subscribers & Revenue,Previous Month Active Subscribers,675
01-10-2024,Subscribers & Revenue,Previous Month Active Subscribers,768
01-11-2024,Subscribers & Revenue,Previous Month Active Subscribers,866
01-12-2024,Subscribers & Revenue,Previous Month Active Subscribers,970
01-01-2025,Subscribers & Revenue,Previous Month Active Subscribers,1081
01-02-2025,Subscribers & Revenue,Previous Month Active Subscribers,1202
01-03-2025,Subscribers & Revenue,Previous Month Active Subscribers,1333
01-04-2025,Subscribers & Revenue,Previous Month Active Subscribers,1475
01-05-2025,Subscribers & Revenue,Previous Month Active Subscribers,1630
01-06-2025,Subscribers & Revenue,Previous Month Active Subscribers,1799
01-07-2025,Subscribers & Revenue,Previous Month Active Subscribers,1984
01-08-2025,Subscribers & Revenue,Previous Month Active Subscribers,2187
01-09-2025,Subscribers & Revenue,Previous Month Active Subscribers,2410
01-10-2025,Subscribers & Revenue,Previous Month Active Subscribers,2654
01-11-2025,Subscribers & Revenue,Previous Month Active Subscribers,2923
01-12-2025,Subscribers & Revenue,Previous Month Active Subscribers,3219
01-01-2026,Subscribers & Revenue,Previous Month Active Subscribers,3543
01-02-2026,Subscribers & Revenue,Previous Month Active Subscribers,3900
01-03-2026,Subscribers & Revenue,Previous Month Active Subscribers,4292
01-04-2026,Subscribers & Revenue,Previous Month Active Subscribers,4723
01-05-2026,Subscribers & Revenue,Previous Month Active Subscribers,5198
01-06-2026,Subscribers & Revenue,Previous Month Active Subscribers,5719
01-07-2026,Subscribers & Revenue,Previous Month Active Subscribers,6292
01-08-2026,Subscribers & Revenue,Previous Month Active Subscribers,6922
01-09-2026,Subscribers & Revenue,Previous Month Active Subscribers,7615
01-10-2026,Subscribers & Revenue,Previous Month Active Subscribers,8377
01-11-2026,Subscribers & Revenue,Previous Month Active Subscribers,9214
01-12-2026,Subscribers & Revenue,Previous Month Active Subscribers,10135
01-01-2027,Subscribers & Revenue,Previous Month Active Subscribers,11148
01-02-2027,Subscribers & Revenue,Previous Month Active Subscribers,12262
01-03-2027,Subscribers & Revenue,Previous Month Active Subscribers,13488
01-04-2027,Subscribers & Revenue,Previous Month Active Subscribers,14837
01-05-2027,Subscribers & Revenue,Previous Month Active Subscribers,16320
01-06-2027,Subscribers & Revenue,Previous Month Active Subscribers,17952
01-07-2027,Subscribers & Revenue,Previous Month Active Subscribers,19747
01-08-2027,Subscribers & Revenue,Previous Month Active Subscribers,21722
01-09-2027,Subscribers & Revenue,Previous Month Active Subscribers,23895
01-10-2027,Subscribers & Revenue,Previous Month Active Subscribers,26285
01-11-2027,Subscribers & Revenue,Previous Month Active Subscribers,28913
01-12-2027,Subscribers & Revenue,Previous Month Active Subscribers,31804
01-01-2028,Subscribers & Revenue,Previous Month Active Subscribers,34984
01-02-2028,Subscribers & Revenue,Previous Month Active Subscribers,38482
01-03-2028,Subscribers & Revenue,Previous Month Active Subscribers,42331
01-04-2028,Subscribers & Revenue,Previous Month Active Subscribers,46564
01-05-2028,Subscribers & Revenue,Previous Month Active Subscribers,51220
01-06-2028,Subscribers & Revenue,Previous Month Active Subscribers,56342
01-07-2028,Subscribers & Revenue,Previous Month Active Subscribers,61977
01-08-2028,Subscribers & Revenue,Previous Month Active Subscribers,68175
01-09-2028,Subscribers & Revenue,Previous Month Active Subscribers,74994
01-10-2028,Subscribers & Revenue,Previous Month Active Subscribers,82495
01-11-2028,Subscribers & Revenue,Previous Month Active Subscribers,90746
01-12-2028,Subscribers & Revenue,Previous Month Active Subscribers,99822
01-01-2024,Subscribers & Revenue,(+) New Subscribers,90
01-02-2024,Subscribers & Revenue,(+) New Subscribers,99
01-03-2024,Subscribers & Revenue,(+) New Subscribers,109
01-04-2024,Subscribers & Revenue,(+) New Subscribers,120
01-05-2024,Subscribers & Revenue,(+) New Subscribers,132
01-06-2024,Subscribers & Revenue,(+) New Subscribers,145
01-07-2024,Subscribers & Revenue,(+) New Subscribers,160
01-08-2024,Subscribers & Revenue,(+) New Subscribers,176
01-09-2024,Subscribers & Revenue,(+) New Subscribers,194
01-10-2024,Subscribers & Revenue,(+) New Subscribers,213
01-11-2024,Subscribers & Revenue,(+) New Subscribers,234
01-12-2024,Subscribers & Revenue,(+) New Subscribers,257
01-01-2025,Subscribers & Revenue,(+) New Subscribers,283
01-02-2025,Subscribers & Revenue,(+) New Subscribers,311
01-03-2025,Subscribers & Revenue,(+) New Subscribers,342
01-04-2025,Subscribers & Revenue,(+) New Subscribers,376
01-05-2025,Subscribers & Revenue,(+) New Subscribers,414
01-06-2025,Subscribers & Revenue,(+) New Subscribers,455
01-07-2025,Subscribers & Revenue,(+) New Subscribers,501
01-08-2025,Subscribers & Revenue,(+) New Subscribers,551
01-09-2025,Subscribers & Revenue,(+) New Subscribers,606
01-10-2025,Subscribers & Revenue,(+) New Subscribers,667
01-11-2025,Subscribers & Revenue,(+) New Subscribers,734
01-12-2025,Subscribers & Revenue,(+) New Subscribers,807
01-01-2026,Subscribers & Revenue,(+) New Subscribers,888
01-02-2026,Subscribers & Revenue,(+) New Subscribers,977
01-03-2026,Subscribers & Revenue,(+) New Subscribers,1075
01-04-2026,Subscribers & Revenue,(+) New Subscribers,1183
01-05-2026,Subscribers & Revenue,(+) New Subscribers,1301
01-06-2026,Subscribers & Revenue,(+) New Subscribers,1431
01-07-2026,Subscribers & Revenue,(+) New Subscribers,1574
01-08-2026,Subscribers & Revenue,(+) New Subscribers,1731
01-09-2026,Subscribers & Revenue,(+) New Subscribers,1904
01-10-2026,Subscribers & Revenue,(+) New Subscribers,2094
01-11-2026,Subscribers & Revenue,(+) New Subscribers,2303
01-12-2026,Subscribers & Revenue,(+) New Subscribers,2533
01-01-2027,Subscribers & Revenue,(+) New Subscribers,2786
01-02-2027,Subscribers & Revenue,(+) New Subscribers,3065
01-03-2027,Subscribers & Revenue,(+) New Subscribers,3372
01-04-2027,Subscribers & Revenue,(+) New Subscribers,3709
01-05-2027,Subscribers & Revenue,(+) New Subscribers,4080
01-06-2027,Subscribers & Revenue,(+) New Subscribers,4488
01-07-2027,Subscribers & Revenue,(+) New Subscribers,4937
01-08-2027,Subscribers & Revenue,(+) New Subscribers,5431
01-09-2027,Subscribers & Revenue,(+) New Subscribers,5974
01-10-2027,Subscribers & Revenue,(+) New Subscribers,6571
01-11-2027,Subscribers & Revenue,(+) New Subscribers,7228
01-12-2027,Subscribers & Revenue,(+) New Subscribers,7951
01-01-2028,Subscribers & Revenue,(+) New Subscribers,8746
01-02-2028,Subscribers & Revenue,(+) New Subscribers,9621
01-03-2028,Subscribers & Revenue,(+) New Subscribers,10583
01-04-2028,Subscribers & Revenue,(+) New Subscribers,11641
01-05-2028,Subscribers & Revenue,(+) New Subscribers,12805
01-06-2028,Subscribers & Revenue,(+) New Subscribers,14086
01-07-2028,Subscribers & Revenue,(+) New Subscribers,15495
01-08-2028,Subscribers & Revenue,(+) New Subscribers,17045
01-09-2028,Subscribers & Revenue,(+) New Subscribers,18750
01-10-2028,Subscribers & Revenue,(+) New Subscribers,20625
01-11-2028,Subscribers & Revenue,(+) New Subscribers,22688
01-12-2028,Subscribers & Revenue,(+) New Subscribers,24957
01-01-2024,Subscribers & Revenue,(–) Churned Subscribers,0
01-02-2024,Subscribers & Revenue,(–) Churned Subscribers,-14
01-03-2024,Subscribers & Revenue,(–) Churned Subscribers,-26
01-04-2024,Subscribers & Revenue,(–) Churned Subscribers,-39
01-05-2024,Subscribers & Revenue,(–) Churned Subscribers,-51
01-06-2024,Subscribers & Revenue,(–) Churned Subscribers,-63
01-07-2024,Subscribers & Revenue,(–) Churned Subscribers,-75
01-08-2024,Subscribers & Revenue,(–) Churned Subscribers,-88
01-09-2024,Subscribers & Revenue,(–) Churned Subscribers,-101
01-10-2024,Subscribers & Revenue,(–) Churned Subscribers,-115
01-11-2024,Subscribers & Revenue,(–) Churned Subscribers,-130
01-12-2024,Subscribers & Revenue,(–) Churned Subscribers,-146
01-01-2025,Subscribers & Revenue,(–) Churned Subscribers,-162
01-02-2025,Subscribers & Revenue,(–) Churned Subscribers,-180
01-03-2025,Subscribers & Revenue,(–) Churned Subscribers,-200
01-04-2025,Subscribers & Revenue,(–) Churned Subscribers,-221
01-05-2025,Subscribers & Revenue,(–) Churned Subscribers,-245
01-06-2025,Subscribers & Revenue,(–) Churned Subscribers,-270
01-07-2025,Subscribers & Revenue,(–) Churned Subscribers,-298
01-08-2025,Subscribers & Revenue,(–) Churned Subscribers,-328
01-09-2025,Subscribers & Revenue,(–) Churned Subscribers,-362
01-10-2025,Subscribers & Revenue,(–) Churned Subscribers,-398
01-11-2025,Subscribers & Revenue,(–) Churned Subscribers,-438
01-12-2025,Subscribers & Revenue,(–) Churned Subscribers,-483
01-01-2026,Subscribers & Revenue,(–) Churned Subscribers,-531
01-02-2026,Subscribers & Revenue,(–) Churned Subscribers,-585
01-03-2026,Subscribers & Revenue,(–) Churned Subscribers,-644
01-04-2026,Subscribers & Revenue,(–) Churned Subscribers,-708
01-05-2026,Subscribers & Revenue,(–) Churned Subscribers,-780
01-06-2026,Subscribers & Revenue,(–) Churned Subscribers,-858
01-07-2026,Subscribers & Revenue,(–) Churned Subscribers,-944
01-08-2026,Subscribers & Revenue,(–) Churned Subscribers,-1038
01-09-2026,Subscribers & Revenue,(–) Churned Subscribers,-1142
01-10-2026,Subscribers & Revenue,(–) Churned Subscribers,-1257
01-11-2026,Subscribers & Revenue,(–) Churned Subscribers,-1382
01-12-2026,Subscribers & Revenue,(–) Churned Subscribers,-1520
01-01-2027,Subscribers & Revenue,(–) Churned Subscribers,-1672
01-02-2027,Subscribers & Revenue,(–) Churned Subscribers,-1839
01-03-2027,Subscribers & Revenue,(–) Churned Subscribers,-2023
01-04-2027,Subscribers & Revenue,(–) Churned Subscribers,-2226
01-05-2027,Subscribers & Revenue,(–) Churned Subscribers,-2448
01-06-2027,Subscribers & Revenue,(–) Churned Subscribers,-2693
01-07-2027,Subscribers & Revenue,(–) Churned Subscribers,-2962
01-08-2027,Subscribers & Revenue,(–) Churned Subscribers,-3258
01-09-2027,Subscribers & Revenue,(–) Churned Subscribers,-3584
01-10-2027,Subscribers & Revenue,(–) Churned Subscribers,-3943
01-11-2027,Subscribers & Revenue,(–) Churned Subscribers,-4337
01-12-2027,Subscribers & Revenue,(–) Churned Subscribers,-4771
01-01-2028,Subscribers & Revenue,(–) Churned Subscribers,-5248
01-02-2028,Subscribers & Revenue,(–) Churned Subscribers,-5772
01-03-2028,Subscribers & Revenue,(–) Churned Subscribers,-6350
01-04-2028,Subscribers & Revenue,(–) Churned Subscribers,-6985
01-05-2028,Subscribers & Revenue,(–) Churned Subscribers,-7683
01-06-2028,Subscribers & Revenue,(–) Churned Subscribers,-8451
01-07-2028,Subscribers & Revenue,(–) Churned Subscribers,-9297
01-08-2028,Subscribers & Revenue,(–) Churned Subscribers,-10226
01-09-2028,Subscribers & Revenue,(–) Churned Subscribers,-11249
01-10-2028,Subscribers & Revenue,(–) Churned Subscribers,-12374
01-11-2028,Subscribers & Revenue,(–) Churned Subscribers,-13612
01-12-2028,Subscribers & Revenue,(–) Churned Subscribers,-14973
01-01-2024,Subscribers & Revenue,Active Monthly Subscribers,90
01-02-2024,Subscribers & Revenue,Active Monthly Subscribers,175
01-03-2024,Subscribers & Revenue,Active Monthly Subscribers,258
01-04-2024,Subscribers & Revenue,Active Monthly Subscribers,339
01-05-2024,Subscribers & Revenue,Active Monthly Subscribers,420
01-06-2024,Subscribers & Revenue,Active Monthly Subscribers,502
01-07-2024,Subscribers & Revenue,Active Monthly Subscribers,587
01-08-2024,Subscribers & Revenue,Active Monthly Subscribers,675
01-09-2024,Subscribers & Revenue,Active Monthly Subscribers,768
01-10-2024,Subscribers & Revenue,Active Monthly Subscribers,866
01-11-2024,Subscribers & Revenue,Active Monthly Subscribers,970
01-12-2024,Subscribers & Revenue,Active Monthly Subscribers,1081
01-01-2025,Subscribers & Revenue,Active Monthly Subscribers,1202
01-02-2025,Subscribers & Revenue,Active Monthly Subscribers,1333
01-03-2025,Subscribers & Revenue,Active Monthly Subscribers,1475
01-04-2025,Subscribers & Revenue,Active Monthly Subscribers,1630
01-05-2025,Subscribers & Revenue,Active Monthly Subscribers,1799
01-06-2025,Subscribers & Revenue,Active Monthly Subscribers,1984
01-07-2025,Subscribers & Revenue,Active Monthly Subscribers,2187
01-08-2025,Subscribers & Revenue,Active Monthly Subscribers,2410
01-09-2025,Subscribers & Revenue,Active Monthly Subscribers,2654
01-10-2025,Subscribers & Revenue,Active Monthly Subscribers,2923
01-11-2025,Subscribers & Revenue,Active Monthly Subscribers,3219
01-12-2025,Subscribers & Revenue,Active Monthly Subscribers,3543
01-01-2026,Subscribers & Revenue,Active Monthly Subscribers,3900
01-02-2026,Subscribers & Revenue,Active Monthly Subscribers,4292
01-03-2026,Subscribers & Revenue,Active Monthly Subscribers,4723
01-04-2026,Subscribers & Revenue,Active Monthly Subscribers,5198
01-05-2026,Subscribers & Revenue,Active Monthly Subscribers,5719
01-06-2026,Subscribers & Revenue,Active Monthly Subscribers,6292
01-07-2026,Subscribers & Revenue,Active Monthly Subscribers,6922
01-08-2026,Subscribers & Revenue,Active Monthly Subscribers,7615
01-09-2026,Subscribers & Revenue,Active Monthly Subscribers,8377
01-10-2026,Subscribers & Revenue,Active Monthly Subscribers,9214
01-11-2026,Subscribers & Revenue,Active Monthly Subscribers,10135
01-12-2026,Subscribers & Revenue,Active Monthly Subscribers,11148
01-01-2027,Subscribers & Revenue,Active Monthly Subscribers,12262
01-02-2027,Subscribers & Revenue,Active Monthly Subscribers,13488
01-03-2027,Subscribers & Revenue,Active Monthly Subscribers,14837
01-04-2027,Subscribers & Revenue,Active Monthly Subscribers,16320
01-05-2027,Subscribers & Revenue,Active Monthly Subscribers,17952
01-06-2027,Subscribers & Revenue,Active Monthly Subscribers,19747
01-07-2027,Subscribers & Revenue,Active Monthly Subscribers,21722
01-08-2027,Subscribers & Revenue,Active Monthly Subscribers,23895
01-09-2027,Subscribers & Revenue,Active Monthly Subscribers,26285
01-10-2027,Subscribers & Revenue,Active Monthly Subscribers,28913
01-11-2027,Subscribers & Revenue,Active Monthly Subscribers,31804
01-12-2027,Subscribers & Revenue,Active Monthly Subscribers,34984
01-01-2028,Subscribers & Revenue,Active Monthly Subscribers,38482
01-02-2028,Subscribers & Revenue,Active Monthly Subscribers,42331
01-03-2028,Subscribers & Revenue,Active Monthly Subscribers,46564
01-04-2028,Subscribers & Revenue,Active Monthly Subscribers,51220
01-05-2028,Subscribers & Revenue,Active Monthly Subscribers,56342
01-06-2028,Subscribers & Revenue,Active Monthly Subscribers,61977
01-07-2028,Subscribers & Revenue,Active Monthly Subscribers,68175
01-08-2028,Subscribers & Revenue,Active Monthly Subscribers,74994
01-09-2028,Subscribers & Revenue,Active Monthly Subscribers,82495
01-10-2028,Subscribers & Revenue,Active Monthly Subscribers,90746
01-11-2028,Subscribers & Revenue,Active Monthly Subscribers,99822
01-12-2028,Subscribers & Revenue,Active Monthly Subscribers,109806
01-01-2024,Subscribers & Revenue,New Annual Subscribers,55
01-02-2024,Subscribers & Revenue,New Annual Subscribers,59
01-03-2024,Subscribers & Revenue,New Annual Subscribers,63
01-04-2024,Subscribers & Revenue,New Annual Subscribers,67
01-05-2024,Subscribers & Revenue,New Annual Subscribers,72
01-06-2024,Subscribers & Revenue,New Annual Subscribers,77
01-07-2024,Subscribers & Revenue,New Annual Subscribers,82
01-08-2024,Subscribers & Revenue,New Annual Subscribers,88
01-09-2024,Subscribers & Revenue,New Annual Subscribers,94
01-10-2024,Subscribers & Revenue,New Annual Subscribers,101
01-11-2024,Subscribers & Revenue,New Annual Subscribers,108
01-12-2024,Subscribers & Revenue,New Annual Subscribers,116
01-01-2025,Subscribers & Revenue,New Annual Subscribers,124
01-02-2025,Subscribers & Revenue,New Annual Subscribers,133
01-03-2025,Subscribers & Revenue,New Annual Subscribers,142
01-04-2025,Subscribers & Revenue,New Annual Subscribers,152
01-05-2025,Subscribers & Revenue,New Annual Subscribers,163
01-06-2025,Subscribers & Revenue,New Annual Subscribers,174
01-07-2025,Subscribers & Revenue,New Annual Subscribers,186
01-08-2025,Subscribers & Revenue,New Annual Subscribers,199
01-09-2025,Subscribers & Revenue,New Annual Subscribers,213
01-10-2025,Subscribers & Revenue,New Annual Subscribers,228
01-11-2025,Subscribers & Revenue,New Annual Subscribers,244
01-12-2025,Subscribers & Revenue,New Annual Subscribers,261
01-01-2026,Subscribers & Revenue,New Annual Subscribers,279
01-02-2026,Subscribers & Revenue,New Annual Subscribers,299
01-03-2026,Subscribers & Revenue,New Annual Subscribers,320
01-04-2026,Subscribers & Revenue,New Annual Subscribers,342
01-05-2026,Subscribers & Revenue,New Annual Subscribers,366
01-06-2026,Subscribers & Revenue,New Annual Subscribers,392
01-07-2026,Subscribers & Revenue,New Annual Subscribers,419
01-08-2026,Subscribers & Revenue,New Annual Subscribers,448
01-09-2026,Subscribers & Revenue,New Annual Subscribers,479
01-10-2026,Subscribers & Revenue,New Annual Subscribers,513
01-11-2026,Subscribers & Revenue,New Annual Subscribers,549
01-12-2026,Subscribers & Revenue,New Annual Subscribers,587
01-01-2027,Subscribers & Revenue,New Annual Subscribers,628
01-02-2027,Subscribers & Revenue,New Annual Subscribers,672
01-03-2027,Subscribers & Revenue,New Annual Subscribers,719
01-04-2027,Subscribers & Revenue,New Annual Subscribers,769
01-05-2027,Subscribers & Revenue,New Annual Subscribers,823
01-06-2027,Subscribers & Revenue,New Annual Subscribers,881
01-07-2027,Subscribers & Revenue,New Annual Subscribers,943
01-08-2027,Subscribers & Revenue,New Annual Subscribers,1009
01-09-2027,Subscribers & Revenue,New Annual Subscribers,1080
01-10-2027,Subscribers & Revenue,New Annual Subscribers,1156
01-11-2027,Subscribers & Revenue,New Annual Subscribers,1237
01-12-2027,Subscribers & Revenue,New Annual Subscribers,1324
01-01-2028,Subscribers & Revenue,New Annual Subscribers,1417
01-02-2028,Subscribers & Revenue,New Annual Subscribers,1516
01-03-2028,Subscribers & Revenue,New Annual Subscribers,1622
01-04-2028,Subscribers & Revenue,New Annual Subscribers,1736
01-05-2028,Subscribers & Revenue,New Annual Subscribers,1858
01-06-2028,Subscribers & Revenue,New Annual Subscribers,1988
01-07-2028,Subscribers & Revenue,New Annual Subscribers,2127
01-08-2028,Subscribers & Revenue,New Annual Subscribers,2276
01-09-2028,Subscribers & Revenue,New Annual Subscribers,2435
01-10-2028,Subscribers & Revenue,New Annual Subscribers,2605
01-11-2028,Subscribers & Revenue,New Annual Subscribers,2787
01-12-2028,Subscribers & Revenue,New Annual Subscribers,2982
01-02-2024,Subscribers & Revenue,% growth,0.07
01-03-2024,Subscribers & Revenue,% growth,0.07
01-04-2024,Subscribers & Revenue,% growth,0.07
01-05-2024,Subscribers & Revenue,% growth,0.07
01-06-2024,Subscribers & Revenue,% growth,0.07
01-07-2024,Subscribers & Revenue,% growth,0.07
01-08-2024,Subscribers & Revenue,% growth,0.07
01-09-2024,Subscribers & Revenue,% growth,0.07
01-10-2024,Subscribers & Revenue,% growth,0.07
01-11-2024,Subscribers & Revenue,% growth,0.07
01-12-2024,Subscribers & Revenue,% growth,0.07
01-01-2025,Subscribers & Revenue,% growth,0.07
01-02-2025,Subscribers & Revenue,% growth,0.07
01-03-2025,Subscribers & Revenue,% growth,0.07
01-04-2025,Subscribers & Revenue,% growth,0.07
01-05-2025,Subscribers & Revenue,% growth,0.07
01-06-2025,Subscribers & Revenue,% growth,0.07
01-07-2025,Subscribers & Revenue,% growth,0.07
01-08-2025,Subscribers & Revenue,% growth,0.07
01-09-2025,Subscribers & Revenue,% growth,0.07
01-10-2025,Subscribers & Revenue,% growth,0.07
01-11-2025,Subscribers & Revenue,% growth,0.07
01-12-2025,Subscribers & Revenue,% growth,0.07
01-01-2026,Subscribers & Revenue,% growth,0.07
01-02-2026,Subscribers & Revenue,% growth,0.07
01-03-2026,Subscribers & Revenue,% growth,0.07
01-04-2026,Subscribers & Revenue,% growth,0.07
01-05-2026,Subscribers & Revenue,% growth,0.07
01-06-2026,Subscribers & Revenue,% growth,0.07
01-07-2026,Subscribers & Revenue,% growth,0.07
01-08-2026,Subscribers & Revenue,% growth,0.07
01-09-2026,Subscribers & Revenue,% growth,0.07
01-10-2026,Subscribers & Revenue,% growth,0.07
01-11-2026,Subscribers & Revenue,% growth,0.07
01-12-2026,Subscribers & Revenue,% growth,0.07
01-01-2027,Subscribers & Revenue,% growth,0.07
01-02-2027,Subscribers & Revenue,% growth,0.07
01-03-2027,Subscribers & Revenue,% growth,0.07
01-04-2027,Subscribers & Revenue,% growth,0.07
01-05-2027,Subscribers & Revenue,% growth,0.07
01-06-2027,Subscribers & Revenue,% growth,0.07
01-07-2027,Subscribers & Revenue,% growth,0.07
01-08-2027,Subscribers & Revenue,% growth,0.07
01-09-2027,Subscribers & Revenue,% growth,0.07
01-10-2027,Subscribers & Revenue,% growth,0.07
01-11-2027,Subscribers & Revenue,% growth,0.07
01-12-2027,Subscribers & Revenue,% growth,0.07
01-01-2028,Subscribers & Revenue,% growth,0.07
01-02-2028,Subscribers & Revenue,% growth,0.07
01-03-2028,Subscribers & Revenue,% growth,0.07
01-04-2028,Subscribers & Revenue,% growth,0.07
01-05-2028,Subscribers & Revenue,% growth,0.07
01-06-2028,Subscribers & Revenue,% growth,0.07
01-07-2028,Subscribers & Revenue,% growth,0.07
01-08-2028,Subscribers & Revenue,% growth,0.07
01-09-2028,Subscribers & Revenue,% growth,0.07
01-10-2028,Subscribers & Revenue,% growth,0.07
01-11-2028,Subscribers & Revenue,% growth,0.07
01-12-2028,Subscribers & Revenue,% growth,0.07
01-02-2024,Subscribers & Revenue,Previous Month Active Subscribers,55
01-03-2024,Subscribers & Revenue,Previous Month Active Subscribers,114
01-04-2024,Subscribers & Revenue,Previous Month Active Subscribers,177
01-05-2024,Subscribers & Revenue,Previous Month Active Subscribers,244
01-06-2024,Subscribers & Revenue,Previous Month Active Subscribers,316
01-07-2024,Subscribers & Revenue,Previous Month Active Subscribers,393
01-08-2024,Subscribers & Revenue,Previous Month Active Subscribers,475
01-09-2024,Subscribers & Revenue,Previous Month Active Subscribers,563
01-10-2024,Subscribers & Revenue,Previous Month Active Subscribers,657
01-11-2024,Subscribers & Revenue,Previous Month Active Subscribers,758
01-12-2024,Subscribers & Revenue,Previous Month Active Subscribers,866
01-01-2025,Subscribers & Revenue,Previous Month Active Subscribers,982
01-02-2025,Subscribers & Revenue,Previous Month Active Subscribers,1087
01-03-2025,Subscribers & Revenue,Previous Month Active Subscribers,1199
01-04-2025,Subscribers & Revenue,Previous Month Active Subscribers,1319
01-05-2025,Subscribers & Revenue,Previous Month Active Subscribers,1448
01-06-2025,Subscribers & Revenue,Previous Month Active Subscribers,1586
01-07-2025,Subscribers & Revenue,Previous Month Active Subscribers,1733
01-08-2025,Subscribers & Revenue,Previous Month Active Subscribers,1890
01-09-2025,Subscribers & Revenue,Previous Month Active Subscribers,2058
01-10-2025,Subscribers & Revenue,Previous Month Active Subscribers,2238
01-11-2025,Subscribers & Revenue,Previous Month Active Subscribers,2431
01-12-2025,Subscribers & Revenue,Previous Month Active Subscribers,2637
01-01-2026,Subscribers & Revenue,Previous Month Active Subscribers,2857
01-02-2026,Subscribers & Revenue,Previous Month Active Subscribers,3093
01-03-2026,Subscribers & Revenue,Previous Month Active Subscribers,3345
01-04-2026,Subscribers & Revenue,Previous Month Active Subscribers,3615
01-05-2026,Subscribers & Revenue,Previous Month Active Subscribers,3904
01-06-2026,Subscribers & Revenue,Previous Month Active Subscribers,4213
01-07-2026,Subscribers & Revenue,Previous Month Active Subscribers,4544
01-08-2026,Subscribers & Revenue,Previous Month Active Subscribers,4898
01-09-2026,Subscribers & Revenue,Previous Month Active Subscribers,5276
01-10-2026,Subscribers & Revenue,Previous Month Active Subscribers,5680
01-11-2026,Subscribers & Revenue,Previous Month Active Subscribers,6113
01-12-2026,Subscribers & Revenue,Previous Month Active Subscribers,6577
01-01-2027,Subscribers & Revenue,Previous Month Active Subscribers,7073
01-02-2027,Subscribers & Revenue,Previous Month Active Subscribers,7603
01-03-2027,Subscribers & Revenue,Previous Month Active Subscribers,8170
01-04-2027,Subscribers & Revenue,Previous Month Active Subscribers,8777
01-05-2027,Subscribers & Revenue,Previous Month Active Subscribers,9426
01-06-2027,Subscribers & Revenue,Previous Month Active Subscribers,10121
01-07-2027,Subscribers & Revenue,Previous Month Active Subscribers,10865
01-08-2027,Subscribers & Revenue,Previous Month Active Subscribers,11661
01-09-2027,Subscribers & Revenue,Previous Month Active Subscribers,12513
01-10-2027,Subscribers & Revenue,Previous Month Active Subscribers,13425
01-11-2027,Subscribers & Revenue,Previous Month Active Subscribers,14401
01-12-2027,Subscribers & Revenue,Previous Month Active Subscribers,15446
01-01-2028,Subscribers & Revenue,Previous Month Active Subscribers,16565
01-02-2028,Subscribers & Revenue,Previous Month Active Subscribers,17762
01-03-2028,Subscribers & Revenue,Previous Month Active Subscribers,19043
01-04-2028,Subscribers & Revenue,Previous Month Active Subscribers,20413
01-05-2028,Subscribers & Revenue,Previous Month Active Subscribers,21880
01-06-2028,Subscribers & Revenue,Previous Month Active Subscribers,23450
01-07-2028,Subscribers & Revenue,Previous Month Active Subscribers,25130
01-08-2028,Subscribers & Revenue,Previous Month Active Subscribers,26927
01-09-2028,Subscribers & Revenue,Previous Month Active Subscribers,28850
01-10-2028,Subscribers & Revenue,Previous Month Active Subscribers,30907
01-11-2028,Subscribers & Revenue,Previous Month Active Subscribers,33107
01-12-2028,Subscribers & Revenue,Previous Month Active Subscribers,35461
01-01-2024,Subscribers & Revenue,(+) New Subscribers,55
01-02-2024,Subscribers & Revenue,(+) New Subscribers,59
01-03-2024,Subscribers & Revenue,(+) New Subscribers,63
01-04-2024,Subscribers & Revenue,(+) New Subscribers,67
01-05-2024,Subscribers & Revenue,(+) New Subscribers,72
01-06-2024,Subscribers & Revenue,(+) New Subscribers,77
01-07-2024,Subscribers & Revenue,(+) New Subscribers,82
01-08-2024,Subscribers & Revenue,(+) New Subscribers,88
01-09-2024,Subscribers & Revenue,(+) New Subscribers,94
01-10-2024,Subscribers & Revenue,(+) New Subscribers,101
01-11-2024,Subscribers & Revenue,(+) New Subscribers,108
01-12-2024,Subscribers & Revenue,(+) New Subscribers,116
01-01-2025,Subscribers & Revenue,(+) New Subscribers,124
01-02-2025,Subscribers & Revenue,(+) New Subscribers,133
01-03-2025,Subscribers & Revenue,(+) New Subscribers,142
01-04-2025,Subscribers & Revenue,(+) New Subscribers,152
01-05-2025,Subscribers & Revenue,(+) New Subscribers,163
01-06-2025,Subscribers & Revenue,(+) New Subscribers,174
01-07-2025,Subscribers & Revenue,(+) New Subscribers,186
01-08-2025,Subscribers & Revenue,(+) New Subscribers,199
01-09-2025,Subscribers & Revenue,(+) New Subscribers,213
01-10-2025,Subscribers & Revenue,(+) New Subscribers,228
01-11-2025,Subscribers & Revenue,(+) New Subscribers,244
01-12-2025,Subscribers & Revenue,(+) New Subscribers,261
01-01-2026,Subscribers & Revenue,(+) New Subscribers,279
01-02-2026,Subscribers & Revenue,(+) New Subscribers,299
01-03-2026,Subscribers & Revenue,(+) New Subscribers,320
01-04-2026,Subscribers & Revenue,(+) New Subscribers,342
01-05-2026,Subscribers & Revenue,(+) New Subscribers,366
01-06-2026,Subscribers & Revenue,(+) New Subscribers,392
01-07-2026,Subscribers & Revenue,(+) New Subscribers,419
01-08-2026,Subscribers & Revenue,(+) New Subscribers,448
01-09-2026,Subscribers & Revenue,(+) New Subscribers,479
01-10-2026,Subscribers & Revenue,(+) New Subscribers,513
01-11-2026,Subscribers & Revenue,(+) New Subscribers,549
01-12-2026,Subscribers & Revenue,(+) New Subscribers,587
01-01-2027,Subscribers & Revenue,(+) New Subscribers,628
01-02-2027,Subscribers & Revenue,(+) New Subscribers,672
01-03-2027,Subscribers & Revenue,(+) New Subscribers,719
01-04-2027,Subscribers & Revenue,(+) New Subscribers,769
01-05-2027,Subscribers & Revenue,(+) New Subscribers,823
01-06-2027,Subscribers & Revenue,(+) New Subscribers,881
01-07-2027,Subscribers & Revenue,(+) New Subscribers,943
01-08-2027,Subscribers & Revenue,(+) New Subscribers,1009
01-09-2027,Subscribers & Revenue,(+) New Subscribers,1080
01-10-2027,Subscribers & Revenue,(+) New Subscribers,1156
01-11-2027,Subscribers & Revenue,(+) New Subscribers,1237
01-12-2027,Subscribers & Revenue,(+) New Subscribers,1324
01-01-2028,Subscribers & Revenue,(+) New Subscribers,1417
01-02-2028,Subscribers & Revenue,(+) New Subscribers,1516
01-03-2028,Subscribers & Revenue,(+) New Subscribers,1622
01-04-2028,Subscribers & Revenue,(+) New Subscribers,1736
01-05-2028,Subscribers & Revenue,(+) New Subscribers,1858
01-06-2028,Subscribers & Revenue,(+) New Subscribers,1988
01-07-2028,Subscribers & Revenue,(+) New Subscribers,2127
01-08-2028,Subscribers & Revenue,(+) New Subscribers,2276
01-09-2028,Subscribers & Revenue,(+) New Subscribers,2435
01-10-2028,Subscribers & Revenue,(+) New Subscribers,2605
01-11-2028,Subscribers & Revenue,(+) New Subscribers,2787
01-12-2028,Subscribers & Revenue,(+) New Subscribers,2982
01-02-2024,Subscribers & Revenue,(–) Churned Subscribers,0
01-03-2024,Subscribers & Revenue,(–) Churned Subscribers,0
01-04-2024,Subscribers & Revenue,(–) Churned Subscribers,0
01-05-2024,Subscribers & Revenue,(–) Churned Subscribers,0
01-06-2024,Subscribers & Revenue,(–) Churned Subscribers,0
01-07-2024,Subscribers & Revenue,(–) Churned Subscribers,0
01-08-2024,Subscribers & Revenue,(–) Churned Subscribers,0
01-09-2024,Subscribers & Revenue,(–) Churned Subscribers,0
01-10-2024,Subscribers & Revenue,(–) Churned Subscribers,0
01-11-2024,Subscribers & Revenue,(–) Churned Subscribers,0
01-12-2024,Subscribers & Revenue,(–) Churned Subscribers,0
01-01-2025,Subscribers & Revenue,(–) Churned Subscribers,-19
01-02-2025,Subscribers & Revenue,(–) Churned Subscribers,-21
01-03-2025,Subscribers & Revenue,(–) Churned Subscribers,-22
01-04-2025,Subscribers & Revenue,(–) Churned Subscribers,-23
01-05-2025,Subscribers & Revenue,(–) Churned Subscribers,-25
01-06-2025,Subscribers & Revenue,(–) Churned Subscribers,-27
01-07-2025,Subscribers & Revenue,(–) Churned Subscribers,-29
01-08-2025,Subscribers & Revenue,(–) Churned Subscribers,-31
01-09-2025,Subscribers & Revenue,(–) Churned Subscribers,-33
01-10-2025,Subscribers & Revenue,(–) Churned Subscribers,-35
01-11-2025,Subscribers & Revenue,(–) Churned Subscribers,-38
01-12-2025,Subscribers & Revenue,(–) Churned Subscribers,-41
01-01-2026,Subscribers & Revenue,(–) Churned Subscribers,-43
01-02-2026,Subscribers & Revenue,(–) Churned Subscribers,-47
01-03-2026,Subscribers & Revenue,(–) Churned Subscribers,-50
01-04-2026,Subscribers & Revenue,(–) Churned Subscribers,-53
01-05-2026,Subscribers & Revenue,(–) Churned Subscribers,-57
01-06-2026,Subscribers & Revenue,(–) Churned Subscribers,-61
01-07-2026,Subscribers & Revenue,(–) Churned Subscribers,-65
01-08-2026,Subscribers & Revenue,(–) Churned Subscribers,-70
01-09-2026,Subscribers & Revenue,(–) Churned Subscribers,-75
01-10-2026,Subscribers & Revenue,(–) Churned Subscribers,-80
01-11-2026,Subscribers & Revenue,(–) Churned Subscribers,-85
01-12-2026,Subscribers & Revenue,(–) Churned Subscribers,-91
01-01-2027,Subscribers & Revenue,(–) Churned Subscribers,-98
01-02-2027,Subscribers & Revenue,(–) Churned Subscribers,-105
01-03-2027,Subscribers & Revenue,(–) Churned Subscribers,-112
01-04-2027,Subscribers & Revenue,(–) Churned Subscribers,-120
01-05-2027,Subscribers & Revenue,(–) Churned Subscribers,-128
01-06-2027,Subscribers & Revenue,(–) Churned Subscribers,-137
01-07-2027,Subscribers & Revenue,(–) Churned Subscribers,-147
01-08-2027,Subscribers & Revenue,(–) Churned Subscribers,-157
01-09-2027,Subscribers & Revenue,(–) Churned Subscribers,-168
01-10-2027,Subscribers & Revenue,(–) Churned Subscribers,-180
01-11-2027,Subscribers & Revenue,(–) Churned Subscribers,-192
01-12-2027,Subscribers & Revenue,(–) Churned Subscribers,-205
01-01-2028,Subscribers & Revenue,(–) Churned Subscribers,-220
01-02-2028,Subscribers & Revenue,(–) Churned Subscribers,-235
01-03-2028,Subscribers & Revenue,(–) Churned Subscribers,-252
01-04-2028,Subscribers & Revenue,(–) Churned Subscribers,-269
01-05-2028,Subscribers & Revenue,(–) Churned Subscribers,-288
01-06-2028,Subscribers & Revenue,(–) Churned Subscribers,-308
01-07-2028,Subscribers & Revenue,(–) Churned Subscribers,-330
01-08-2028,Subscribers & Revenue,(–) Churned Subscribers,-353
01-09-2028,Subscribers & Revenue,(–) Churned Subscribers,-378
01-10-2028,Subscribers & Revenue,(–) Churned Subscribers,-405
01-11-2028,Subscribers & Revenue,(–) Churned Subscribers,-433
01-12-2028,Subscribers & Revenue,(–) Churned Subscribers,-463
01-01-2024,Subscribers & Revenue,Active Annual Subscribers,55
01-02-2024,Subscribers & Revenue,Active Annual Subscribers,114
01-03-2024,Subscribers & Revenue,Active Annual Subscribers,177
01-04-2024,Subscribers & Revenue,Active Annual Subscribers,244
01-05-2024,Subscribers & Revenue,Active Annual Subscribers,316
01-06-2024,Subscribers & Revenue,Active Annual Subscribers,393
01-07-2024,Subscribers & Revenue,Active Annual Subscribers,475
01-08-2024,Subscribers & Revenue,Active Annual Subscribers,563
01-09-2024,Subscribers & Revenue,Active Annual Subscribers,657
01-10-2024,Subscribers & Revenue,Active Annual Subscribers,758
01-11-2024,Subscribers & Revenue,Active Annual Subscribers,866
01-12-2024,Subscribers & Revenue,Active Annual Subscribers,982
01-01-2025,Subscribers & Revenue,Active Annual Subscribers,1087
01-02-2025,Subscribers & Revenue,Active Annual Subscribers,1199
01-03-2025,Subscribers & Revenue,Active Annual Subscribers,1319
01-04-2025,Subscribers & Revenue,Active Annual Subscribers,1448
01-05-2025,Subscribers & Revenue,Active Annual Subscribers,1586
01-06-2025,Subscribers & Revenue,Active Annual Subscribers,1733
01-07-2025,Subscribers & Revenue,Active Annual Subscribers,1890
01-08-2025,Subscribers & Revenue,Active Annual Subscribers,2058
01-09-2025,Subscribers & Revenue,Active Annual Subscribers,2238
01-10-2025,Subscribers & Revenue,Active Annual Subscribers,2431
01-11-2025,Subscribers & Revenue,Active Annual Subscribers,2637
01-12-2025,Subscribers & Revenue,Active Annual Subscribers,2857
01-01-2026,Subscribers & Revenue,Active Annual Subscribers,3093
01-02-2026,Subscribers & Revenue,Active Annual Subscribers,3345
01-03-2026,Subscribers & Revenue,Active Annual Subscribers,3615
01-04-2026,Subscribers & Revenue,Active Annual Subscribers,3904
01-05-2026,Subscribers & Revenue,Active Annual Subscribers,4213
01-06-2026,Subscribers & Revenue,Active Annual Subscribers,4544
01-07-2026,Subscribers & Revenue,Active Annual Subscribers,4898
01-08-2026,Subscribers & Revenue,Active Annual Subscribers,5276
01-09-2026,Subscribers & Revenue,Active Annual Subscribers,5680
01-10-2026,Subscribers & Revenue,Active Annual Subscribers,6113
01-11-2026,Subscribers & Revenue,Active Annual Subscribers,6577
01-12-2026,Subscribers & Revenue,Active Annual Subscribers,7073
01-01-2027,Subscribers & Revenue,Active Annual Subscribers,7603
01-02-2027,Subscribers & Revenue,Active Annual Subscribers,8170
01-03-2027,Subscribers & Revenue,Active Annual Subscribers,8777
01-04-2027,Subscribers & Revenue,Active Annual Subscribers,9426
01-05-2027,Subscribers & Revenue,Active Annual Subscribers,10121
01-06-2027,Subscribers & Revenue,Active Annual Subscribers,10865
01-07-2027,Subscribers & Revenue,Active Annual Subscribers,11661
01-08-2027,Subscribers & Revenue,Active Annual Subscribers,12513
01-09-2027,Subscribers & Revenue,Active Annual Subscribers,13425
01-10-2027,Subscribers & Revenue,Active Annual Subscribers,14401
01-11-2027,Subscribers & Revenue,Active Annual Subscribers,15446
01-12-2027,Subscribers & Revenue,Active Annual Subscribers,16565
01-01-2028,Subscribers & Revenue,Active Annual Subscribers,17762
01-02-2028,Subscribers & Revenue,Active Annual Subscribers,19043
01-03-2028,Subscribers & Revenue,Active Annual Subscribers,20413
01-04-2028,Subscribers & Revenue,Active Annual Subscribers,21880
01-05-2028,Subscribers & Revenue,Active Annual Subscribers,23450
01-06-2028,Subscribers & Revenue,Active Annual Subscribers,25130
01-07-2028,Subscribers & Revenue,Active Annual Subscribers,26927
01-08-2028,Subscribers & Revenue,Active Annual Subscribers,28850
01-09-2028,Subscribers & Revenue,Active Annual Subscribers,30907
01-10-2028,Subscribers & Revenue,Active Annual Subscribers,33107
01-11-2028,Subscribers & Revenue,Active Annual Subscribers,35461
01-12-2028,Subscribers & Revenue,Active Annual Subscribers,37980
01-01-2024,Subscribers & Revenue,Memo: Renewals,0
01-02-2024,Subscribers & Revenue,Memo: Renewals,0
01-03-2024,Subscribers & Revenue,Memo: Renewals,0
01-04-2024,Subscribers & Revenue,Memo: Renewals,0
01-05-2024,Subscribers & Revenue,Memo: Renewals,0
01-06-2024,Subscribers & Revenue,Memo: Renewals,0
01-07-2024,Subscribers & Revenue,Memo: Renewals,0
01-08-2024,Subscribers & Revenue,Memo: Renewals,0
01-09-2024,Subscribers & Revenue,Memo: Renewals,0
01-10-2024,Subscribers & Revenue,Memo: Renewals,0
01-11-2024,Subscribers & Revenue,Memo: Renewals,0
01-12-2024,Subscribers & Revenue,Memo: Renewals,0
01-01-2025,Subscribers & Revenue,Memo: Renewals,36
01-02-2025,Subscribers & Revenue,Memo: Renewals,38
01-03-2025,Subscribers & Revenue,Memo: Renewals,41
01-04-2025,Subscribers & Revenue,Memo: Renewals,44
01-05-2025,Subscribers & Revenue,Memo: Renewals,47
01-06-2025,Subscribers & Revenue,Memo: Renewals,50
01-07-2025,Subscribers & Revenue,Memo: Renewals,53
01-08-2025,Subscribers & Revenue,Memo: Renewals,57
01-09-2025,Subscribers & Revenue,Memo: Renewals,61
01-10-2025,Subscribers & Revenue,Memo: Renewals,66
01-11-2025,Subscribers & Revenue,Memo: Renewals,70
01-12-2025,Subscribers & Revenue,Memo: Renewals,75
01-01-2026,Subscribers & Revenue,Memo: Renewals,81
01-02-2026,Subscribers & Revenue,Memo: Renewals,86
01-03-2026,Subscribers & Revenue,Memo: Renewals,92
01-04-2026,Subscribers & Revenue,Memo: Renewals,99
01-05-2026,Subscribers & Revenue,Memo: Renewals,106
01-06-2026,Subscribers & Revenue,Memo: Renewals,113
01-07-2026,Subscribers & Revenue,Memo: Renewals,121
01-08-2026,Subscribers & Revenue,Memo: Renewals,129
01-09-2026,Subscribers & Revenue,Memo: Renewals,138
01-10-2026,Subscribers & Revenue,Memo: Renewals,148
01-11-2026,Subscribers & Revenue,Memo: Renewals,159
01-12-2026,Subscribers & Revenue,Memo: Renewals,170
01-01-2027,Subscribers & Revenue,Memo: Renewals,181
01-02-2027,Subscribers & Revenue,Memo: Renewals,194
01-03-2027,Subscribers & Revenue,Memo: Renewals,208
01-04-2027,Subscribers & Revenue,Memo: Renewals,222
01-05-2027,Subscribers & Revenue,Memo: Renewals,238
01-06-2027,Subscribers & Revenue,Memo: Renewals,255
01-07-2027,Subscribers & Revenue,Memo: Renewals,272
01-08-2027,Subscribers & Revenue,Memo: Renewals,291
01-09-2027,Subscribers & Revenue,Memo: Renewals,311
01-10-2027,Subscribers & Revenue,Memo: Renewals,333
01-11-2027,Subscribers & Revenue,Memo: Renewals,357
01-12-2027,Subscribers & Revenue,Memo: Renewals,382
01-01-2028,Subscribers & Revenue,Memo: Renewals,408
01-02-2028,Subscribers & Revenue,Memo: Renewals,437
01-03-2028,Subscribers & Revenue,Memo: Renewals,467
01-04-2028,Subscribers & Revenue,Memo: Renewals,500
01-05-2028,Subscribers & Revenue,Memo: Renewals,535
01-06-2028,Subscribers & Revenue,Memo: Renewals,573
01-07-2028,Subscribers & Revenue,Memo: Renewals,613
01-08-2028,Subscribers & Revenue,Memo: Renewals,656
01-09-2028,Subscribers & Revenue,Memo: Renewals,702
01-10-2028,Subscribers & Revenue,Memo: Renewals,751
01-11-2028,Subscribers & Revenue,Memo: Renewals,804
01-12-2028,Subscribers & Revenue,Memo: Renewals,861
01-01-2024,Subscribers & Revenue,New Subscribers,145
01-02-2024,Subscribers & Revenue,New Subscribers,158
01-03-2024,Subscribers & Revenue,New Subscribers,172
01-04-2024,Subscribers & Revenue,New Subscribers,187
01-05-2024,Subscribers & Revenue,New Subscribers,204
01-06-2024,Subscribers & Revenue,New Subscribers,222
01-07-2024,Subscribers & Revenue,New Subscribers,242
01-08-2024,Subscribers & Revenue,New Subscribers,264
01-09-2024,Subscribers & Revenue,New Subscribers,288
01-10-2024,Subscribers & Revenue,New Subscribers,314
01-11-2024,Subscribers & Revenue,New Subscribers,342
01-12-2024,Subscribers & Revenue,New Subscribers,373
01-01-2025,Subscribers & Revenue,New Subscribers,407
01-02-2025,Subscribers & Revenue,New Subscribers,444
01-03-2025,Subscribers & Revenue,New Subscribers,484
01-04-2025,Subscribers & Revenue,New Subscribers,528
01-05-2025,Subscribers & Revenue,New Subscribers,577
01-06-2025,Subscribers & Revenue,New Subscribers,629
01-07-2025,Subscribers & Revenue,New Subscribers,687
01-08-2025,Subscribers & Revenue,New Subscribers,750
01-09-2025,Subscribers & Revenue,New Subscribers,819
01-10-2025,Subscribers & Revenue,New Subscribers,895
01-11-2025,Subscribers & Revenue,New Subscribers,978
01-12-2025,Subscribers & Revenue,New Subscribers,1068
01-01-2026,Subscribers & Revenue,New Subscribers,1167
01-02-2026,Subscribers & Revenue,New Subscribers,1276
01-03-2026,Subscribers & Revenue,New Subscribers,1395
01-04-2026,Subscribers & Revenue,New Subscribers,1525
01-05-2026,Subscribers & Revenue,New Subscribers,1667
01-06-2026,Subscribers & Revenue,New Subscribers,1823
01-07-2026,Subscribers & Revenue,New Subscribers,1993
01-08-2026,Subscribers & Revenue,New Subscribers,2179
01-09-2026,Subscribers & Revenue,New Subscribers,2383
01-10-2026,Subscribers & Revenue,New Subscribers,2607
01-11-2026,Subscribers & Revenue,New Subscribers,2852
01-12-2026,Subscribers & Revenue,New Subscribers,3120
01-01-2027,Subscribers & Revenue,New Subscribers,3414
01-02-2027,Subscribers & Revenue,New Subscribers,3737
01-03-2027,Subscribers & Revenue,New Subscribers,4091
01-04-2027,Subscribers & Revenue,New Subscribers,4478
01-05-2027,Subscribers & Revenue,New Subscribers,4903
01-06-2027,Subscribers & Revenue,New Subscribers,5369
01-07-2027,Subscribers & Revenue,New Subscribers,5880
01-08-2027,Subscribers & Revenue,New Subscribers,6440
01-09-2027,Subscribers & Revenue,New Subscribers,7054
01-10-2027,Subscribers & Revenue,New Subscribers,7727
01-11-2027,Subscribers & Revenue,New Subscribers,8465
01-12-2027,Subscribers & Revenue,New Subscribers,9275
01-01-2028,Subscribers & Revenue,New Subscribers,10163
01-02-2028,Subscribers & Revenue,New Subscribers,11137
01-03-2028,Subscribers & Revenue,New Subscribers,12205
01-04-2028,Subscribers & Revenue,New Subscribers,13377
01-05-2028,Subscribers & Revenue,New Subscribers,14663
01-06-2028,Subscribers & Revenue,New Subscribers,16074
01-07-2028,Subscribers & Revenue,New Subscribers,17622
01-08-2028,Subscribers & Revenue,New Subscribers,19321
01-09-2028,Subscribers & Revenue,New Subscribers,21185
01-10-2028,Subscribers & Revenue,New Subscribers,23230
01-11-2028,Subscribers & Revenue,New Subscribers,25475
01-12-2028,Subscribers & Revenue,New Subscribers,27939
01-01-2024,Subscribers & Revenue,Total Active Subscribers,145
01-02-2024,Subscribers & Revenue,Total Active Subscribers,289
01-03-2024,Subscribers & Revenue,Total Active Subscribers,435
01-04-2024,Subscribers & Revenue,Total Active Subscribers,583
01-05-2024,Subscribers & Revenue,Total Active Subscribers,736
01-06-2024,Subscribers & Revenue,Total Active Subscribers,895
01-07-2024,Subscribers & Revenue,Total Active Subscribers,1062
01-08-2024,Subscribers & Revenue,Total Active Subscribers,1238
01-09-2024,Subscribers & Revenue,Total Active Subscribers,1425
01-10-2024,Subscribers & Revenue,Total Active Subscribers,1624
01-11-2024,Subscribers & Revenue,Total Active Subscribers,1836
01-12-2024,Subscribers & Revenue,Total Active Subscribers,2063
01-01-2025,Subscribers & Revenue,Total Active Subscribers,2289
01-02-2025,Subscribers & Revenue,Total Active Subscribers,2532
01-03-2025,Subscribers & Revenue,Total Active Subscribers,2794
01-04-2025,Subscribers & Revenue,Total Active Subscribers,3078
01-05-2025,Subscribers & Revenue,Total Active Subscribers,3385
01-06-2025,Subscribers & Revenue,Total Active Subscribers,3717
01-07-2025,Subscribers & Revenue,Total Active Subscribers,4077
01-08-2025,Subscribers & Revenue,Total Active Subscribers,4468
01-09-2025,Subscribers & Revenue,Total Active Subscribers,4892
01-10-2025,Subscribers & Revenue,Total Active Subscribers,5354
01-11-2025,Subscribers & Revenue,Total Active Subscribers,5856
01-12-2025,Subscribers & Revenue,Total Active Subscribers,6400
01-01-2026,Subscribers & Revenue,Total Active Subscribers,6993
01-02-2026,Subscribers & Revenue,Total Active Subscribers,7637
01-03-2026,Subscribers & Revenue,Total Active Subscribers,8338
01-04-2026,Subscribers & Revenue,Total Active Subscribers,9102
01-05-2026,Subscribers & Revenue,Total Active Subscribers,9932
01-06-2026,Subscribers & Revenue,Total Active Subscribers,10836
01-07-2026,Subscribers & Revenue,Total Active Subscribers,11820
01-08-2026,Subscribers & Revenue,Total Active Subscribers,12891
01-09-2026,Subscribers & Revenue,Total Active Subscribers,14057
01-10-2026,Subscribers & Revenue,Total Active Subscribers,15327
01-11-2026,Subscribers & Revenue,Total Active Subscribers,16712
01-12-2026,Subscribers & Revenue,Total Active Subscribers,18221
01-01-2027,Subscribers & Revenue,Total Active Subscribers,19865
01-02-2027,Subscribers & Revenue,Total Active Subscribers,21658
01-03-2027,Subscribers & Revenue,Total Active Subscribers,23614
01-04-2027,Subscribers & Revenue,Total Active Subscribers,25746
01-05-2027,Subscribers & Revenue,Total Active Subscribers,28073
01-06-2027,Subscribers & Revenue,Total Active Subscribers,30612
01-07-2027,Subscribers & Revenue,Total Active Subscribers,33383
01-08-2027,Subscribers & Revenue,Total Active Subscribers,36408
01-09-2027,Subscribers & Revenue,Total Active Subscribers,39710
01-10-2027,Subscribers & Revenue,Total Active Subscribers,43314
01-11-2027,Subscribers & Revenue,Total Active Subscribers,47250
01-12-2027,Subscribers & Revenue,Total Active Subscribers,51549
01-01-2028,Subscribers & Revenue,Total Active Subscribers,56244
01-02-2028,Subscribers & Revenue,Total Active Subscribers,61374
01-03-2028,Subscribers & Revenue,Total Active Subscribers,66977
01-04-2028,Subscribers & Revenue,Total Active Subscribers,73100
01-05-2028,Subscribers & Revenue,Total Active Subscribers,79792
01-06-2028,Subscribers & Revenue,Total Active Subscribers,87107
01-07-2028,Subscribers & Revenue,Total Active Subscribers,95102
01-08-2028,Subscribers & Revenue,Total Active Subscribers,103844
01-09-2028,Subscribers & Revenue,Total Active Subscribers,113402
01-10-2028,Subscribers & Revenue,Total Active Subscribers,123853
01-11-2028,Subscribers & Revenue,Total Active Subscribers,135283
01-12-2028,Subscribers & Revenue,Total Active Subscribers,147786
01-01-2024,Subscribers & Revenue,Monthly Plan Price / month,30
01-02-2024,Subscribers & Revenue,Monthly Plan Price / month,30
01-03-2024,Subscribers & Revenue,Monthly Plan Price / month,30
01-04-2024,Subscribers & Revenue,Monthly Plan Price / month,30
01-05-2024,Subscribers & Revenue,Monthly Plan Price / month,30
01-06-2024,Subscribers & Revenue,Monthly Plan Price / month,30
01-07-2024,Subscribers & Revenue,Monthly Plan Price / month,30
01-08-2024,Subscribers & Revenue,Monthly Plan Price / month,30
01-09-2024,Subscribers & Revenue,Monthly Plan Price / month,30
01-10-2024,Subscribers & Revenue,Monthly Plan Price / month,30
01-11-2024,Subscribers & Revenue,Monthly Plan Price / month,30
01-12-2024,Subscribers & Revenue,Monthly Plan Price / month,30
01-01-2025,Subscribers & Revenue,Monthly Plan Price / month,30
01-02-2025,Subscribers & Revenue,Monthly Plan Price / month,30
01-03-2025,Subscribers & Revenue,Monthly Plan Price / month,30
01-04-2025,Subscribers & Revenue,Monthly Plan Price / month,30
01-05-2025,Subscribers & Revenue,Monthly Plan Price / month,30
01-06-2025,Subscribers & Revenue,Monthly Plan Price / month,30
01-07-2025,Subscribers & Revenue,Monthly Plan Price / month,30
01-08-2025,Subscribers & Revenue,Monthly Plan Price / month,30
01-09-2025,Subscribers & Revenue,Monthly Plan Price / month,30
01-10-2025,Subscribers & Revenue,Monthly Plan Price / month,30
01-11-2025,Subscribers & Revenue,Monthly Plan Price / month,30
01-12-2025,Subscribers & Revenue,Monthly Plan Price / month,30
01-01-2026,Subscribers & Revenue,Monthly Plan Price / month,30
01-02-2026,Subscribers & Revenue,Monthly Plan Price / month,30
01-03-2026,Subscribers & Revenue,Monthly Plan Price / month,30
01-04-2026,Subscribers & Revenue,Monthly Plan Price / month,30
01-05-2026,Subscribers & Revenue,Monthly Plan Price / month,30
01-06-2026,Subscribers & Revenue,Monthly Plan Price / month,30
01-07-2026,Subscribers & Revenue,Monthly Plan Price / month,30
01-08-2026,Subscribers & Revenue,Monthly Plan Price / month,30
01-09-2026,Subscribers & Revenue,Monthly Plan Price / month,30
01-10-2026,Subscribers & Revenue,Monthly Plan Price / month,30
01-11-2026,Subscribers & Revenue,Monthly Plan Price / month,30
01-12-2026,Subscribers & Revenue,Monthly Plan Price / month,30
01-01-2027,Subscribers & Revenue,Monthly Plan Price / month,30
01-02-2027,Subscribers & Revenue,Monthly Plan Price / month,30
01-03-2027,Subscribers & Revenue,Monthly Plan Price / month,30
01-04-2027,Subscribers & Revenue,Monthly Plan Price / month,30
01-05-2027,Subscribers & Revenue,Monthly Plan Price / month,30
01-06-2027,Subscribers & Revenue,Monthly Plan Price / month,30
01-07-2027,Subscribers & Revenue,Monthly Plan Price / month,30
01-08-2027,Subscribers & Revenue,Monthly Plan Price / month,30
01-09-2027,Subscribers & Revenue,Monthly Plan Price / month,30
01-10-2027,Subscribers & Revenue,Monthly Plan Price / month,30
01-11-2027,Subscribers & Revenue,Monthly Plan Price / month,30
01-12-2027,Subscribers & Revenue,Monthly Plan Price / month,30
01-01-2028,Subscribers & Revenue,Monthly Plan Price / month,30
01-02-2028,Subscribers & Revenue,Monthly Plan Price / month,30
01-03-2028,Subscribers & Revenue,Monthly Plan Price / month,30
01-04-2028,Subscribers & Revenue,Monthly Plan Price / month,30
01-05-2028,Subscribers & Revenue,Monthly Plan Price / month,30
01-06-2028,Subscribers & Revenue,Monthly Plan Price / month,30
01-07-2028,Subscribers & Revenue,Monthly Plan Price / month,30
01-08-2028,Subscribers & Revenue,Monthly Plan Price / month,30
01-09-2028,Subscribers & Revenue,Monthly Plan Price / month,30
01-10-2028,Subscribers & Revenue,Monthly Plan Price / month,30
01-11-2028,Subscribers & Revenue,Monthly Plan Price / month,30
01-12-2028,Subscribers & Revenue,Monthly Plan Price / month,30
01-01-2024,Subscribers & Revenue,Monthly Plan Bookings,2700
01-02-2024,Subscribers & Revenue,Monthly Plan Bookings,5250
01-03-2024,Subscribers & Revenue,Monthly Plan Bookings,7740
01-04-2024,Subscribers & Revenue,Monthly Plan Bookings,10170
01-05-2024,Subscribers & Revenue,Monthly Plan Bookings,12600
01-06-2024,Subscribers & Revenue,Monthly Plan Bookings,15060
01-07-2024,Subscribers & Revenue,Monthly Plan Bookings,17610
01-08-2024,Subscribers & Revenue,Monthly Plan Bookings,20250
01-09-2024,Subscribers & Revenue,Monthly Plan Bookings,23040
01-10-2024,Subscribers & Revenue,Monthly Plan Bookings,25980
01-11-2024,Subscribers & Revenue,Monthly Plan Bookings,29100
01-12-2024,Subscribers & Revenue,Monthly Plan Bookings,32430
01-01-2025,Subscribers & Revenue,Monthly Plan Bookings,36060
01-02-2025,Subscribers & Revenue,Monthly Plan Bookings,39990
01-03-2025,Subscribers & Revenue,Monthly Plan Bookings,44250
01-04-2025,Subscribers & Revenue,Monthly Plan Bookings,48900
01-05-2025,Subscribers & Revenue,Monthly Plan Bookings,53970
01-06-2025,Subscribers & Revenue,Monthly Plan Bookings,59520
01-07-2025,Subscribers & Revenue,Monthly Plan Bookings,65610
01-08-2025,Subscribers & Revenue,Monthly Plan Bookings,72300
01-09-2025,Subscribers & Revenue,Monthly Plan Bookings,79620
01-10-2025,Subscribers & Revenue,Monthly Plan Bookings,87690
01-11-2025,Subscribers & Revenue,Monthly Plan Bookings,96570
01-12-2025,Subscribers & Revenue,Monthly Plan Bookings,106290
01-01-2026,Subscribers & Revenue,Monthly Plan Bookings,117000
01-02-2026,Subscribers & Revenue,Monthly Plan Bookings,128760
01-03-2026,Subscribers & Revenue,Monthly Plan Bookings,141690
01-04-2026,Subscribers & Revenue,Monthly Plan Bookings,155940
01-05-2026,Subscribers & Revenue,Monthly Plan Bookings,171570
01-06-2026,Subscribers & Revenue,Monthly Plan Bookings,188760
01-07-2026,Subscribers & Revenue,Monthly Plan Bookings,207660
01-08-2026,Subscribers & Revenue,Monthly Plan Bookings,228450
01-09-2026,Subscribers & Revenue,Monthly Plan Bookings,251310
01-10-2026,Subscribers & Revenue,Monthly Plan Bookings,276420
01-11-2026,Subscribers & Revenue,Monthly Plan Bookings,304050
01-12-2026,Subscribers & Revenue,Monthly Plan Bookings,334440
01-01-2027,Subscribers & Revenue,Monthly Plan Bookings,367860
01-02-2027,Subscribers & Revenue,Monthly Plan Bookings,404640
01-03-2027,Subscribers & Revenue,Monthly Plan Bookings,445110
01-04-2027,Subscribers & Revenue,Monthly Plan Bookings,489600
01-05-2027,Subscribers & Revenue,Monthly Plan Bookings,538560
01-06-2027,Subscribers & Revenue,Monthly Plan Bookings,592410
01-07-2027,Subscribers & Revenue,Monthly Plan Bookings,651660
01-08-2027,Subscribers & Revenue,Monthly Plan Bookings,716850
01-09-2027,Subscribers & Revenue,Monthly Plan Bookings,788550
01-10-2027,Subscribers & Revenue,Monthly Plan Bookings,867390
01-11-2027,Subscribers & Revenue,Monthly Plan Bookings,954120
01-12-2027,Subscribers & Revenue,Monthly Plan Bookings,1049520
01-01-2028,Subscribers & Revenue,Monthly Plan Bookings,1154460
01-02-2028,Subscribers & Revenue,Monthly Plan Bookings,1269930
01-03-2028,Subscribers & Revenue,Monthly Plan Bookings,1396920
01-04-2028,Subscribers & Revenue,Monthly Plan Bookings,1536600
01-05-2028,Subscribers & Revenue,Monthly Plan Bookings,1690260
01-06-2028,Subscribers & Revenue,Monthly Plan Bookings,1859310
01-07-2028,Subscribers & Revenue,Monthly Plan Bookings,2045250
01-08-2028,Subscribers & Revenue,Monthly Plan Bookings,2249820
01-09-2028,Subscribers & Revenue,Monthly Plan Bookings,2474850
01-10-2028,Subscribers & Revenue,Monthly Plan Bookings,2722380
01-11-2028,Subscribers & Revenue,Monthly Plan Bookings,2994660
01-12-2028,Subscribers & Revenue,Monthly Plan Bookings,3294180
01-01-2024,Subscribers & Revenue,(+) Renewals,0
01-02-2024,Subscribers & Revenue,(+) Renewals,0
01-03-2024,Subscribers & Revenue,(+) Renewals,0
01-04-2024,Subscribers & Revenue,(+) Renewals,0
01-05-2024,Subscribers & Revenue,(+) Renewals,0
01-06-2024,Subscribers & Revenue,(+) Renewals,0
01-07-2024,Subscribers & Revenue,(+) Renewals,0
01-08-2024,Subscribers & Revenue,(+) Renewals,0
01-09-2024,Subscribers & Revenue,(+) Renewals,0
01-10-2024,Subscribers & Revenue,(+) Renewals,0
01-11-2024,Subscribers & Revenue,(+) Renewals,0
01-12-2024,Subscribers & Revenue,(+) Renewals,0
01-01-2025,Subscribers & Revenue,(+) Renewals,36
01-02-2025,Subscribers & Revenue,(+) Renewals,38
01-03-2025,Subscribers & Revenue,(+) Renewals,41
01-04-2025,Subscribers & Revenue,(+) Renewals,44
01-05-2025,Subscribers & Revenue,(+) Renewals,47
01-06-2025,Subscribers & Revenue,(+) Renewals,50
01-07-2025,Subscribers & Revenue,(+) Renewals,53
01-08-2025,Subscribers & Revenue,(+) Renewals,57
01-09-2025,Subscribers & Revenue,(+) Renewals,61
01-10-2025,Subscribers & Revenue,(+) Renewals,66
01-11-2025,Subscribers & Revenue,(+) Renewals,70
01-12-2025,Subscribers & Revenue,(+) Renewals,75
01-01-2026,Subscribers & Revenue,(+) Renewals,81
01-02-2026,Subscribers & Revenue,(+) Renewals,86
01-03-2026,Subscribers & Revenue,(+) Renewals,92
01-04-2026,Subscribers & Revenue,(+) Renewals,99
01-05-2026,Subscribers & Revenue,(+) Renewals,106
01-06-2026,Subscribers & Revenue,(+) Renewals,113
01-07-2026,Subscribers & Revenue,(+) Renewals,121
01-08-2026,Subscribers & Revenue,(+) Renewals,129
01-09-2026,Subscribers & Revenue,(+) Renewals,138
01-10-2026,Subscribers & Revenue,(+) Renewals,148
01-11-2026,Subscribers & Revenue,(+) Renewals,159
01-12-2026,Subscribers & Revenue,(+) Renewals,170
01-01-2027,Subscribers & Revenue,(+) Renewals,181
01-02-2027,Subscribers & Revenue,(+) Renewals,194
01-03-2027,Subscribers & Revenue,(+) Renewals,208
01-04-2027,Subscribers & Revenue,(+) Renewals,222
01-05-2027,Subscribers & Revenue,(+) Renewals,238
01-06-2027,Subscribers & Revenue,(+) Renewals,255
01-07-2027,Subscribers & Revenue,(+) Renewals,272
01-08-2027,Subscribers & Revenue,(+) Renewals,291
01-09-2027,Subscribers & Revenue,(+) Renewals,311
01-10-2027,Subscribers & Revenue,(+) Renewals,333
01-11-2027,Subscribers & Revenue,(+) Renewals,357
01-12-2027,Subscribers & Revenue,(+) Renewals,382
01-01-2028,Subscribers & Revenue,(+) Renewals,408
01-02-2028,Subscribers & Revenue,(+) Renewals,437
01-03-2028,Subscribers & Revenue,(+) Renewals,467
01-04-2028,Subscribers & Revenue,(+) Renewals,500
01-05-2028,Subscribers & Revenue,(+) Renewals,535
01-06-2028,Subscribers & Revenue,(+) Renewals,573
01-07-2028,Subscribers & Revenue,(+) Renewals,613
01-08-2028,Subscribers & Revenue,(+) Renewals,656
01-09-2028,Subscribers & Revenue,(+) Renewals,702
01-10-2028,Subscribers & Revenue,(+) Renewals,751
01-11-2028,Subscribers & Revenue,(+) Renewals,804
01-12-2028,Subscribers & Revenue,(+) Renewals,861
01-01-2024,Subscribers & Revenue,Total Annual Subscribers,55
01-02-2024,Subscribers & Revenue,Total Annual Subscribers,59
01-03-2024,Subscribers & Revenue,Total Annual Subscribers,63
01-04-2024,Subscribers & Revenue,Total Annual Subscribers,67
01-05-2024,Subscribers & Revenue,Total Annual Subscribers,72
01-06-2024,Subscribers & Revenue,Total Annual Subscribers,77
01-07-2024,Subscribers & Revenue,Total Annual Subscribers,82
01-08-2024,Subscribers & Revenue,Total Annual Subscribers,88
01-09-2024,Subscribers & Revenue,Total Annual Subscribers,94
01-10-2024,Subscribers & Revenue,Total Annual Subscribers,101
01-11-2024,Subscribers & Revenue,Total Annual Subscribers,108
01-12-2024,Subscribers & Revenue,Total Annual Subscribers,116
01-01-2025,Subscribers & Revenue,Total Annual Subscribers,160
01-02-2025,Subscribers & Revenue,Total Annual Subscribers,171
01-03-2025,Subscribers & Revenue,Total Annual Subscribers,183
01-04-2025,Subscribers & Revenue,Total Annual Subscribers,196
01-05-2025,Subscribers & Revenue,Total Annual Subscribers,210
01-06-2025,Subscribers & Revenue,Total Annual Subscribers,224
01-07-2025,Subscribers & Revenue,Total Annual Subscribers,239
01-08-2025,Subscribers & Revenue,Total Annual Subscribers,256
01-09-2025,Subscribers & Revenue,Total Annual Subscribers,274
01-10-2025,Subscribers & Revenue,Total Annual Subscribers,294
01-11-2025,Subscribers & Revenue,Total Annual Subscribers,314
01-12-2025,Subscribers & Revenue,Total Annual Subscribers,336
01-01-2026,Subscribers & Revenue,Total Annual Subscribers,360
01-02-2026,Subscribers & Revenue,Total Annual Subscribers,385
01-03-2026,Subscribers & Revenue,Total Annual Subscribers,412
01-04-2026,Subscribers & Revenue,Total Annual Subscribers,441
01-05-2026,Subscribers & Revenue,Total Annual Subscribers,472
01-06-2026,Subscribers & Revenue,Total Annual Subscribers,505
01-07-2026,Subscribers & Revenue,Total Annual Subscribers,540
01-08-2026,Subscribers & Revenue,Total Annual Subscribers,577
01-09-2026,Subscribers & Revenue,Total Annual Subscribers,617
01-10-2026,Subscribers & Revenue,Total Annual Subscribers,661
01-11-2026,Subscribers & Revenue,Total Annual Subscribers,708
01-12-2026,Subscribers & Revenue,Total Annual Subscribers,757
01-01-2027,Subscribers & Revenue,Total Annual Subscribers,809
01-02-2027,Subscribers & Revenue,Total Annual Subscribers,866
01-03-2027,Subscribers & Revenue,Total Annual Subscribers,927
01-04-2027,Subscribers & Revenue,Total Annual Subscribers,991
01-05-2027,Subscribers & Revenue,Total Annual Subscribers,1061
01-06-2027,Subscribers & Revenue,Total Annual Subscribers,1136
01-07-2027,Subscribers & Revenue,Total Annual Subscribers,1215
01-08-2027,Subscribers & Revenue,Total Annual Subscribers,1300
01-09-2027,Subscribers & Revenue,Total Annual Subscribers,1391
01-10-2027,Subscribers & Revenue,Total Annual Subscribers,1489
01-11-2027,Subscribers & Revenue,Total Annual Subscribers,1594
01-12-2027,Subscribers & Revenue,Total Annual Subscribers,1706
01-01-2028,Subscribers & Revenue,Total Annual Subscribers,1825
01-02-2028,Subscribers & Revenue,Total Annual Subscribers,1953
01-03-2028,Subscribers & Revenue,Total Annual Subscribers,2089
01-04-2028,Subscribers & Revenue,Total Annual Subscribers,2236
01-05-2028,Subscribers & Revenue,Total Annual Subscribers,2393
01-06-2028,Subscribers & Revenue,Total Annual Subscribers,2561
01-07-2028,Subscribers & Revenue,Total Annual Subscribers,2740
01-08-2028,Subscribers & Revenue,Total Annual Subscribers,2932
01-09-2028,Subscribers & Revenue,Total Annual Subscribers,3137
01-10-2028,Subscribers & Revenue,Total Annual Subscribers,3356
01-11-2028,Subscribers & Revenue,Total Annual Subscribers,3591
01-12-2028,Subscribers & Revenue,Total Annual Subscribers,3843
01-01-2024,Subscribers & Revenue,Annual Plan Price / year,330
01-02-2024,Subscribers & Revenue,Annual Plan Price / year,330
01-03-2024,Subscribers & Revenue,Annual Plan Price / year,330
01-04-2024,Subscribers & Revenue,Annual Plan Price / year,330
01-05-2024,Subscribers & Revenue,Annual Plan Price / year,330
01-06-2024,Subscribers & Revenue,Annual Plan Price / year,330
01-07-2024,Subscribers & Revenue,Annual Plan Price / year,330
01-08-2024,Subscribers & Revenue,Annual Plan Price / year,330
01-09-2024,Subscribers & Revenue,Annual Plan Price / year,330
01-10-2024,Subscribers & Revenue,Annual Plan Price / year,330
01-11-2024,Subscribers & Revenue,Annual Plan Price / year,330
01-12-2024,Subscribers & Revenue,Annual Plan Price / year,330
01-01-2025,Subscribers & Revenue,Annual Plan Price / year,330
01-02-2025,Subscribers & Revenue,Annual Plan Price / year,330
01-03-2025,Subscribers & Revenue,Annual Plan Price / year,330
01-04-2025,Subscribers & Revenue,Annual Plan Price / year,330
01-05-2025,Subscribers & Revenue,Annual Plan Price / year,330
01-06-2025,Subscribers & Revenue,Annual Plan Price / year,330
01-07-2025,Subscribers & Revenue,Annual Plan Price / year,330
01-08-2025,Subscribers & Revenue,Annual Plan Price / year,330
01-09-2025,Subscribers & Revenue,Annual Plan Price / year,330
01-10-2025,Subscribers & Revenue,Annual Plan Price / year,330
01-11-2025,Subscribers & Revenue,Annual Plan Price / year,330
01-12-2025,Subscribers & Revenue,Annual Plan Price / year,330
01-01-2026,Subscribers & Revenue,Annual Plan Price / year,330
01-02-2026,Subscribers & Revenue,Annual Plan Price / year,330
01-03-2026,Subscribers & Revenue,Annual Plan Price / year,330
01-04-2026,Subscribers & Revenue,Annual Plan Price / year,330
01-05-2026,Subscribers & Revenue,Annual Plan Price / year,330
01-06-2026,Subscribers & Revenue,Annual Plan Price / year,330
01-07-2026,Subscribers & Revenue,Annual Plan Price / year,330
01-08-2026,Subscribers & Revenue,Annual Plan Price / year,330
01-09-2026,Subscribers & Revenue,Annual Plan Price / year,330
01-10-2026,Subscribers & Revenue,Annual Plan Price / year,330
01-11-2026,Subscribers & Revenue,Annual Plan Price / year,330
01-12-2026,Subscribers & Revenue,Annual Plan Price / year,330
01-01-2027,Subscribers & Revenue,Annual Plan Price / year,330
01-02-2027,Subscribers & Revenue,Annual Plan Price / year,330
01-03-2027,Subscribers & Revenue,Annual Plan Price / year,330
01-04-2027,Subscribers & Revenue,Annual Plan Price / year,330
01-05-2027,Subscribers & Revenue,Annual Plan Price / year,330
01-06-2027,Subscribers & Revenue,Annual Plan Price / year,330
01-07-2027,Subscribers & Revenue,Annual Plan Price / year,330
01-08-2027,Subscribers & Revenue,Annual Plan Price / year,330
01-09-2027,Subscribers & Revenue,Annual Plan Price / year,330
01-10-2027,Subscribers & Revenue,Annual Plan Price / year,330
01-11-2027,Subscribers & Revenue,Annual Plan Price / year,330
01-12-2027,Subscribers & Revenue,Annual Plan Price / year,330
01-01-2028,Subscribers & Revenue,Annual Plan Price / year,330
01-02-2028,Subscribers & Revenue,Annual Plan Price / year,330
01-03-2028,Subscribers & Revenue,Annual Plan Price / year,330
01-04-2028,Subscribers & Revenue,Annual Plan Price / year,330
01-05-2028,Subscribers & Revenue,Annual Plan Price / year,330
01-06-2028,Subscribers & Revenue,Annual Plan Price / year,330
01-07-2028,Subscribers & Revenue,Annual Plan Price / year,330
01-08-2028,Subscribers & Revenue,Annual Plan Price / year,330
01-09-2028,Subscribers & Revenue,Annual Plan Price / year,330
01-10-2028,Subscribers & Revenue,Annual Plan Price / year,330
01-11-2028,Subscribers & Revenue,Annual Plan Price / year,330
01-12-2028,Subscribers & Revenue,Annual Plan Price / year,330
01-01-2024,Subscribers & Revenue,Annual Plan Bookings,18150
01-02-2024,Subscribers & Revenue,Annual Plan Bookings,19470
01-03-2024,Subscribers & Revenue,Annual Plan Bookings,20790
01-04-2024,Subscribers & Revenue,Annual Plan Bookings,22110
01-05-2024,Subscribers & Revenue,Annual Plan Bookings,23760
01-06-2024,Subscribers & Revenue,Annual Plan Bookings,25410
01-07-2024,Subscribers & Revenue,Annual Plan Bookings,27060
01-08-2024,Subscribers & Revenue,Annual Plan Bookings,29040
01-09-2024,Subscribers & Revenue,Annual Plan Bookings,31020
01-10-2024,Subscribers & Revenue,Annual Plan Bookings,33330
01-11-2024,Subscribers & Revenue,Annual Plan Bookings,35640
01-12-2024,Subscribers & Revenue,Annual Plan Bookings,38280
01-01-2025,Subscribers & Revenue,Annual Plan Bookings,52800
01-02-2025,Subscribers & Revenue,Annual Plan Bookings,56430
01-03-2025,Subscribers & Revenue,Annual Plan Bookings,60390
01-04-2025,Subscribers & Revenue,Annual Plan Bookings,64680
01-05-2025,Subscribers & Revenue,Annual Plan Bookings,69300
01-06-2025,Subscribers & Revenue,Annual Plan Bookings,73920
01-07-2025,Subscribers & Revenue,Annual Plan Bookings,78870
01-08-2025,Subscribers & Revenue,Annual Plan Bookings,84480
01-09-2025,Subscribers & Revenue,Annual Plan Bookings,90420
01-10-2025,Subscribers & Revenue,Annual Plan Bookings,97020
01-11-2025,Subscribers & Revenue,Annual Plan Bookings,103620
01-12-2025,Subscribers & Revenue,Annual Plan Bookings,110880
01-01-2026,Subscribers & Revenue,Annual Plan Bookings,118800
01-02-2026,Subscribers & Revenue,Annual Plan Bookings,127050
01-03-2026,Subscribers & Revenue,Annual Plan Bookings,135960
01-04-2026,Subscribers & Revenue,Annual Plan Bookings,145530
01-05-2026,Subscribers & Revenue,Annual Plan Bookings,155760
01-06-2026,Subscribers & Revenue,Annual Plan Bookings,166650
01-07-2026,Subscribers & Revenue,Annual Plan Bookings,178200
01-08-2026,Subscribers & Revenue,Annual Plan Bookings,190410
01-09-2026,Subscribers & Revenue,Annual Plan Bookings,203610
01-10-2026,Subscribers & Revenue,Annual Plan Bookings,218130
01-11-2026,Subscribers & Revenue,Annual Plan Bookings,233640
01-12-2026,Subscribers & Revenue,Annual Plan Bookings,249810
01-01-2027,Subscribers & Revenue,Annual Plan Bookings,266970
01-02-2027,Subscribers & Revenue,Annual Plan Bookings,285780
01-03-2027,Subscribers & Revenue,Annual Plan Bookings,305910
01-04-2027,Subscribers & Revenue,Annual Plan Bookings,327030
01-05-2027,Subscribers & Revenue,Annual Plan Bookings,350130
01-06-2027,Subscribers & Revenue,Annual Plan Bookings,374880
01-07-2027,Subscribers & Revenue,Annual Plan Bookings,400950
01-08-2027,Subscribers & Revenue,Annual Plan Bookings,429000
01-09-2027,Subscribers & Revenue,Annual Plan Bookings,459030
01-10-2027,Subscribers & Revenue,Annual Plan Bookings,491370
01-11-2027,Subscribers & Revenue,Annual Plan Bookings,526020
01-12-2027,Subscribers & Revenue,Annual Plan Bookings,562980
01-01-2028,Subscribers & Revenue,Annual Plan Bookings,602250
01-02-2028,Subscribers & Revenue,Annual Plan Bookings,644490
01-03-2028,Subscribers & Revenue,Annual Plan Bookings,689370
01-04-2028,Subscribers & Revenue,Annual Plan Bookings,737880
01-05-2028,Subscribers & Revenue,Annual Plan Bookings,789690
01-06-2028,Subscribers & Revenue,Annual Plan Bookings,845130
01-07-2028,Subscribers & Revenue,Annual Plan Bookings,904200
01-08-2028,Subscribers & Revenue,Annual Plan Bookings,967560
01-09-2028,Subscribers & Revenue,Annual Plan Bookings,1035210
01-10-2028,Subscribers & Revenue,Annual Plan Bookings,1107480
01-11-2028,Subscribers & Revenue,Annual Plan Bookings,1185030
01-12-2028,Subscribers & Revenue,Annual Plan Bookings,1268190
01-01-2024,Subscribers & Revenue,Total Bookings,20850
01-02-2024,Subscribers & Revenue,Total Bookings,24720
01-03-2024,Subscribers & Revenue,Total Bookings,28530
01-04-2024,Subscribers & Revenue,Total Bookings,32280
01-05-2024,Subscribers & Revenue,Total Bookings,36360
01-06-2024,Subscribers & Revenue,Total Bookings,40470
01-07-2024,Subscribers & Revenue,Total Bookings,44670
01-08-2024,Subscribers & Revenue,Total Bookings,49290
01-09-2024,Subscribers & Revenue,Total Bookings,54060
01-10-2024,Subscribers & Revenue,Total Bookings,59310
01-11-2024,Subscribers & Revenue,Total Bookings,64740
01-12-2024,Subscribers & Revenue,Total Bookings,70710
01-01-2025,Subscribers & Revenue,Total Bookings,88860
01-02-2025,Subscribers & Revenue,Total Bookings,96420
01-03-2025,Subscribers & Revenue,Total Bookings,104640
01-04-2025,Subscribers & Revenue,Total Bookings,113580
01-05-2025,Subscribers & Revenue,Total Bookings,123270
01-06-2025,Subscribers & Revenue,Total Bookings,133440
01-07-2025,Subscribers & Revenue,Total Bookings,144480
01-08-2025,Subscribers & Revenue,Total Bookings,156780
01-09-2025,Subscribers & Revenue,Total Bookings,170040
01-10-2025,Subscribers & Revenue,Total Bookings,184710
01-11-2025,Subscribers & Revenue,Total Bookings,200190
01-12-2025,Subscribers & Revenue,Total Bookings,217170
01-01-2026,Subscribers & Revenue,Total Bookings,235800
01-02-2026,Subscribers & Revenue,Total Bookings,255810
01-03-2026,Subscribers & Revenue,Total Bookings,277650
01-04-2026,Subscribers & Revenue,Total Bookings,301470
01-05-2026,Subscribers & Revenue,Total Bookings,327330
01-06-2026,Subscribers & Revenue,Total Bookings,355410
01-07-2026,Subscribers & Revenue,Total Bookings,385860
01-08-2026,Subscribers & Revenue,Total Bookings,418860
01-09-2026,Subscribers & Revenue,Total Bookings,454920
01-10-2026,Subscribers & Revenue,Total Bookings,494550
01-11-2026,Subscribers & Revenue,Total Bookings,537690
01-12-2026,Subscribers & Revenue,Total Bookings,584250
01-01-2027,Subscribers & Revenue,Total Bookings,634830
01-02-2027,Subscribers & Revenue,Total Bookings,690420
01-03-2027,Subscribers & Revenue,Total Bookings,751020
01-04-2027,Subscribers & Revenue,Total Bookings,816630
01-05-2027,Subscribers & Revenue,Total Bookings,888690
01-06-2027,Subscribers & Revenue,Total Bookings,967290
01-07-2027,Subscribers & Revenue,Total Bookings,1052610
01-08-2027,Subscribers & Revenue,Total Bookings,1145850
01-09-2027,Subscribers & Revenue,Total Bookings,1247580
01-10-2027,Subscribers & Revenue,Total Bookings,1358760
01-11-2027,Subscribers & Revenue,Total Bookings,1480140
01-12-2027,Subscribers & Revenue,Total Bookings,1612500
01-01-2028,Subscribers & Revenue,Total Bookings,1756710
01-02-2028,Subscribers & Revenue,Total Bookings,1914420
01-03-2028,Subscribers & Revenue,Total Bookings,2086290
01-04-2028,Subscribers & Revenue,Total Bookings,2274480
01-05-2028,Subscribers & Revenue,Total Bookings,2479950
01-06-2028,Subscribers & Revenue,Total Bookings,2704440
01-07-2028,Subscribers & Revenue,Total Bookings,2949450
01-08-2028,Subscribers & Revenue,Total Bookings,3217380
01-09-2028,Subscribers & Revenue,Total Bookings,3510060
01-10-2028,Subscribers & Revenue,Total Bookings,3829860
01-11-2028,Subscribers & Revenue,Total Bookings,4179690
01-12-2028,Subscribers & Revenue,Total Bookings,4562370
01-01-2024,Subscribers & Revenue,Monthly Plan Revenue,2700
01-02-2024,Subscribers & Revenue,Monthly Plan Revenue,5250
01-03-2024,Subscribers & Revenue,Monthly Plan Revenue,7740
01-04-2024,Subscribers & Revenue,Monthly Plan Revenue,10170
01-05-2024,Subscribers & Revenue,Monthly Plan Revenue,12600
01-06-2024,Subscribers & Revenue,Monthly Plan Revenue,15060
01-07-2024,Subscribers & Revenue,Monthly Plan Revenue,17610
01-08-2024,Subscribers & Revenue,Monthly Plan Revenue,20250
01-09-2024,Subscribers & Revenue,Monthly Plan Revenue,23040
01-10-2024,Subscribers & Revenue,Monthly Plan Revenue,25980
01-11-2024,Subscribers & Revenue,Monthly Plan Revenue,29100
01-12-2024,Subscribers & Revenue,Monthly Plan Revenue,32430
01-01-2025,Subscribers & Revenue,Monthly Plan Revenue,36060
01-02-2025,Subscribers & Revenue,Monthly Plan Revenue,39990
01-03-2025,Subscribers & Revenue,Monthly Plan Revenue,44250
01-04-2025,Subscribers & Revenue,Monthly Plan Revenue,48900
01-05-2025,Subscribers & Revenue,Monthly Plan Revenue,53970
01-06-2025,Subscribers & Revenue,Monthly Plan Revenue,59520
01-07-2025,Subscribers & Revenue,Monthly Plan Revenue,65610
01-08-2025,Subscribers & Revenue,Monthly Plan Revenue,72300
01-09-2025,Subscribers & Revenue,Monthly Plan Revenue,79620
01-10-2025,Subscribers & Revenue,Monthly Plan Revenue,87690
01-11-2025,Subscribers & Revenue,Monthly Plan Revenue,96570
01-12-2025,Subscribers & Revenue,Monthly Plan Revenue,106290
01-01-2026,Subscribers & Revenue,Monthly Plan Revenue,117000
01-02-2026,Subscribers & Revenue,Monthly Plan Revenue,128760
01-03-2026,Subscribers & Revenue,Monthly Plan Revenue,141690
01-04-2026,Subscribers & Revenue,Monthly Plan Revenue,155940
01-05-2026,Subscribers & Revenue,Monthly Plan Revenue,171570
01-06-2026,Subscribers & Revenue,Monthly Plan Revenue,188760
01-07-2026,Subscribers & Revenue,Monthly Plan Revenue,207660
01-08-2026,Subscribers & Revenue,Monthly Plan Revenue,228450
01-09-2026,Subscribers & Revenue,Monthly Plan Revenue,251310
01-10-2026,Subscribers & Revenue,Monthly Plan Revenue,276420
01-11-2026,Subscribers & Revenue,Monthly Plan Revenue,304050
01-12-2026,Subscribers & Revenue,Monthly Plan Revenue,334440
01-01-2027,Subscribers & Revenue,Monthly Plan Revenue,367860
01-02-2027,Subscribers & Revenue,Monthly Plan Revenue,404640
01-03-2027,Subscribers & Revenue,Monthly Plan Revenue,445110
01-04-2027,Subscribers & Revenue,Monthly Plan Revenue,489600
01-05-2027,Subscribers & Revenue,Monthly Plan Revenue,538560
01-06-2027,Subscribers & Revenue,Monthly Plan Revenue,592410
01-07-2027,Subscribers & Revenue,Monthly Plan Revenue,651660
01-08-2027,Subscribers & Revenue,Monthly Plan Revenue,716850
01-09-2027,Subscribers & Revenue,Monthly Plan Revenue,788550
01-10-2027,Subscribers & Revenue,Monthly Plan Revenue,867390
01-11-2027,Subscribers & Revenue,Monthly Plan Revenue,954120
01-12-2027,Subscribers & Revenue,Monthly Plan Revenue,1049520
01-01-2028,Subscribers & Revenue,Monthly Plan Revenue,1154460
01-02-2028,Subscribers & Revenue,Monthly Plan Revenue,1269930
01-03-2028,Subscribers & Revenue,Monthly Plan Revenue,1396920
01-04-2028,Subscribers & Revenue,Monthly Plan Revenue,1536600
01-05-2028,Subscribers & Revenue,Monthly Plan Revenue,1690260
01-06-2028,Subscribers & Revenue,Monthly Plan Revenue,1859310
01-07-2028,Subscribers & Revenue,Monthly Plan Revenue,2045250
01-08-2028,Subscribers & Revenue,Monthly Plan Revenue,2249820
01-09-2028,Subscribers & Revenue,Monthly Plan Revenue,2474850
01-10-2028,Subscribers & Revenue,Monthly Plan Revenue,2722380
01-11-2028,Subscribers & Revenue,Monthly Plan Revenue,2994660
01-12-2028,Subscribers & Revenue,Monthly Plan Revenue,3294180
01-01-2024,Subscribers & Revenue,Annual Plan Monthly Revenue,1512.5
01-02-2024,Subscribers & Revenue,Annual Plan Monthly Revenue,3135
01-03-2024,Subscribers & Revenue,Annual Plan Monthly Revenue,4867.5
01-04-2024,Subscribers & Revenue,Annual Plan Monthly Revenue,6710
01-05-2024,Subscribers & Revenue,Annual Plan Monthly Revenue,8690
01-06-2024,Subscribers & Revenue,Annual Plan Monthly Revenue,10807.5
01-07-2024,Subscribers & Revenue,Annual Plan Monthly Revenue,13062.5
01-08-2024,Subscribers & Revenue,Annual Plan Monthly Revenue,15482.5
01-09-2024,Subscribers & Revenue,Annual Plan Monthly Revenue,18067.5
01-10-2024,Subscribers & Revenue,Annual Plan Monthly Revenue,20845
01-11-2024,Subscribers & Revenue,Annual Plan Monthly Revenue,23815
01-12-2024,Subscribers & Revenue,Annual Plan Monthly Revenue,27005
01-01-2025,Subscribers & Revenue,Annual Plan Monthly Revenue,29892.5
01-02-2025,Subscribers & Revenue,Annual Plan Monthly Revenue,32972.5
01-03-2025,Subscribers & Revenue,Annual Plan Monthly Revenue,36272.5
01-04-2025,Subscribers & Revenue,Annual Plan Monthly Revenue,39820
01-05-2025,Subscribers & Revenue,Annual Plan Monthly Revenue,43615
01-06-2025,Subscribers & Revenue,Annual Plan Monthly Revenue,47657.5
01-07-2025,Subscribers & Revenue,Annual Plan Monthly Revenue,51975
01-08-2025,Subscribers & Revenue,Annual Plan Monthly Revenue,56595
01-09-2025,Subscribers & Revenue,Annual Plan Monthly Revenue,61545
01-10-2025,Subscribers & Revenue,Annual Plan Monthly Revenue,66852.5
01-11-2025,Subscribers & Revenue,Annual Plan Monthly Revenue,72517.5
01-12-2025,Subscribers & Revenue,Annual Plan Monthly Revenue,78567.5
01-01-2026,Subscribers & Revenue,Annual Plan Monthly Revenue,84067.5
01-02-2026,Subscribers & Revenue,Annual Plan Monthly Revenue,89952.5
01-03-2026,Subscribers & Revenue,Annual Plan Monthly Revenue,96250
01-04-2026,Subscribers & Revenue,Annual Plan Monthly Revenue,102987.5
01-05-2026,Subscribers & Revenue,Annual Plan Monthly Revenue,110192.5
01-06-2026,Subscribers & Revenue,Annual Plan Monthly Revenue,117920
01-07-2026,Subscribers & Revenue,Annual Plan Monthly Revenue,126197.5
01-08-2026,Subscribers & Revenue,Annual Plan Monthly Revenue,135025
01-09-2026,Subscribers & Revenue,Annual Plan Monthly Revenue,144457.5
01-10-2026,Subscribers & Revenue,Annual Plan Monthly Revenue,154550
01-11-2026,Subscribers & Revenue,Annual Plan Monthly Revenue,165385
01-12-2026,Subscribers & Revenue,Annual Plan Monthly Revenue,176962.5
01-01-2027,Subscribers & Revenue,Annual Plan Monthly Revenue,189310
01-02-2027,Subscribers & Revenue,Annual Plan Monthly Revenue,202537.5
01-03-2027,Subscribers & Revenue,Annual Plan Monthly Revenue,216700
01-04-2027,Subscribers & Revenue,Annual Plan Monthly Revenue,231825
01-05-2027,Subscribers & Revenue,Annual Plan Monthly Revenue,248022.5
01-06-2027,Subscribers & Revenue,Annual Plan Monthly Revenue,265375
01-07-2027,Subscribers & Revenue,Annual Plan Monthly Revenue,283937.5
01-08-2027,Subscribers & Revenue,Annual Plan Monthly Revenue,303820
01-09-2027,Subscribers & Revenue,Annual Plan Monthly Revenue,325105
01-10-2027,Subscribers & Revenue,Annual Plan Monthly Revenue,347875
01-11-2027,Subscribers & Revenue,Annual Plan Monthly Revenue,372240
01-12-2027,Subscribers & Revenue,Annual Plan Monthly Revenue,398337.5
01-01-2028,Subscribers & Revenue,Annual Plan Monthly Revenue,426277.5
01-02-2028,Subscribers & Revenue,Annual Plan Monthly Revenue,456170
01-03-2028,Subscribers & Revenue,Annual Plan Monthly Revenue,488125
01-04-2028,Subscribers & Revenue,Annual Plan Monthly Revenue,522362.5
01-05-2028,Subscribers & Revenue,Annual Plan Monthly Revenue,558992.5
01-06-2028,Subscribers & Revenue,Annual Plan Monthly Revenue,598180
01-07-2028,Subscribers & Revenue,Annual Plan Monthly Revenue,640117.5
01-08-2028,Subscribers & Revenue,Annual Plan Monthly Revenue,684997.5
01-09-2028,Subscribers & Revenue,Annual Plan Monthly Revenue,733012.5
01-10-2028,Subscribers & Revenue,Annual Plan Monthly Revenue,784355
01-11-2028,Subscribers & Revenue,Annual Plan Monthly Revenue,839272.5
01-12-2028,Subscribers & Revenue,Annual Plan Monthly Revenue,898040
01-01-2024,Subscribers & Revenue,MRR,4212.5
01-02-2024,Subscribers & Revenue,MRR,8385
01-03-2024,Subscribers & Revenue,MRR,12607.5
01-04-2024,Subscribers & Revenue,MRR,16880
01-05-2024,Subscribers & Revenue,MRR,21290
01-06-2024,Subscribers & Revenue,MRR,25867.5
01-07-2024,Subscribers & Revenue,MRR,30672.5
01-08-2024,Subscribers & Revenue,MRR,35732.5
01-09-2024,Subscribers & Revenue,MRR,41107.5
01-10-2024,Subscribers & Revenue,MRR,46825
01-11-2024,Subscribers & Revenue,MRR,52915
01-12-2024,Subscribers & Revenue,MRR,59435
01-01-2025,Subscribers & Revenue,MRR,65952.5
01-02-2025,Subscribers & Revenue,MRR,72962.5
01-03-2025,Subscribers & Revenue,MRR,80522.5
01-04-2025,Subscribers & Revenue,MRR,88720
01-05-2025,Subscribers & Revenue,MRR,97585
01-06-2025,Subscribers & Revenue,MRR,107177.5
01-07-2025,Subscribers & Revenue,MRR,117585
01-08-2025,Subscribers & Revenue,MRR,128895
01-09-2025,Subscribers & Revenue,MRR,141165
01-10-2025,Subscribers & Revenue,MRR,154542.5
01-11-2025,Subscribers & Revenue,MRR,169087.5
01-12-2025,Subscribers & Revenue,MRR,184857.5
01-01-2026,Subscribers & Revenue,MRR,201067.5
01-02-2026,Subscribers & Revenue,MRR,218712.5
01-03-2026,Subscribers & Revenue,MRR,237940
01-04-2026,Subscribers & Revenue,MRR,258927.5
01-05-2026,Subscribers & Revenue,MRR,281762.5
01-06-2026,Subscribers & Revenue,MRR,306680
01-07-2026,Subscribers & Revenue,MRR,333857.5
01-08-2026,Subscribers & Revenue,MRR,363475
01-09-2026,Subscribers & Revenue,MRR,395767.5
01-10-2026,Subscribers & Revenue,MRR,430970
01-11-2026,Subscribers & Revenue,MRR,469435
01-12-2026,Subscribers & Revenue,MRR,511402.5
01-01-2027,Subscribers & Revenue,MRR,557170
01-02-2027,Subscribers & Revenue,MRR,607177.5
01-03-2027,Subscribers & Revenue,MRR,661810
01-04-2027,Subscribers & Revenue,MRR,721425
01-05-2027,Subscribers & Revenue,MRR,786582.5
01-06-2027,Subscribers & Revenue,MRR,857785
01-07-2027,Subscribers & Revenue,MRR,935597.5
01-08-2027,Subscribers & Revenue,MRR,1020670
01-09-2027,Subscribers & Revenue,MRR,1113655
01-10-2027,Subscribers & Revenue,MRR,1215265
01-11-2027,Subscribers & Revenue,MRR,1326360
01-12-2027,Subscribers & Revenue,MRR,1447857.5
01-01-2028,Subscribers & Revenue,MRR,1580737.5
01-02-2028,Subscribers & Revenue,MRR,1726100
01-03-2028,Subscribers & Revenue,MRR,1885045
01-04-2028,Subscribers & Revenue,MRR,2058962.5
01-05-2028,Subscribers & Revenue,MRR,2249252.5
01-06-2028,Subscribers & Revenue,MRR,2457490
01-07-2028,Subscribers & Revenue,MRR,2685367.5
01-08-2028,Subscribers & Revenue,MRR,2934817.5
01-09-2028,Subscribers & Revenue,MRR,3207862.5
01-10-2028,Subscribers & Revenue,MRR,3506735
01-11-2028,Subscribers & Revenue,MRR,3833932.5
01-12-2028,Subscribers & Revenue,MRR,4192220
01-01-2024,Subscribers & Revenue,ARR,50550
01-02-2024,Subscribers & Revenue,ARR,100620
01-03-2024,Subscribers & Revenue,ARR,151290
01-04-2024,Subscribers & Revenue,ARR,202560
01-05-2024,Subscribers & Revenue,ARR,255480
01-06-2024,Subscribers & Revenue,ARR,310410
01-07-2024,Subscribers & Revenue,ARR,368070
01-08-2024,Subscribers & Revenue,ARR,428790
01-09-2024,Subscribers & Revenue,ARR,493290
01-10-2024,Subscribers & Revenue,ARR,561900
01-11-2024,Subscribers & Revenue,ARR,634980
01-12-2024,Subscribers & Revenue,ARR,713220
01-01-2025,Subscribers & Revenue,ARR,791430
01-02-2025,Subscribers & Revenue,ARR,875550
01-03-2025,Subscribers & Revenue,ARR,966270
01-04-2025,Subscribers & Revenue,ARR,1064640
01-05-2025,Subscribers & Revenue,ARR,1171020
01-06-2025,Subscribers & Revenue,ARR,1286130
01-07-2025,Subscribers & Revenue,ARR,1411020
01-08-2025,Subscribers & Revenue,ARR,1546740
01-09-2025,Subscribers & Revenue,ARR,1693980
01-10-2025,Subscribers & Revenue,ARR,1854510
01-11-2025,Subscribers & Revenue,ARR,2029050
01-12-2025,Subscribers & Revenue,ARR,2218290
01-01-2026,Subscribers & Revenue,ARR,2412810
01-02-2026,Subscribers & Revenue,ARR,2624550
01-03-2026,Subscribers & Revenue,ARR,2855280
01-04-2026,Subscribers & Revenue,ARR,3107130
01-05-2026,Subscribers & Revenue,ARR,3381150
01-06-2026,Subscribers & Revenue,ARR,3680160
01-07-2026,Subscribers & Revenue,ARR,4006290
01-08-2026,Subscribers & Revenue,ARR,4361700
01-09-2026,Subscribers & Revenue,ARR,4749210
01-10-2026,Subscribers & Revenue,ARR,5171640
01-11-2026,Subscribers & Revenue,ARR,5633220
01-12-2026,Subscribers & Revenue,ARR,6136830
01-01-2027,Subscribers & Revenue,ARR,6686040
01-02-2027,Subscribers & Revenue,ARR,7286130
01-03-2027,Subscribers & Revenue,ARR,7941720
01-04-2027,Subscribers & Revenue,ARR,8657100
01-05-2027,Subscribers & Revenue,ARR,9438990
01-06-2027,Subscribers & Revenue,ARR,10293420
01-07-2027,Subscribers & Revenue,ARR,11227170
01-08-2027,Subscribers & Revenue,ARR,12248040
01-09-2027,Subscribers & Revenue,ARR,13363860
01-10-2027,Subscribers & Revenue,ARR,14583180
01-11-2027,Subscribers & Revenue,ARR,15916320
01-12-2027,Subscribers & Revenue,ARR,17374290
01-01-2028,Subscribers & Revenue,ARR,18968850
01-02-2028,Subscribers & Revenue,ARR,20713200
01-03-2028,Subscribers & Revenue,ARR,22620540
01-04-2028,Subscribers & Revenue,ARR,24707550
01-05-2028,Subscribers & Revenue,ARR,26991030
01-06-2028,Subscribers & Revenue,ARR,29489880
01-07-2028,Subscribers & Revenue,ARR,32224410
01-08-2028,Subscribers & Revenue,ARR,35217810
01-09-2028,Subscribers & Revenue,ARR,38494350
01-10-2028,Subscribers & Revenue,ARR,42080820
01-11-2028,Subscribers & Revenue,ARR,46007190
01-12-2028,Subscribers & Revenue,ARR,50306640
01-01-2024,Subscribers & Revenue,(–) Total Bookings,-20850
01-02-2024,Subscribers & Revenue,(–) Total Bookings,-24720
01-03-2024,Subscribers & Revenue,(–) Total Bookings,-28530
01-04-2024,Subscribers & Revenue,(–) Total Bookings,-32280
01-05-2024,Subscribers & Revenue,(–) Total Bookings,-36360
01-06-2024,Subscribers & Revenue,(–) Total Bookings,-40470
01-07-2024,Subscribers & Revenue,(–) Total Bookings,-44670
01-08-2024,Subscribers & Revenue,(–) Total Bookings,-49290
01-09-2024,Subscribers & Revenue,(–) Total Bookings,-54060
01-10-2024,Subscribers & Revenue,(–) Total Bookings,-59310
01-11-2024,Subscribers & Revenue,(–) Total Bookings,-64740
01-12-2024,Subscribers & Revenue,(–) Total Bookings,-70710
01-01-2025,Subscribers & Revenue,(–) Total Bookings,-88860
01-02-2025,Subscribers & Revenue,(–) Total Bookings,-96420
01-03-2025,Subscribers & Revenue,(–) Total Bookings,-104640
01-04-2025,Subscribers & Revenue,(–) Total Bookings,-113580
01-05-2025,Subscribers & Revenue,(–) Total Bookings,-123270
01-06-2025,Subscribers & Revenue,(–) Total Bookings,-133440
01-07-2025,Subscribers & Revenue,(–) Total Bookings,-144480
01-08-2025,Subscribers & Revenue,(–) Total Bookings,-156780
01-09-2025,Subscribers & Revenue,(–) Total Bookings,-170040
01-10-2025,Subscribers & Revenue,(–) Total Bookings,-184710
01-11-2025,Subscribers & Revenue,(–) Total Bookings,-200190
01-12-2025,Subscribers & Revenue,(–) Total Bookings,-217170
01-01-2026,Subscribers & Revenue,(–) Total Bookings,-235800
01-02-2026,Subscribers & Revenue,(–) Total Bookings,-255810
01-03-2026,Subscribers & Revenue,(–) Total Bookings,-277650
01-04-2026,Subscribers & Revenue,(–) Total Bookings,-301470
01-05-2026,Subscribers & Revenue,(–) Total Bookings,-327330
01-06-2026,Subscribers & Revenue,(–) Total Bookings,-355410
01-07-2026,Subscribers & Revenue,(–) Total Bookings,-385860
01-08-2026,Subscribers & Revenue,(–) Total Bookings,-418860
01-09-2026,Subscribers & Revenue,(–) Total Bookings,-454920
01-10-2026,Subscribers & Revenue,(–) Total Bookings,-494550
01-11-2026,Subscribers & Revenue,(–) Total Bookings,-537690
01-12-2026,Subscribers & Revenue,(–) Total Bookings,-584250
01-01-2027,Subscribers & Revenue,(–) Total Bookings,-634830
01-02-2027,Subscribers & Revenue,(–) Total Bookings,-690420
01-03-2027,Subscribers & Revenue,(–) Total Bookings,-751020
01-04-2027,Subscribers & Revenue,(–) Total Bookings,-816630
01-05-2027,Subscribers & Revenue,(–) Total Bookings,-888690
01-06-2027,Subscribers & Revenue,(–) Total Bookings,-967290
01-07-2027,Subscribers & Revenue,(–) Total Bookings,-1052610
01-08-2027,Subscribers & Revenue,(–) Total Bookings,-1145850
01-09-2027,Subscribers & Revenue,(–) Total Bookings,-1247580
01-10-2027,Subscribers & Revenue,(–) Total Bookings,-1358760
01-11-2027,Subscribers & Revenue,(–) Total Bookings,-1480140
01-12-2027,Subscribers & Revenue,(–) Total Bookings,-1612500
01-01-2028,Subscribers & Revenue,(–) Total Bookings,-1756710
01-02-2028,Subscribers & Revenue,(–) Total Bookings,-1914420
01-03-2028,Subscribers & Revenue,(–) Total Bookings,-2086290
01-04-2028,Subscribers & Revenue,(–) Total Bookings,-2274480
01-05-2028,Subscribers & Revenue,(–) Total Bookings,-2479950
01-06-2028,Subscribers & Revenue,(–) Total Bookings,-2704440
01-07-2028,Subscribers & Revenue,(–) Total Bookings,-2949450
01-08-2028,Subscribers & Revenue,(–) Total Bookings,-3217380
01-09-2028,Subscribers & Revenue,(–) Total Bookings,-3510060
01-10-2028,Subscribers & Revenue,(–) Total Bookings,-3829860
01-11-2028,Subscribers & Revenue,(–) Total Bookings,-4179690
01-12-2028,Subscribers & Revenue,(–) Total Bookings,-4562370
01-01-2024,Subscribers & Revenue,Deferred Revenue,-16637.5
01-02-2024,Subscribers & Revenue,Deferred Revenue,-16335
01-03-2024,Subscribers & Revenue,Deferred Revenue,-15922.5
01-04-2024,Subscribers & Revenue,Deferred Revenue,-15400
01-05-2024,Subscribers & Revenue,Deferred Revenue,-15070
01-06-2024,Subscribers & Revenue,Deferred Revenue,-14602.5
01-07-2024,Subscribers & Revenue,Deferred Revenue,-13997.5
01-08-2024,Subscribers & Revenue,Deferred Revenue,-13557.5
01-09-2024,Subscribers & Revenue,Deferred Revenue,-12952.5
01-10-2024,Subscribers & Revenue,Deferred Revenue,-12485
01-11-2024,Subscribers & Revenue,Deferred Revenue,-11825
01-12-2024,Subscribers & Revenue,Deferred Revenue,-11275
01-01-2025,Subscribers & Revenue,Deferred Revenue,-22907.5
01-02-2025,Subscribers & Revenue,Deferred Revenue,-23457.5
01-03-2025,Subscribers & Revenue,Deferred Revenue,-24117.5
01-04-2025,Subscribers & Revenue,Deferred Revenue,-24860
01-05-2025,Subscribers & Revenue,Deferred Revenue,-25685
01-06-2025,Subscribers & Revenue,Deferred Revenue,-26262.5
01-07-2025,Subscribers & Revenue,Deferred Revenue,-26895
01-08-2025,Subscribers & Revenue,Deferred Revenue,-27885
01-09-2025,Subscribers & Revenue,Deferred Revenue,-28875
01-10-2025,Subscribers & Revenue,Deferred Revenue,-30167.5
01-11-2025,Subscribers & Revenue,Deferred Revenue,-31102.5
01-12-2025,Subscribers & Revenue,Deferred Revenue,-32312.5
01-01-2026,Subscribers & Revenue,Deferred Revenue,-34732.5
01-02-2026,Subscribers & Revenue,Deferred Revenue,-37097.5
01-03-2026,Subscribers & Revenue,Deferred Revenue,-39710
01-04-2026,Subscribers & Revenue,Deferred Revenue,-42542.5
01-05-2026,Subscribers & Revenue,Deferred Revenue,-45567.5
01-06-2026,Subscribers & Revenue,Deferred Revenue,-48730
01-07-2026,Subscribers & Revenue,Deferred Revenue,-52002.5
01-08-2026,Subscribers & Revenue,Deferred Revenue,-55385
01-09-2026,Subscribers & Revenue,Deferred Revenue,-59152.5
01-10-2026,Subscribers & Revenue,Deferred Revenue,-63580
01-11-2026,Subscribers & Revenue,Deferred Revenue,-68255
01-12-2026,Subscribers & Revenue,Deferred Revenue,-72847.5
01-01-2027,Subscribers & Revenue,Deferred Revenue,-77660
01-02-2027,Subscribers & Revenue,Deferred Revenue,-83242.5
01-03-2027,Subscribers & Revenue,Deferred Revenue,-89210
01-04-2027,Subscribers & Revenue,Deferred Revenue,-95205
01-05-2027,Subscribers & Revenue,Deferred Revenue,-102107.5
01-06-2027,Subscribers & Revenue,Deferred Revenue,-109505
01-07-2027,Subscribers & Revenue,Deferred Revenue,-117012.5
01-08-2027,Subscribers & Revenue,Deferred Revenue,-125180
01-09-2027,Subscribers & Revenue,Deferred Revenue,-133925
01-10-2027,Subscribers & Revenue,Deferred Revenue,-143495
01-11-2027,Subscribers & Revenue,Deferred Revenue,-153780
01-12-2027,Subscribers & Revenue,Deferred Revenue,-164642.5
01-01-2028,Subscribers & Revenue,Deferred Revenue,-175972.5
01-02-2028,Subscribers & Revenue,Deferred Revenue,-188320
01-03-2028,Subscribers & Revenue,Deferred Revenue,-201245
01-04-2028,Subscribers & Revenue,Deferred Revenue,-215517.5
01-05-2028,Subscribers & Revenue,Deferred Revenue,-230697.5
01-06-2028,Subscribers & Revenue,Deferred Revenue,-246950
01-07-2028,Subscribers & Revenue,Deferred Revenue,-264082.5
01-08-2028,Subscribers & Revenue,Deferred Revenue,-282562.5
01-09-2028,Subscribers & Revenue,Deferred Revenue,-302197.5
01-10-2028,Subscribers & Revenue,Deferred Revenue,-323125
01-11-2028,Subscribers & Revenue,Deferred Revenue,-345757.5
01-12-2028,Subscribers & Revenue,Deferred Revenue,-370150
01-01-2024,Subscribers & Revenue,Balance,-16637.5
01-02-2024,Subscribers & Revenue,Balance,-32972.5
01-03-2024,Subscribers & Revenue,Balance,-48895
01-04-2024,Subscribers & Revenue,Balance,-64295
01-05-2024,Subscribers & Revenue,Balance,-79365
01-06-2024,Subscribers & Revenue,Balance,-93967.5
01-07-2024,Subscribers & Revenue,Balance,-107965
01-08-2024,Subscribers & Revenue,Balance,-121522.5
01-09-2024,Subscribers & Revenue,Balance,-134475
01-10-2024,Subscribers & Revenue,Balance,-146960
01-11-2024,Subscribers & Revenue,Balance,-158785
01-12-2024,Subscribers & Revenue,Balance,-170060
01-01-2025,Subscribers & Revenue,Balance,-192967.5
01-02-2025,Subscribers & Revenue,Balance,-216425
01-03-2025,Subscribers & Revenue,Balance,-240542.5
01-04-2025,Subscribers & Revenue,Balance,-265402.5
01-05-2025,Subscribers & Revenue,Balance,-291087.5
01-06-2025,Subscribers & Revenue,Balance,-317350
01-07-2025,Subscribers & Revenue,Balance,-344245
01-08-2025,Subscribers & Revenue,Balance,-372130
01-09-2025,Subscribers & Revenue,Balance,-401005
01-10-2025,Subscribers & Revenue,Balance,-431172.5
01-11-2025,Subscribers & Revenue,Balance,-462275
01-12-2025,Subscribers & Revenue,Balance,-494587.5
01-01-2026,Subscribers & Revenue,Balance,-529320
01-02-2026,Subscribers & Revenue,Balance,-566417.5
01-03-2026,Subscribers & Revenue,Balance,-606127.5
01-04-2026,Subscribers & Revenue,Balance,-648670
01-05-2026,Subscribers & Revenue,Balance,-694237.5
01-06-2026,Subscribers & Revenue,Balance,-742967.5
01-07-2026,Subscribers & Revenue,Balance,-794970
01-08-2026,Subscribers & Revenue,Balance,-850355
01-09-2026,Subscribers & Revenue,Balance,-909507.5
01-10-2026,Subscribers & Revenue,Balance,-973087.5
01-11-2026,Subscribers & Revenue,Balance,-1041342.5
01-12-2026,Subscribers & Revenue,Balance,-1114190
01-01-2027,Subscribers & Revenue,Balance,-1191850
01-02-2027,Subscribers & Revenue,Balance,-1275092.5
01-03-2027,Subscribers & Revenue,Balance,-1364302.5
01-04-2027,Subscribers & Revenue,Balance,-1459507.5
01-05-2027,Subscribers & Revenue,Balance,-1561615
01-06-2027,Subscribers & Revenue,Balance,-1671120
01-07-2027,Subscribers & Revenue,Balance,-1788132.5
01-08-2027,Subscribers & Revenue,Balance,-1913312.5
01-09-2027,Subscribers & Revenue,Balance,-2047237.5
01-10-2027,Subscribers & Revenue,Balance,-2190732.5
01-11-2027,Subscribers & Revenue,Balance,-2344512.5
01-12-2027,Subscribers & Revenue,Balance,-2509155
01-01-2028,Subscribers & Revenue,Balance,-2685127.5
01-02-2028,Subscribers & Revenue,Balance,-2873447.5
01-03-2028,Subscribers & Revenue,Balance,-3074692.5
01-04-2028,Subscribers & Revenue,Balance,-3290210
01-05-2028,Subscribers & Revenue,Balance,-3520907.5
01-06-2028,Subscribers & Revenue,Balance,-3767857.5
01-07-2028,Subscribers & Revenue,Balance,-4031940
01-08-2028,Subscribers & Revenue,Balance,-4314502.5
01-09-2028,Subscribers & Revenue,Balance,-4616700
01-10-2028,Subscribers & Revenue,Balance,-4939825
01-11-2028,Subscribers & Revenue,Balance,-5285582.5
01-12-2028,Subscribers & Revenue,Balance,-5655732.5
01-01-2024,Detailed Metrics,Monthly Plan Monthly Revenue,2700
01-02-2024,Detailed Metrics,Monthly Plan Monthly Revenue,5250
01-03-2024,Detailed Metrics,Monthly Plan Monthly Revenue,7740
01-04-2024,Detailed Metrics,Monthly Plan Monthly Revenue,10170
01-05-2024,Detailed Metrics,Monthly Plan Monthly Revenue,12600
01-06-2024,Detailed Metrics,Monthly Plan Monthly Revenue,15060
01-07-2024,Detailed Metrics,Monthly Plan Monthly Revenue,17610
01-08-2024,Detailed Metrics,Monthly Plan Monthly Revenue,20250
01-09-2024,Detailed Metrics,Monthly Plan Monthly Revenue,23040
01-10-2024,Detailed Metrics,Monthly Plan Monthly Revenue,25980
01-11-2024,Detailed Metrics,Monthly Plan Monthly Revenue,29100
01-12-2024,Detailed Metrics,Monthly Plan Monthly Revenue,32430
01-01-2025,Detailed Metrics,Monthly Plan Monthly Revenue,36060
01-02-2025,Detailed Metrics,Monthly Plan Monthly Revenue,39990
01-03-2025,Detailed Metrics,Monthly Plan Monthly Revenue,44250
01-04-2025,Detailed Metrics,Monthly Plan Monthly Revenue,48900
01-05-2025,Detailed Metrics,Monthly Plan Monthly Revenue,53970
01-06-2025,Detailed Metrics,Monthly Plan Monthly Revenue,59520
01-07-2025,Detailed Metrics,Monthly Plan Monthly Revenue,65610
01-08-2025,Detailed Metrics,Monthly Plan Monthly Revenue,72300
01-09-2025,Detailed Metrics,Monthly Plan Monthly Revenue,79620
01-10-2025,Detailed Metrics,Monthly Plan Monthly Revenue,87690
01-11-2025,Detailed Metrics,Monthly Plan Monthly Revenue,96570
01-12-2025,Detailed Metrics,Monthly Plan Monthly Revenue,106290
01-01-2026,Detailed Metrics,Monthly Plan Monthly Revenue,117000
01-02-2026,Detailed Metrics,Monthly Plan Monthly Revenue,128760
01-03-2026,Detailed Metrics,Monthly Plan Monthly Revenue,141690
01-04-2026,Detailed Metrics,Monthly Plan Monthly Revenue,155940
01-05-2026,Detailed Metrics,Monthly Plan Monthly Revenue,171570
01-06-2026,Detailed Metrics,Monthly Plan Monthly Revenue,188760
01-07-2026,Detailed Metrics,Monthly Plan Monthly Revenue,207660
01-08-2026,Detailed Metrics,Monthly Plan Monthly Revenue,228450
01-09-2026,Detailed Metrics,Monthly Plan Monthly Revenue,251310
01-10-2026,Detailed Metrics,Monthly Plan Monthly Revenue,276420
01-11-2026,Detailed Metrics,Monthly Plan Monthly Revenue,304050
01-12-2026,Detailed Metrics,Monthly Plan Monthly Revenue,334440
01-01-2027,Detailed Metrics,Monthly Plan Monthly Revenue,367860
01-02-2027,Detailed Metrics,Monthly Plan Monthly Revenue,404640
01-03-2027,Detailed Metrics,Monthly Plan Monthly Revenue,445110
01-04-2027,Detailed Metrics,Monthly Plan Monthly Revenue,489600
01-05-2027,Detailed Metrics,Monthly Plan Monthly Revenue,538560
01-06-2027,Detailed Metrics,Monthly Plan Monthly Revenue,592410
01-07-2027,Detailed Metrics,Monthly Plan Monthly Revenue,651660
01-08-2027,Detailed Metrics,Monthly Plan Monthly Revenue,716850
01-09-2027,Detailed Metrics,Monthly Plan Monthly Revenue,788550
01-10-2027,Detailed Metrics,Monthly Plan Monthly Revenue,867390
01-11-2027,Detailed Metrics,Monthly Plan Monthly Revenue,954120
01-12-2027,Detailed Metrics,Monthly Plan Monthly Revenue,1049520
01-01-2028,Detailed Metrics,Monthly Plan Monthly Revenue,1154460
01-02-2028,Detailed Metrics,Monthly Plan Monthly Revenue,1269930
01-03-2028,Detailed Metrics,Monthly Plan Monthly Revenue,1396920
01-04-2028,Detailed Metrics,Monthly Plan Monthly Revenue,1536600
01-05-2028,Detailed Metrics,Monthly Plan Monthly Revenue,1690260
01-06-2028,Detailed Metrics,Monthly Plan Monthly Revenue,1859310
01-07-2028,Detailed Metrics,Monthly Plan Monthly Revenue,2045250
01-08-2028,Detailed Metrics,Monthly Plan Monthly Revenue,2249820
01-09-2028,Detailed Metrics,Monthly Plan Monthly Revenue,2474850
01-10-2028,Detailed Metrics,Monthly Plan Monthly Revenue,2722380
01-11-2028,Detailed Metrics,Monthly Plan Monthly Revenue,2994660
01-12-2028,Detailed Metrics,Monthly Plan Monthly Revenue,3294180
01-02-2024,Detailed Metrics,% growth,0.944444444
01-03-2024,Detailed Metrics,% growth,0.474285714
01-04-2024,Detailed Metrics,% growth,0.313953488
01-05-2024,Detailed Metrics,% growth,0.238938053
01-06-2024,Detailed Metrics,% growth,0.195238095
01-07-2024,Detailed Metrics,% growth,0.169322709
01-08-2024,Detailed Metrics,% growth,0.149914821
01-09-2024,Detailed Metrics,% growth,0.137777778
01-10-2024,Detailed Metrics,% growth,0.127604167
01-11-2024,Detailed Metrics,% growth,0.120092379
01-12-2024,Detailed Metrics,% growth,0.11443299
01-01-2025,Detailed Metrics,% growth,0.111933395
01-02-2025,Detailed Metrics,% growth,0.108985025
01-03-2025,Detailed Metrics,% growth,0.106526632
01-04-2025,Detailed Metrics,% growth,0.105084746
01-05-2025,Detailed Metrics,% growth,0.103680982
01-06-2025,Detailed Metrics,% growth,0.102834908
01-07-2025,Detailed Metrics,% growth,0.102318548
01-08-2025,Detailed Metrics,% growth,0.101966164
01-09-2025,Detailed Metrics,% growth,0.101244813
01-10-2025,Detailed Metrics,% growth,0.101356443
01-11-2025,Detailed Metrics,% growth,0.101265823
01-12-2025,Detailed Metrics,% growth,0.100652377
01-01-2026,Detailed Metrics,% growth,0.100762066
01-02-2026,Detailed Metrics,% growth,0.100512821
01-03-2026,Detailed Metrics,% growth,0.100419385
01-04-2026,Detailed Metrics,% growth,0.100571671
01-05-2026,Detailed Metrics,% growth,0.100230858
01-06-2026,Detailed Metrics,% growth,0.100192341
01-07-2026,Detailed Metrics,% growth,0.100127146
01-08-2026,Detailed Metrics,% growth,0.100115574
01-09-2026,Detailed Metrics,% growth,0.10006566
01-10-2026,Detailed Metrics,% growth,0.099916438
01-11-2026,Detailed Metrics,% growth,0.099956588
01-12-2026,Detailed Metrics,% growth,0.099950666
01-01-2027,Detailed Metrics,% growth,0.099928238
01-02-2027,Detailed Metrics,% growth,0.099983689
01-03-2027,Detailed Metrics,% growth,0.100014828
01-04-2027,Detailed Metrics,% growth,0.099952821
01-05-2027,Detailed Metrics,% growth,0.1
01-06-2027,Detailed Metrics,% growth,0.099988859
01-07-2027,Detailed Metrics,% growth,0.100015192
01-08-2027,Detailed Metrics,% growth,0.100036829
01-09-2027,Detailed Metrics,% growth,0.100020925
01-10-2027,Detailed Metrics,% growth,0.099980978
01-11-2027,Detailed Metrics,% growth,0.099989624
01-12-2027,Detailed Metrics,% growth,0.099987423
01-01-2028,Detailed Metrics,% growth,0.099988566
01-02-2028,Detailed Metrics,% growth,0.100020789
01-03-2028,Detailed Metrics,% growth,0.099997638
01-04-2028,Detailed Metrics,% growth,0.09999141
01-05-2028,Detailed Metrics,% growth,0.1
01-06-2028,Detailed Metrics,% growth,0.100014199
01-07-2028,Detailed Metrics,% growth,0.100004841
01-08-2028,Detailed Metrics,% growth,0.100022002
01-09-2028,Detailed Metrics,% growth,0.100021335
01-10-2028,Detailed Metrics,% growth,0.100018183
01-11-2028,Detailed Metrics,% growth,0.100015428
01-12-2028,Detailed Metrics,% growth,0.100018032
01-01-2024,Detailed Metrics,Annual Plan Monthly Revenue,1512.5
01-02-2024,Detailed Metrics,Annual Plan Monthly Revenue,3135
01-03-2024,Detailed Metrics,Annual Plan Monthly Revenue,4867.5
01-04-2024,Detailed Metrics,Annual Plan Monthly Revenue,6710
01-05-2024,Detailed Metrics,Annual Plan Monthly Revenue,8690
01-06-2024,Detailed Metrics,Annual Plan Monthly Revenue,10807.5
01-07-2024,Detailed Metrics,Annual Plan Monthly Revenue,13062.5
01-08-2024,Detailed Metrics,Annual Plan Monthly Revenue,15482.5
01-09-2024,Detailed Metrics,Annual Plan Monthly Revenue,18067.5
01-10-2024,Detailed Metrics,Annual Plan Monthly Revenue,20845
01-11-2024,Detailed Metrics,Annual Plan Monthly Revenue,23815
01-12-2024,Detailed Metrics,Annual Plan Monthly Revenue,27005
01-01-2025,Detailed Metrics,Annual Plan Monthly Revenue,29892.5
01-02-2025,Detailed Metrics,Annual Plan Monthly Revenue,32972.5
01-03-2025,Detailed Metrics,Annual Plan Monthly Revenue,36272.5
01-04-2025,Detailed Metrics,Annual Plan Monthly Revenue,39820
01-05-2025,Detailed Metrics,Annual Plan Monthly Revenue,43615
01-06-2025,Detailed Metrics,Annual Plan Monthly Revenue,47657.5
01-07-2025,Detailed Metrics,Annual Plan Monthly Revenue,51975
01-08-2025,Detailed Metrics,Annual Plan Monthly Revenue,56595
01-09-2025,Detailed Metrics,Annual Plan Monthly Revenue,61545
01-10-2025,Detailed Metrics,Annual Plan Monthly Revenue,66852.5
01-11-2025,Detailed Metrics,Annual Plan Monthly Revenue,72517.5
01-12-2025,Detailed Metrics,Annual Plan Monthly Revenue,78567.5
01-01-2026,Detailed Metrics,Annual Plan Monthly Revenue,84067.5
01-02-2026,Detailed Metrics,Annual Plan Monthly Revenue,89952.5
01-03-2026,Detailed Metrics,Annual Plan Monthly Revenue,96250
01-04-2026,Detailed Metrics,Annual Plan Monthly Revenue,102987.5
01-05-2026,Detailed Metrics,Annual Plan Monthly Revenue,110192.5
01-06-2026,Detailed Metrics,Annual Plan Monthly Revenue,117920
01-07-2026,Detailed Metrics,Annual Plan Monthly Revenue,126197.5
01-08-2026,Detailed Metrics,Annual Plan Monthly Revenue,135025
01-09-2026,Detailed Metrics,Annual Plan Monthly Revenue,144457.5
01-10-2026,Detailed Metrics,Annual Plan Monthly Revenue,154550
01-11-2026,Detailed Metrics,Annual Plan Monthly Revenue,165385
01-12-2026,Detailed Metrics,Annual Plan Monthly Revenue,176962.5
01-01-2027,Detailed Metrics,Annual Plan Monthly Revenue,189310
01-02-2027,Detailed Metrics,Annual Plan Monthly Revenue,202537.5
01-03-2027,Detailed Metrics,Annual Plan Monthly Revenue,216700
01-04-2027,Detailed Metrics,Annual Plan Monthly Revenue,231825
01-05-2027,Detailed Metrics,Annual Plan Monthly Revenue,248022.5
01-06-2027,Detailed Metrics,Annual Plan Monthly Revenue,265375
01-07-2027,Detailed Metrics,Annual Plan Monthly Revenue,283937.5
01-08-2027,Detailed Metrics,Annual Plan Monthly Revenue,303820
01-09-2027,Detailed Metrics,Annual Plan Monthly Revenue,325105
01-10-2027,Detailed Metrics,Annual Plan Monthly Revenue,347875
01-11-2027,Detailed Metrics,Annual Plan Monthly Revenue,372240
01-12-2027,Detailed Metrics,Annual Plan Monthly Revenue,398337.5
01-01-2028,Detailed Metrics,Annual Plan Monthly Revenue,426277.5
01-02-2028,Detailed Metrics,Annual Plan Monthly Revenue,456170
01-03-2028,Detailed Metrics,Annual Plan Monthly Revenue,488125
01-04-2028,Detailed Metrics,Annual Plan Monthly Revenue,522362.5
01-05-2028,Detailed Metrics,Annual Plan Monthly Revenue,558992.5
01-06-2028,Detailed Metrics,Annual Plan Monthly Revenue,598180
01-07-2028,Detailed Metrics,Annual Plan Monthly Revenue,640117.5
01-08-2028,Detailed Metrics,Annual Plan Monthly Revenue,684997.5
01-09-2028,Detailed Metrics,Annual Plan Monthly Revenue,733012.5
01-10-2028,Detailed Metrics,Annual Plan Monthly Revenue,784355
01-11-2028,Detailed Metrics,Annual Plan Monthly Revenue,839272.5
01-12-2028,Detailed Metrics,Annual Plan Monthly Revenue,898040
01-02-2024,Detailed Metrics,% growth,1.072727273
01-03-2024,Detailed Metrics,% growth,0.552631579
01-04-2024,Detailed Metrics,% growth,0.378531073
01-05-2024,Detailed Metrics,% growth,0.295081967
01-06-2024,Detailed Metrics,% growth,0.243670886
01-07-2024,Detailed Metrics,% growth,0.208651399
01-08-2024,Detailed Metrics,% growth,0.185263158
01-09-2024,Detailed Metrics,% growth,0.1669627
01-10-2024,Detailed Metrics,% growth,0.153729072
01-11-2024,Detailed Metrics,% growth,0.142480211
01-12-2024,Detailed Metrics,% growth,0.133949192
01-01-2025,Detailed Metrics,% growth,0.106924644
01-02-2025,Detailed Metrics,% growth,0.103035879
01-03-2025,Detailed Metrics,% growth,0.100083403
01-04-2025,Detailed Metrics,% growth,0.097801365
01-05-2025,Detailed Metrics,% growth,0.095303867
01-06-2025,Detailed Metrics,% growth,0.092686003
01-07-2025,Detailed Metrics,% growth,0.090594345
01-08-2025,Detailed Metrics,% growth,0.088888889
01-09-2025,Detailed Metrics,% growth,0.087463557
01-10-2025,Detailed Metrics,% growth,0.086237712
01-11-2025,Detailed Metrics,% growth,0.084738791
01-12-2025,Detailed Metrics,% growth,0.083428138
01-01-2026,Detailed Metrics,% growth,0.0700035
01-02-2026,Detailed Metrics,% growth,0.070003271
01-03-2026,Detailed Metrics,% growth,0.070009172
01-04-2026,Detailed Metrics,% growth,0.07
01-05-2026,Detailed Metrics,% growth,0.069959947
01-06-2026,Detailed Metrics,% growth,0.070127277
01-07-2026,Detailed Metrics,% growth,0.070195896
01-08-2026,Detailed Metrics,% growth,0.06994988
01-09-2026,Detailed Metrics,% growth,0.069857434
01-10-2026,Detailed Metrics,% growth,0.069864839
01-11-2026,Detailed Metrics,% growth,0.070106762
01-12-2026,Detailed Metrics,% growth,0.070003326
01-01-2027,Detailed Metrics,% growth,0.06977467
01-02-2027,Detailed Metrics,% growth,0.069872167
01-03-2027,Detailed Metrics,% growth,0.069925322
01-04-2027,Detailed Metrics,% growth,0.069796954
01-05-2027,Detailed Metrics,% growth,0.069869514
01-06-2027,Detailed Metrics,% growth,0.069963411
01-07-2027,Detailed Metrics,% growth,0.069948187
01-08-2027,Detailed Metrics,% growth,0.070024213
01-09-2027,Detailed Metrics,% growth,0.070057929
01-10-2027,Detailed Metrics,% growth,0.070038911
01-11-2027,Detailed Metrics,% growth,0.070039526
01-12-2027,Detailed Metrics,% growth,0.070109338
01-01-2028,Detailed Metrics,% growth,0.070141526
01-02-2028,Detailed Metrics,% growth,0.070124508
01-03-2028,Detailed Metrics,% growth,0.070050639
01-04-2028,Detailed Metrics,% growth,0.070140845
01-05-2028,Detailed Metrics,% growth,0.070123717
01-06-2028,Detailed Metrics,% growth,0.070103803
01-07-2028,Detailed Metrics,% growth,0.070108496
01-08-2028,Detailed Metrics,% growth,0.070112128
01-09-2028,Detailed Metrics,% growth,0.070095146
01-10-2028,Detailed Metrics,% growth,0.070043144
01-11-2028,Detailed Metrics,% growth,0.070016128
01-12-2028,Detailed Metrics,% growth,0.070021954
01-01-2024,Detailed Metrics,MRR,4212.5
01-02-2024,Detailed Metrics,MRR,8385
01-03-2024,Detailed Metrics,MRR,12607.5
01-04-2024,Detailed Metrics,MRR,16880
01-05-2024,Detailed Metrics,MRR,21290
01-06-2024,Detailed Metrics,MRR,25867.5
01-07-2024,Detailed Metrics,MRR,30672.5
01-08-2024,Detailed Metrics,MRR,35732.5
01-09-2024,Detailed Metrics,MRR,41107.5
01-10-2024,Detailed Metrics,MRR,46825
01-11-2024,Detailed Metrics,MRR,52915
01-12-2024,Detailed Metrics,MRR,59435
01-01-2025,Detailed Metrics,MRR,65952.5
01-02-2025,Detailed Metrics,MRR,72962.5
01-03-2025,Detailed Metrics,MRR,80522.5
01-04-2025,Detailed Metrics,MRR,88720
01-05-2025,Detailed Metrics,MRR,97585
01-06-2025,Detailed Metrics,MRR,107177.5
01-07-2025,Detailed Metrics,MRR,117585
01-08-2025,Detailed Metrics,MRR,128895
01-09-2025,Detailed Metrics,MRR,141165
01-10-2025,Detailed Metrics,MRR,154542.5
01-11-2025,Detailed Metrics,MRR,169087.5
01-12-2025,Detailed Metrics,MRR,184857.5
01-01-2026,Detailed Metrics,MRR,201067.5
01-02-2026,Detailed Metrics,MRR,218712.5
01-03-2026,Detailed Metrics,MRR,237940
01-04-2026,Detailed Metrics,MRR,258927.5
01-05-2026,Detailed Metrics,MRR,281762.5
01-06-2026,Detailed Metrics,MRR,306680
01-07-2026,Detailed Metrics,MRR,333857.5
01-08-2026,Detailed Metrics,MRR,363475
01-09-2026,Detailed Metrics,MRR,395767.5
01-10-2026,Detailed Metrics,MRR,430970
01-11-2026,Detailed Metrics,MRR,469435
01-12-2026,Detailed Metrics,MRR,511402.5
01-01-2027,Detailed Metrics,MRR,557170
01-02-2027,Detailed Metrics,MRR,607177.5
01-03-2027,Detailed Metrics,MRR,661810
01-04-2027,Detailed Metrics,MRR,721425
01-05-2027,Detailed Metrics,MRR,786582.5
01-06-2027,Detailed Metrics,MRR,857785
01-07-2027,Detailed Metrics,MRR,935597.5
01-08-2027,Detailed Metrics,MRR,1020670
01-09-2027,Detailed Metrics,MRR,1113655
01-10-2027,Detailed Metrics,MRR,1215265
01-11-2027,Detailed Metrics,MRR,1326360
01-12-2027,Detailed Metrics,MRR,1447857.5
01-01-2028,Detailed Metrics,MRR,1580737.5
01-02-2028,Detailed Metrics,MRR,1726100
01-03-2028,Detailed Metrics,MRR,1885045
01-04-2028,Detailed Metrics,MRR,2058962.5
01-05-2028,Detailed Metrics,MRR,2249252.5
01-06-2028,Detailed Metrics,MRR,2457490
01-07-2028,Detailed Metrics,MRR,2685367.5
01-08-2028,Detailed Metrics,MRR,2934817.5
01-09-2028,Detailed Metrics,MRR,3207862.5
01-10-2028,Detailed Metrics,MRR,3506735
01-11-2028,Detailed Metrics,MRR,3833932.5
01-12-2028,Detailed Metrics,MRR,4192220
01-02-2024,Detailed Metrics,% growth,0.990504451
01-03-2024,Detailed Metrics,% growth,0.503577818
01-04-2024,Detailed Metrics,% growth,0.338885584
01-05-2024,Detailed Metrics,% growth,0.261255924
01-06-2024,Detailed Metrics,% growth,0.215007046
01-07-2024,Detailed Metrics,% growth,0.185754325
01-08-2024,Detailed Metrics,% growth,0.16496862
01-09-2024,Detailed Metrics,% growth,0.150423284
01-10-2024,Detailed Metrics,% growth,0.139086541
01-11-2024,Detailed Metrics,% growth,0.130058729
01-12-2024,Detailed Metrics,% growth,0.123216479
01-01-2025,Detailed Metrics,% growth,0.109657609
01-02-2025,Detailed Metrics,% growth,0.106288617
01-03-2025,Detailed Metrics,% growth,0.103614871
01-04-2025,Detailed Metrics,% growth,0.101803844
01-05-2025,Detailed Metrics,% growth,0.0999211
01-06-2025,Detailed Metrics,% growth,0.098298919
01-07-2025,Detailed Metrics,% growth,0.097105269
01-08-2025,Detailed Metrics,% growth,0.096185738
01-09-2025,Detailed Metrics,% growth,0.095193762
01-10-2025,Detailed Metrics,% growth,0.094764991
01-11-2025,Detailed Metrics,% growth,0.094116505
01-12-2025,Detailed Metrics,% growth,0.093265321
01-01-2024,Detailed Metrics,Monthly Plan Annual Revenue,32400
01-02-2024,Detailed Metrics,Monthly Plan Annual Revenue,63000
01-03-2024,Detailed Metrics,Monthly Plan Annual Revenue,92880
01-04-2024,Detailed Metrics,Monthly Plan Annual Revenue,122040
01-05-2024,Detailed Metrics,Monthly Plan Annual Revenue,151200
01-06-2024,Detailed Metrics,Monthly Plan Annual Revenue,180720
01-07-2024,Detailed Metrics,Monthly Plan Annual Revenue,211320
01-08-2024,Detailed Metrics,Monthly Plan Annual Revenue,243000
01-09-2024,Detailed Metrics,Monthly Plan Annual Revenue,276480
01-10-2024,Detailed Metrics,Monthly Plan Annual Revenue,311760
01-11-2024,Detailed Metrics,Monthly Plan Annual Revenue,349200
01-12-2024,Detailed Metrics,Monthly Plan Annual Revenue,389160
01-01-2025,Detailed Metrics,Monthly Plan Annual Revenue,432720
01-02-2025,Detailed Metrics,Monthly Plan Annual Revenue,479880
01-03-2025,Detailed Metrics,Monthly Plan Annual Revenue,531000
01-04-2025,Detailed Metrics,Monthly Plan Annual Revenue,586800
01-05-2025,Detailed Metrics,Monthly Plan Annual Revenue,647640
01-06-2025,Detailed Metrics,Monthly Plan Annual Revenue,714240
01-07-2025,Detailed Metrics,Monthly Plan Annual Revenue,787320
01-08-2025,Detailed Metrics,Monthly Plan Annual Revenue,867600
01-09-2025,Detailed Metrics,Monthly Plan Annual Revenue,955440
01-10-2025,Detailed Metrics,Monthly Plan Annual Revenue,1052280
01-11-2025,Detailed Metrics,Monthly Plan Annual Revenue,1158840
01-12-2025,Detailed Metrics,Monthly Plan Annual Revenue,1275480
01-01-2026,Detailed Metrics,Monthly Plan Annual Revenue,1404000
01-02-2026,Detailed Metrics,Monthly Plan Annual Revenue,1545120
01-03-2026,Detailed Metrics,Monthly Plan Annual Revenue,1700280
01-04-2026,Detailed Metrics,Monthly Plan Annual Revenue,1871280
01-05-2026,Detailed Metrics,Monthly Plan Annual Revenue,2058840
01-06-2026,Detailed Metrics,Monthly Plan Annual Revenue,2265120
01-07-2026,Detailed Metrics,Monthly Plan Annual Revenue,2491920
01-08-2026,Detailed Metrics,Monthly Plan Annual Revenue,2741400
01-09-2026,Detailed Metrics,Monthly Plan Annual Revenue,3015720
01-10-2026,Detailed Metrics,Monthly Plan Annual Revenue,3317040
01-11-2026,Detailed Metrics,Monthly Plan Annual Revenue,3648600
01-12-2026,Detailed Metrics,Monthly Plan Annual Revenue,4013280
01-01-2027,Detailed Metrics,Monthly Plan Annual Revenue,4414320
01-02-2027,Detailed Metrics,Monthly Plan Annual Revenue,4855680
01-03-2027,Detailed Metrics,Monthly Plan Annual Revenue,5341320
01-04-2027,Detailed Metrics,Monthly Plan Annual Revenue,5875200
01-05-2027,Detailed Metrics,Monthly Plan Annual Revenue,6462720
01-06-2027,Detailed Metrics,Monthly Plan Annual Revenue,7108920
01-07-2027,Detailed Metrics,Monthly Plan Annual Revenue,7819920
01-08-2027,Detailed Metrics,Monthly Plan Annual Revenue,8602200
01-09-2027,Detailed Metrics,Monthly Plan Annual Revenue,9462600
01-10-2027,Detailed Metrics,Monthly Plan Annual Revenue,10408680
01-11-2027,Detailed Metrics,Monthly Plan Annual Revenue,11449440
01-12-2027,Detailed Metrics,Monthly Plan Annual Revenue,12594240
01-01-2028,Detailed Metrics,Monthly Plan Annual Revenue,13853520
01-02-2028,Detailed Metrics,Monthly Plan Annual Revenue,15239160
01-03-2028,Detailed Metrics,Monthly Plan Annual Revenue,16763040
01-04-2028,Detailed Metrics,Monthly Plan Annual Revenue,18439200
01-05-2028,Detailed Metrics,Monthly Plan Annual Revenue,20283120
01-06-2028,Detailed Metrics,Monthly Plan Annual Revenue,22311720
01-07-2028,Detailed Metrics,Monthly Plan Annual Revenue,24543000
01-08-2028,Detailed Metrics,Monthly Plan Annual Revenue,26997840
01-09-2028,Detailed Metrics,Monthly Plan Annual Revenue,29698200
01-10-2028,Detailed Metrics,Monthly Plan Annual Revenue,32668560
01-11-2028,Detailed Metrics,Monthly Plan Annual Revenue,35935920
01-12-2028,Detailed Metrics,Monthly Plan Annual Revenue,39530160
01-01-2024,Detailed Metrics,Annual Plan Annual Revenue,18150
01-02-2024,Detailed Metrics,Annual Plan Annual Revenue,37620
01-03-2024,Detailed Metrics,Annual Plan Annual Revenue,58410
01-04-2024,Detailed Metrics,Annual Plan Annual Revenue,80520
01-05-2024,Detailed Metrics,Annual Plan Annual Revenue,104280
01-06-2024,Detailed Metrics,Annual Plan Annual Revenue,129690
01-07-2024,Detailed Metrics,Annual Plan Annual Revenue,156750
01-08-2024,Detailed Metrics,Annual Plan Annual Revenue,185790
01-09-2024,Detailed Metrics,Annual Plan Annual Revenue,216810
01-10-2024,Detailed Metrics,Annual Plan Annual Revenue,250140
01-11-2024,Detailed Metrics,Annual Plan Annual Revenue,285780
01-12-2024,Detailed Metrics,Annual Plan Annual Revenue,324060
01-01-2025,Detailed Metrics,Annual Plan Annual Revenue,358710
01-02-2025,Detailed Metrics,Annual Plan Annual Revenue,395670
01-03-2025,Detailed Metrics,Annual Plan Annual Revenue,435270
01-04-2025,Detailed Metrics,Annual Plan Annual Revenue,477840
01-05-2025,Detailed Metrics,Annual Plan Annual Revenue,523380
01-06-2025,Detailed Metrics,Annual Plan Annual Revenue,571890
01-07-2025,Detailed Metrics,Annual Plan Annual Revenue,623700
01-08-2025,Detailed Metrics,Annual Plan Annual Revenue,679140
01-09-2025,Detailed Metrics,Annual Plan Annual Revenue,738540
01-10-2025,Detailed Metrics,Annual Plan Annual Revenue,802230
01-11-2025,Detailed Metrics,Annual Plan Annual Revenue,870210
01-12-2025,Detailed Metrics,Annual Plan Annual Revenue,942810
01-01-2026,Detailed Metrics,Annual Plan Annual Revenue,1008810
01-02-2026,Detailed Metrics,Annual Plan Annual Revenue,1079430
01-03-2026,Detailed Metrics,Annual Plan Annual Revenue,1155000
01-04-2026,Detailed Metrics,Annual Plan Annual Revenue,1235850
01-05-2026,Detailed Metrics,Annual Plan Annual Revenue,1322310
01-06-2026,Detailed Metrics,Annual Plan Annual Revenue,1415040
01-07-2026,Detailed Metrics,Annual Plan Annual Revenue,1514370
01-08-2026,Detailed Metrics,Annual Plan Annual Revenue,1620300
01-09-2026,Detailed Metrics,Annual Plan Annual Revenue,1733490
01-10-2026,Detailed Metrics,Annual Plan Annual Revenue,1854600
01-11-2026,Detailed Metrics,Annual Plan Annual Revenue,1984620
01-12-2026,Detailed Metrics,Annual Plan Annual Revenue,2123550
01-01-2027,Detailed Metrics,Annual Plan Annual Revenue,2271720
01-02-2027,Detailed Metrics,Annual Plan Annual Revenue,2430450
01-03-2027,Detailed Metrics,Annual Plan Annual Revenue,2600400
01-04-2027,Detailed Metrics,Annual Plan Annual Revenue,2781900
01-05-2027,Detailed Metrics,Annual Plan Annual Revenue,2976270
01-06-2027,Detailed Metrics,Annual Plan Annual Revenue,3184500
01-07-2027,Detailed Metrics,Annual Plan Annual Revenue,3407250
01-08-2027,Detailed Metrics,Annual Plan Annual Revenue,3645840
01-09-2027,Detailed Metrics,Annual Plan Annual Revenue,3901260
01-10-2027,Detailed Metrics,Annual Plan Annual Revenue,4174500
01-11-2027,Detailed Metrics,Annual Plan Annual Revenue,4466880
01-12-2027,Detailed Metrics,Annual Plan Annual Revenue,4780050
01-01-2028,Detailed Metrics,Annual Plan Annual Revenue,5115330
01-02-2028,Detailed Metrics,Annual Plan Annual Revenue,5474040
01-03-2028,Detailed Metrics,Annual Plan Annual Revenue,5857500
01-04-2028,Detailed Metrics,Annual Plan Annual Revenue,6268350
01-05-2028,Detailed Metrics,Annual Plan Annual Revenue,6707910
01-06-2028,Detailed Metrics,Annual Plan Annual Revenue,7178160
01-07-2028,Detailed Metrics,Annual Plan Annual Revenue,7681410
01-08-2028,Detailed Metrics,Annual Plan Annual Revenue,8219970
01-09-2028,Detailed Metrics,Annual Plan Annual Revenue,8796150
01-10-2028,Detailed Metrics,Annual Plan Annual Revenue,9412260
01-11-2028,Detailed Metrics,Annual Plan Annual Revenue,10071270
01-12-2028,Detailed Metrics,Annual Plan Annual Revenue,10776480
01-01-2024,Detailed Metrics,ARR,50550
01-02-2024,Detailed Metrics,ARR,100620
01-03-2024,Detailed Metrics,ARR,151290
01-04-2024,Detailed Metrics,ARR,202560
01-05-2024,Detailed Metrics,ARR,255480
01-06-2024,Detailed Metrics,ARR,310410
01-07-2024,Detailed Metrics,ARR,368070
01-08-2024,Detailed Metrics,ARR,428790
01-09-2024,Detailed Metrics,ARR,493290
01-10-2024,Detailed Metrics,ARR,561900
01-11-2024,Detailed Metrics,ARR,634980
01-12-2024,Detailed Metrics,ARR,713220
01-01-2025,Detailed Metrics,ARR,791430
01-02-2025,Detailed Metrics,ARR,875550
01-03-2025,Detailed Metrics,ARR,966270
01-04-2025,Detailed Metrics,ARR,1064640
01-05-2025,Detailed Metrics,ARR,1171020
01-06-2025,Detailed Metrics,ARR,1286130
01-07-2025,Detailed Metrics,ARR,1411020
01-08-2025,Detailed Metrics,ARR,1546740
01-09-2025,Detailed Metrics,ARR,1693980
01-10-2025,Detailed Metrics,ARR,1854510
01-11-2025,Detailed Metrics,ARR,2029050
01-12-2025,Detailed Metrics,ARR,2218290
01-01-2026,Detailed Metrics,ARR,2412810
01-02-2026,Detailed Metrics,ARR,2624550
01-03-2026,Detailed Metrics,ARR,2855280
01-04-2026,Detailed Metrics,ARR,3107130
01-05-2026,Detailed Metrics,ARR,3381150
01-06-2026,Detailed Metrics,ARR,3680160
01-07-2026,Detailed Metrics,ARR,4006290
01-08-2026,Detailed Metrics,ARR,4361700
01-09-2026,Detailed Metrics,ARR,4749210
01-10-2026,Detailed Metrics,ARR,5171640
01-11-2026,Detailed Metrics,ARR,5633220
01-12-2026,Detailed Metrics,ARR,6136830
01-01-2027,Detailed Metrics,ARR,6686040
01-02-2027,Detailed Metrics,ARR,7286130
01-03-2027,Detailed Metrics,ARR,7941720
01-04-2027,Detailed Metrics,ARR,8657100
01-05-2027,Detailed Metrics,ARR,9438990
01-06-2027,Detailed Metrics,ARR,10293420
01-07-2027,Detailed Metrics,ARR,11227170
01-08-2027,Detailed Metrics,ARR,12248040
01-09-2027,Detailed Metrics,ARR,13363860
01-10-2027,Detailed Metrics,ARR,14583180
01-11-2027,Detailed Metrics,ARR,15916320
01-12-2027,Detailed Metrics,ARR,17374290
01-01-2028,Detailed Metrics,ARR,18968850
01-02-2028,Detailed Metrics,ARR,20713200
01-03-2028,Detailed Metrics,ARR,22620540
01-04-2028,Detailed Metrics,ARR,24707550
01-05-2028,Detailed Metrics,ARR,26991030
01-06-2028,Detailed Metrics,ARR,29489880
01-07-2028,Detailed Metrics,ARR,32224410
01-08-2028,Detailed Metrics,ARR,35217810
01-09-2028,Detailed Metrics,ARR,38494350
01-10-2028,Detailed Metrics,ARR,42080820
01-11-2028,Detailed Metrics,ARR,46007190
01-12-2028,Detailed Metrics,ARR,50306640
01-01-2024,Detailed Metrics,Active Monthly Subscribers,90
01-02-2024,Detailed Metrics,Active Monthly Subscribers,175
01-03-2024,Detailed Metrics,Active Monthly Subscribers,258
01-04-2024,Detailed Metrics,Active Monthly Subscribers,339
01-05-2024,Detailed Metrics,Active Monthly Subscribers,420
01-06-2024,Detailed Metrics,Active Monthly Subscribers,502
01-07-2024,Detailed Metrics,Active Monthly Subscribers,587
01-08-2024,Detailed Metrics,Active Monthly Subscribers,675
01-09-2024,Detailed Metrics,Active Monthly Subscribers,768
01-10-2024,Detailed Metrics,Active Monthly Subscribers,866
01-11-2024,Detailed Metrics,Active Monthly Subscribers,970
01-12-2024,Detailed Metrics,Active Monthly Subscribers,1081
01-01-2025,Detailed Metrics,Active Monthly Subscribers,1202
01-02-2025,Detailed Metrics,Active Monthly Subscribers,1333
01-03-2025,Detailed Metrics,Active Monthly Subscribers,1475
01-04-2025,Detailed Metrics,Active Monthly Subscribers,1630
01-05-2025,Detailed Metrics,Active Monthly Subscribers,1799
01-06-2025,Detailed Metrics,Active Monthly Subscribers,1984
01-07-2025,Detailed Metrics,Active Monthly Subscribers,2187
01-08-2025,Detailed Metrics,Active Monthly Subscribers,2410
01-09-2025,Detailed Metrics,Active Monthly Subscribers,2654
01-10-2025,Detailed Metrics,Active Monthly Subscribers,2923
01-11-2025,Detailed Metrics,Active Monthly Subscribers,3219
01-12-2025,Detailed Metrics,Active Monthly Subscribers,3543
01-01-2026,Detailed Metrics,Active Monthly Subscribers,3900
01-02-2026,Detailed Metrics,Active Monthly Subscribers,4292
01-03-2026,Detailed Metrics,Active Monthly Subscribers,4723
01-04-2026,Detailed Metrics,Active Monthly Subscribers,5198
01-05-2026,Detailed Metrics,Active Monthly Subscribers,5719
01-06-2026,Detailed Metrics,Active Monthly Subscribers,6292
01-07-2026,Detailed Metrics,Active Monthly Subscribers,6922
01-08-2026,Detailed Metrics,Active Monthly Subscribers,7615
01-09-2026,Detailed Metrics,Active Monthly Subscribers,8377
01-10-2026,Detailed Metrics,Active Monthly Subscribers,9214
01-11-2026,Detailed Metrics,Active Monthly Subscribers,10135
01-12-2026,Detailed Metrics,Active Monthly Subscribers,11148
01-01-2027,Detailed Metrics,Active Monthly Subscribers,12262
01-02-2027,Detailed Metrics,Active Monthly Subscribers,13488
01-03-2027,Detailed Metrics,Active Monthly Subscribers,14837
01-04-2027,Detailed Metrics,Active Monthly Subscribers,16320
01-05-2027,Detailed Metrics,Active Monthly Subscribers,17952
01-06-2027,Detailed Metrics,Active Monthly Subscribers,19747
01-07-2027,Detailed Metrics,Active Monthly Subscribers,21722
01-08-2027,Detailed Metrics,Active Monthly Subscribers,23895
01-09-2027,Detailed Metrics,Active Monthly Subscribers,26285
01-10-2027,Detailed Metrics,Active Monthly Subscribers,28913
01-11-2027,Detailed Metrics,Active Monthly Subscribers,31804
01-12-2027,Detailed Metrics,Active Monthly Subscribers,34984
01-01-2028,Detailed Metrics,Active Monthly Subscribers,38482
01-02-2028,Detailed Metrics,Active Monthly Subscribers,42331
01-03-2028,Detailed Metrics,Active Monthly Subscribers,46564
01-04-2028,Detailed Metrics,Active Monthly Subscribers,51220
01-05-2028,Detailed Metrics,Active Monthly Subscribers,56342
01-06-2028,Detailed Metrics,Active Monthly Subscribers,61977
01-07-2028,Detailed Metrics,Active Monthly Subscribers,68175
01-08-2028,Detailed Metrics,Active Monthly Subscribers,74994
01-09-2028,Detailed Metrics,Active Monthly Subscribers,82495
01-10-2028,Detailed Metrics,Active Monthly Subscribers,90746
01-11-2028,Detailed Metrics,Active Monthly Subscribers,99822
01-12-2028,Detailed Metrics,Active Monthly Subscribers,109806
01-01-2024,Detailed Metrics,Active Annual Subscribers,55
01-02-2024,Detailed Metrics,Active Annual Subscribers,114
01-03-2024,Detailed Metrics,Active Annual Subscribers,177
01-04-2024,Detailed Metrics,Active Annual Subscribers,244
01-05-2024,Detailed Metrics,Active Annual Subscribers,316
01-06-2024,Detailed Metrics,Active Annual Subscribers,393
01-07-2024,Detailed Metrics,Active Annual Subscribers,475
01-08-2024,Detailed Metrics,Active Annual Subscribers,563
01-09-2024,Detailed Metrics,Active Annual Subscribers,657
01-10-2024,Detailed Metrics,Active Annual Subscribers,758
01-11-2024,Detailed Metrics,Active Annual Subscribers,866
01-12-2024,Detailed Metrics,Active Annual Subscribers,982
01-01-2025,Detailed Metrics,Active Annual Subscribers,1087
01-02-2025,Detailed Metrics,Active Annual Subscribers,1199
01-03-2025,Detailed Metrics,Active Annual Subscribers,1319
01-04-2025,Detailed Metrics,Active Annual Subscribers,1448
01-05-2025,Detailed Metrics,Active Annual Subscribers,1586
01-06-2025,Detailed Metrics,Active Annual Subscribers,1733
01-07-2025,Detailed Metrics,Active Annual Subscribers,1890
01-08-2025,Detailed Metrics,Active Annual Subscribers,2058
01-09-2025,Detailed Metrics,Active Annual Subscribers,2238
01-10-2025,Detailed Metrics,Active Annual Subscribers,2431
01-11-2025,Detailed Metrics,Active Annual Subscribers,2637
01-12-2025,Detailed Metrics,Active Annual Subscribers,2857
01-01-2026,Detailed Metrics,Active Annual Subscribers,3093
01-02-2026,Detailed Metrics,Active Annual Subscribers,3345
01-03-2026,Detailed Metrics,Active Annual Subscribers,3615
01-04-2026,Detailed Metrics,Active Annual Subscribers,3904
01-05-2026,Detailed Metrics,Active Annual Subscribers,4213
01-06-2026,Detailed Metrics,Active Annual Subscribers,4544
01-07-2026,Detailed Metrics,Active Annual Subscribers,4898
01-08-2026,Detailed Metrics,Active Annual Subscribers,5276
01-09-2026,Detailed Metrics,Active Annual Subscribers,5680
01-10-2026,Detailed Metrics,Active Annual Subscribers,6113
01-11-2026,Detailed Metrics,Active Annual Subscribers,6577
01-12-2026,Detailed Metrics,Active Annual Subscribers,7073
01-01-2027,Detailed Metrics,Active Annual Subscribers,7603
01-02-2027,Detailed Metrics,Active Annual Subscribers,8170
01-03-2027,Detailed Metrics,Active Annual Subscribers,8777
01-04-2027,Detailed Metrics,Active Annual Subscribers,9426
01-05-2027,Detailed Metrics,Active Annual Subscribers,10121
01-06-2027,Detailed Metrics,Active Annual Subscribers,10865
01-07-2027,Detailed Metrics,Active Annual Subscribers,11661
01-08-2027,Detailed Metrics,Active Annual Subscribers,12513
01-09-2027,Detailed Metrics,Active Annual Subscribers,13425
01-10-2027,Detailed Metrics,Active Annual Subscribers,14401
01-11-2027,Detailed Metrics,Active Annual Subscribers,15446
01-12-2027,Detailed Metrics,Active Annual Subscribers,16565
01-01-2028,Detailed Metrics,Active Annual Subscribers,17762
01-02-2028,Detailed Metrics,Active Annual Subscribers,19043
01-03-2028,Detailed Metrics,Active Annual Subscribers,20413
01-04-2028,Detailed Metrics,Active Annual Subscribers,21880
01-05-2028,Detailed Metrics,Active Annual Subscribers,23450
01-06-2028,Detailed Metrics,Active Annual Subscribers,25130
01-07-2028,Detailed Metrics,Active Annual Subscribers,26927
01-08-2028,Detailed Metrics,Active Annual Subscribers,28850
01-09-2028,Detailed Metrics,Active Annual Subscribers,30907
01-10-2028,Detailed Metrics,Active Annual Subscribers,33107
01-11-2028,Detailed Metrics,Active Annual Subscribers,35461
01-12-2028,Detailed Metrics,Active Annual Subscribers,37980
01-01-2024,Detailed Metrics,Active Total Subscribers,145
01-02-2024,Detailed Metrics,Active Total Subscribers,289
01-03-2024,Detailed Metrics,Active Total Subscribers,435
01-04-2024,Detailed Metrics,Active Total Subscribers,583
01-05-2024,Detailed Metrics,Active Total Subscribers,736
01-06-2024,Detailed Metrics,Active Total Subscribers,895
01-07-2024,Detailed Metrics,Active Total Subscribers,1062
01-08-2024,Detailed Metrics,Active Total Subscribers,1238
01-09-2024,Detailed Metrics,Active Total Subscribers,1425
01-10-2024,Detailed Metrics,Active Total Subscribers,1624
01-11-2024,Detailed Metrics,Active Total Subscribers,1836
01-12-2024,Detailed Metrics,Active Total Subscribers,2063
01-01-2025,Detailed Metrics,Active Total Subscribers,2289
01-02-2025,Detailed Metrics,Active Total Subscribers,2532
01-03-2025,Detailed Metrics,Active Total Subscribers,2794
01-04-2025,Detailed Metrics,Active Total Subscribers,3078
01-05-2025,Detailed Metrics,Active Total Subscribers,3385
01-06-2025,Detailed Metrics,Active Total Subscribers,3717
01-07-2025,Detailed Metrics,Active Total Subscribers,4077
01-08-2025,Detailed Metrics,Active Total Subscribers,4468
01-09-2025,Detailed Metrics,Active Total Subscribers,4892
01-10-2025,Detailed Metrics,Active Total Subscribers,5354
01-11-2025,Detailed Metrics,Active Total Subscribers,5856
01-12-2025,Detailed Metrics,Active Total Subscribers,6400
01-01-2026,Detailed Metrics,Active Total Subscribers,6993
01-02-2026,Detailed Metrics,Active Total Subscribers,7637
01-03-2026,Detailed Metrics,Active Total Subscribers,8338
01-04-2026,Detailed Metrics,Active Total Subscribers,9102
01-05-2026,Detailed Metrics,Active Total Subscribers,9932
01-06-2026,Detailed Metrics,Active Total Subscribers,10836
01-07-2026,Detailed Metrics,Active Total Subscribers,11820
01-08-2026,Detailed Metrics,Active Total Subscribers,12891
01-09-2026,Detailed Metrics,Active Total Subscribers,14057
01-10-2026,Detailed Metrics,Active Total Subscribers,15327
01-11-2026,Detailed Metrics,Active Total Subscribers,16712
01-12-2026,Detailed Metrics,Active Total Subscribers,18221
01-01-2027,Detailed Metrics,Active Total Subscribers,19865
01-02-2027,Detailed Metrics,Active Total Subscribers,21658
01-03-2027,Detailed Metrics,Active Total Subscribers,23614
01-04-2027,Detailed Metrics,Active Total Subscribers,25746
01-05-2027,Detailed Metrics,Active Total Subscribers,28073
01-06-2027,Detailed Metrics,Active Total Subscribers,30612
01-07-2027,Detailed Metrics,Active Total Subscribers,33383
01-08-2027,Detailed Metrics,Active Total Subscribers,36408
01-09-2027,Detailed Metrics,Active Total Subscribers,39710
01-10-2027,Detailed Metrics,Active Total Subscribers,43314
01-11-2027,Detailed Metrics,Active Total Subscribers,47250
01-12-2027,Detailed Metrics,Active Total Subscribers,51549
01-01-2028,Detailed Metrics,Active Total Subscribers,56244
01-02-2028,Detailed Metrics,Active Total Subscribers,61374
01-03-2028,Detailed Metrics,Active Total Subscribers,66977
01-04-2028,Detailed Metrics,Active Total Subscribers,73100
01-05-2028,Detailed Metrics,Active Total Subscribers,79792
01-06-2028,Detailed Metrics,Active Total Subscribers,87107
01-07-2028,Detailed Metrics,Active Total Subscribers,95102
01-08-2028,Detailed Metrics,Active Total Subscribers,103844
01-09-2028,Detailed Metrics,Active Total Subscribers,113402
01-10-2028,Detailed Metrics,Active Total Subscribers,123853
01-11-2028,Detailed Metrics,Active Total Subscribers,135283
01-12-2028,Detailed Metrics,Active Total Subscribers,147786
01-01-2024,Detailed Metrics,New Monthly Subscribers,90
01-02-2024,Detailed Metrics,New Monthly Subscribers,99
01-03-2024,Detailed Metrics,New Monthly Subscribers,109
01-04-2024,Detailed Metrics,New Monthly Subscribers,120
01-05-2024,Detailed Metrics,New Monthly Subscribers,132
01-06-2024,Detailed Metrics,New Monthly Subscribers,145
01-07-2024,Detailed Metrics,New Monthly Subscribers,160
01-08-2024,Detailed Metrics,New Monthly Subscribers,176
01-09-2024,Detailed Metrics,New Monthly Subscribers,194
01-10-2024,Detailed Metrics,New Monthly Subscribers,213
01-11-2024,Detailed Metrics,New Monthly Subscribers,234
01-12-2024,Detailed Metrics,New Monthly Subscribers,257
01-01-2025,Detailed Metrics,New Monthly Subscribers,283
01-02-2025,Detailed Metrics,New Monthly Subscribers,311
01-03-2025,Detailed Metrics,New Monthly Subscribers,342
01-04-2025,Detailed Metrics,New Monthly Subscribers,376
01-05-2025,Detailed Metrics,New Monthly Subscribers,414
01-06-2025,Detailed Metrics,New Monthly Subscribers,455
01-07-2025,Detailed Metrics,New Monthly Subscribers,501
01-08-2025,Detailed Metrics,New Monthly Subscribers,551
01-09-2025,Detailed Metrics,New Monthly Subscribers,606
01-10-2025,Detailed Metrics,New Monthly Subscribers,667
01-11-2025,Detailed Metrics,New Monthly Subscribers,734
01-12-2025,Detailed Metrics,New Monthly Subscribers,807
01-01-2026,Detailed Metrics,New Monthly Subscribers,888
01-02-2026,Detailed Metrics,New Monthly Subscribers,977
01-03-2026,Detailed Metrics,New Monthly Subscribers,1075
01-04-2026,Detailed Metrics,New Monthly Subscribers,1183
01-05-2026,Detailed Metrics,New Monthly Subscribers,1301
01-06-2026,Detailed Metrics,New Monthly Subscribers,1431
01-07-2026,Detailed Metrics,New Monthly Subscribers,1574
01-08-2026,Detailed Metrics,New Monthly Subscribers,1731
01-09-2026,Detailed Metrics,New Monthly Subscribers,1904
01-10-2026,Detailed Metrics,New Monthly Subscribers,2094
01-11-2026,Detailed Metrics,New Monthly Subscribers,2303
01-12-2026,Detailed Metrics,New Monthly Subscribers,2533
01-01-2027,Detailed Metrics,New Monthly Subscribers,2786
01-02-2027,Detailed Metrics,New Monthly Subscribers,3065
01-03-2027,Detailed Metrics,New Monthly Subscribers,3372
01-04-2027,Detailed Metrics,New Monthly Subscribers,3709
01-05-2027,Detailed Metrics,New Monthly Subscribers,4080
01-06-2027,Detailed Metrics,New Monthly Subscribers,4488
01-07-2027,Detailed Metrics,New Monthly Subscribers,4937
01-08-2027,Detailed Metrics,New Monthly Subscribers,5431
01-09-2027,Detailed Metrics,New Monthly Subscribers,5974
01-10-2027,Detailed Metrics,New Monthly Subscribers,6571
01-11-2027,Detailed Metrics,New Monthly Subscribers,7228
01-12-2027,Detailed Metrics,New Monthly Subscribers,7951
01-01-2028,Detailed Metrics,New Monthly Subscribers,8746
01-02-2028,Detailed Metrics,New Monthly Subscribers,9621
01-03-2028,Detailed Metrics,New Monthly Subscribers,10583
01-04-2028,Detailed Metrics,New Monthly Subscribers,11641
01-05-2028,Detailed Metrics,New Monthly Subscribers,12805
01-06-2028,Detailed Metrics,New Monthly Subscribers,14086
01-07-2028,Detailed Metrics,New Monthly Subscribers,15495
01-08-2028,Detailed Metrics,New Monthly Subscribers,17045
01-09-2028,Detailed Metrics,New Monthly Subscribers,18750
01-10-2028,Detailed Metrics,New Monthly Subscribers,20625
01-11-2028,Detailed Metrics,New Monthly Subscribers,22688
01-12-2028,Detailed Metrics,New Monthly Subscribers,24957
01-01-2024,Detailed Metrics,New Annual Subscribers,55
01-02-2024,Detailed Metrics,New Annual Subscribers,59
01-03-2024,Detailed Metrics,New Annual Subscribers,63
01-04-2024,Detailed Metrics,New Annual Subscribers,67
01-05-2024,Detailed Metrics,New Annual Subscribers,72
01-06-2024,Detailed Metrics,New Annual Subscribers,77
01-07-2024,Detailed Metrics,New Annual Subscribers,82
01-08-2024,Detailed Metrics,New Annual Subscribers,88
01-09-2024,Detailed Metrics,New Annual Subscribers,94
01-10-2024,Detailed Metrics,New Annual Subscribers,101
01-11-2024,Detailed Metrics,New Annual Subscribers,108
01-12-2024,Detailed Metrics,New Annual Subscribers,116
01-01-2025,Detailed Metrics,New Annual Subscribers,124
01-02-2025,Detailed Metrics,New Annual Subscribers,133
01-03-2025,Detailed Metrics,New Annual Subscribers,142
01-04-2025,Detailed Metrics,New Annual Subscribers,152
01-05-2025,Detailed Metrics,New Annual Subscribers,163
01-06-2025,Detailed Metrics,New Annual Subscribers,174
01-07-2025,Detailed Metrics,New Annual Subscribers,186
01-08-2025,Detailed Metrics,New Annual Subscribers,199
01-09-2025,Detailed Metrics,New Annual Subscribers,213
01-10-2025,Detailed Metrics,New Annual Subscribers,228
01-11-2025,Detailed Metrics,New Annual Subscribers,244
01-12-2025,Detailed Metrics,New Annual Subscribers,261
01-01-2026,Detailed Metrics,New Annual Subscribers,279
01-02-2026,Detailed Metrics,New Annual Subscribers,299
01-03-2026,Detailed Metrics,New Annual Subscribers,320
01-04-2026,Detailed Metrics,New Annual Subscribers,342
01-05-2026,Detailed Metrics,New Annual Subscribers,366
01-06-2026,Detailed Metrics,New Annual Subscribers,392
01-07-2026,Detailed Metrics,New Annual Subscribers,419
01-08-2026,Detailed Metrics,New Annual Subscribers,448
01-09-2026,Detailed Metrics,New Annual Subscribers,479
01-10-2026,Detailed Metrics,New Annual Subscribers,513
01-11-2026,Detailed Metrics,New Annual Subscribers,549
01-12-2026,Detailed Metrics,New Annual Subscribers,587
01-01-2027,Detailed Metrics,New Annual Subscribers,628
01-02-2027,Detailed Metrics,New Annual Subscribers,672
01-03-2027,Detailed Metrics,New Annual Subscribers,719
01-04-2027,Detailed Metrics,New Annual Subscribers,769
01-05-2027,Detailed Metrics,New Annual Subscribers,823
01-06-2027,Detailed Metrics,New Annual Subscribers,881
01-07-2027,Detailed Metrics,New Annual Subscribers,943
01-08-2027,Detailed Metrics,New Annual Subscribers,1009
01-09-2027,Detailed Metrics,New Annual Subscribers,1080
01-10-2027,Detailed Metrics,New Annual Subscribers,1156
01-11-2027,Detailed Metrics,New Annual Subscribers,1237
01-12-2027,Detailed Metrics,New Annual Subscribers,1324
01-01-2028,Detailed Metrics,New Annual Subscribers,1417
01-02-2028,Detailed Metrics,New Annual Subscribers,1516
01-03-2028,Detailed Metrics,New Annual Subscribers,1622
01-04-2028,Detailed Metrics,New Annual Subscribers,1736
01-05-2028,Detailed Metrics,New Annual Subscribers,1858
01-06-2028,Detailed Metrics,New Annual Subscribers,1988
01-07-2028,Detailed Metrics,New Annual Subscribers,2127
01-08-2028,Detailed Metrics,New Annual Subscribers,2276
01-09-2028,Detailed Metrics,New Annual Subscribers,2435
01-10-2028,Detailed Metrics,New Annual Subscribers,2605
01-11-2028,Detailed Metrics,New Annual Subscribers,2787
01-12-2028,Detailed Metrics,New Annual Subscribers,2982
01-01-2024,Detailed Metrics,Total New Subscribers,145
01-02-2024,Detailed Metrics,Total New Subscribers,158
01-03-2024,Detailed Metrics,Total New Subscribers,172
01-04-2024,Detailed Metrics,Total New Subscribers,187
01-05-2024,Detailed Metrics,Total New Subscribers,204
01-06-2024,Detailed Metrics,Total New Subscribers,222
01-07-2024,Detailed Metrics,Total New Subscribers,242
01-08-2024,Detailed Metrics,Total New Subscribers,264
01-09-2024,Detailed Metrics,Total New Subscribers,288
01-10-2024,Detailed Metrics,Total New Subscribers,314
01-11-2024,Detailed Metrics,Total New Subscribers,342
01-12-2024,Detailed Metrics,Total New Subscribers,373
01-01-2025,Detailed Metrics,Total New Subscribers,407
01-02-2025,Detailed Metrics,Total New Subscribers,444
01-03-2025,Detailed Metrics,Total New Subscribers,484
01-04-2025,Detailed Metrics,Total New Subscribers,528
01-05-2025,Detailed Metrics,Total New Subscribers,577
01-06-2025,Detailed Metrics,Total New Subscribers,629
01-07-2025,Detailed Metrics,Total New Subscribers,687
01-08-2025,Detailed Metrics,Total New Subscribers,750
01-09-2025,Detailed Metrics,Total New Subscribers,819
01-10-2025,Detailed Metrics,Total New Subscribers,895
01-11-2025,Detailed Metrics,Total New Subscribers,978
01-12-2025,Detailed Metrics,Total New Subscribers,1068
01-01-2026,Detailed Metrics,Total New Subscribers,1167
01-02-2026,Detailed Metrics,Total New Subscribers,1276
01-03-2026,Detailed Metrics,Total New Subscribers,1395
01-04-2026,Detailed Metrics,Total New Subscribers,1525
01-05-2026,Detailed Metrics,Total New Subscribers,1667
01-06-2026,Detailed Metrics,Total New Subscribers,1823
01-07-2026,Detailed Metrics,Total New Subscribers,1993
01-08-2026,Detailed Metrics,Total New Subscribers,2179
01-09-2026,Detailed Metrics,Total New Subscribers,2383
01-10-2026,Detailed Metrics,Total New Subscribers,2607
01-11-2026,Detailed Metrics,Total New Subscribers,2852
01-12-2026,Detailed Metrics,Total New Subscribers,3120
01-01-2027,Detailed Metrics,Total New Subscribers,3414
01-02-2027,Detailed Metrics,Total New Subscribers,3737
01-03-2027,Detailed Metrics,Total New Subscribers,4091
01-04-2027,Detailed Metrics,Total New Subscribers,4478
01-05-2027,Detailed Metrics,Total New Subscribers,4903
01-06-2027,Detailed Metrics,Total New Subscribers,5369
01-07-2027,Detailed Metrics,Total New Subscribers,5880
01-08-2027,Detailed Metrics,Total New Subscribers,6440
01-09-2027,Detailed Metrics,Total New Subscribers,7054
01-10-2027,Detailed Metrics,Total New Subscribers,7727
01-11-2027,Detailed Metrics,Total New Subscribers,8465
01-12-2027,Detailed Metrics,Total New Subscribers,9275
01-01-2028,Detailed Metrics,Total New Subscribers,10163
01-02-2028,Detailed Metrics,Total New Subscribers,11137
01-03-2028,Detailed Metrics,Total New Subscribers,12205
01-04-2028,Detailed Metrics,Total New Subscribers,13377
01-05-2028,Detailed Metrics,Total New Subscribers,14663
01-06-2028,Detailed Metrics,Total New Subscribers,16074
01-07-2028,Detailed Metrics,Total New Subscribers,17622
01-08-2028,Detailed Metrics,Total New Subscribers,19321
01-09-2028,Detailed Metrics,Total New Subscribers,21185
01-10-2028,Detailed Metrics,Total New Subscribers,23230
01-11-2028,Detailed Metrics,Total New Subscribers,25475
01-12-2028,Detailed Metrics,Total New Subscribers,27939
01-01-2024,Detailed Metrics,Monthly Subscribers CAC,100
01-02-2024,Detailed Metrics,Monthly Subscribers CAC,100
01-03-2024,Detailed Metrics,Monthly Subscribers CAC,100
01-04-2024,Detailed Metrics,Monthly Subscribers CAC,95
01-05-2024,Detailed Metrics,Monthly Subscribers CAC,95
01-06-2024,Detailed Metrics,Monthly Subscribers CAC,95
01-07-2024,Detailed Metrics,Monthly Subscribers CAC,90.25
01-08-2024,Detailed Metrics,Monthly Subscribers CAC,90.25
01-09-2024,Detailed Metrics,Monthly Subscribers CAC,90.25
01-10-2024,Detailed Metrics,Monthly Subscribers CAC,85.7375
01-11-2024,Detailed Metrics,Monthly Subscribers CAC,85.7375
01-12-2024,Detailed Metrics,Monthly Subscribers CAC,85.7375
01-01-2025,Detailed Metrics,Monthly Subscribers CAC,81.450625
01-02-2025,Detailed Metrics,Monthly Subscribers CAC,81.450625
01-03-2025,Detailed Metrics,Monthly Subscribers CAC,81.450625
01-04-2025,Detailed Metrics,Monthly Subscribers CAC,77.37809375
01-05-2025,Detailed Metrics,Monthly Subscribers CAC,77.37809375
01-06-2025,Detailed Metrics,Monthly Subscribers CAC,77.37809375
01-07-2025,Detailed Metrics,Monthly Subscribers CAC,73.50918906
01-08-2025,Detailed Metrics,Monthly Subscribers CAC,73.50918906
01-09-2025,Detailed Metrics,Monthly Subscribers CAC,73.50918906
01-10-2025,Detailed Metrics,Monthly Subscribers CAC,69.83372961
01-11-2025,Detailed Metrics,Monthly Subscribers CAC,69.83372961
01-12-2025,Detailed Metrics,Monthly Subscribers CAC,69.83372961
01-01-2026,Detailed Metrics,Monthly Subscribers CAC,66.34204313
01-02-2026,Detailed Metrics,Monthly Subscribers CAC,66.34204313
01-03-2026,Detailed Metrics,Monthly Subscribers CAC,66.34204313
01-04-2026,Detailed Metrics,Monthly Subscribers CAC,63.02494097
01-05-2026,Detailed Metrics,Monthly Subscribers CAC,63.02494097
01-06-2026,Detailed Metrics,Monthly Subscribers CAC,63.02494097
01-07-2026,Detailed Metrics,Monthly Subscribers CAC,59.87369392
01-08-2026,Detailed Metrics,Monthly Subscribers CAC,59.87369392
01-09-2026,Detailed Metrics,Monthly Subscribers CAC,59.87369392
01-10-2026,Detailed Metrics,Monthly Subscribers CAC,56.88000923
01-11-2026,Detailed Metrics,Monthly Subscribers CAC,56.88000923
01-12-2026,Detailed Metrics,Monthly Subscribers CAC,56.88000923
01-01-2027,Detailed Metrics,Monthly Subscribers CAC,54.03600877
01-02-2027,Detailed Metrics,Monthly Subscribers CAC,54.03600877
01-03-2027,Detailed Metrics,Monthly Subscribers CAC,54.03600877
01-04-2027,Detailed Metrics,Monthly Subscribers CAC,51.33420833
01-05-2027,Detailed Metrics,Monthly Subscribers CAC,51.33420833
01-06-2027,Detailed Metrics,Monthly Subscribers CAC,51.33420833
01-07-2027,Detailed Metrics,Monthly Subscribers CAC,48.76749791
01-08-2027,Detailed Metrics,Monthly Subscribers CAC,48.76749791
01-09-2027,Detailed Metrics,Monthly Subscribers CAC,48.76749791
01-10-2027,Detailed Metrics,Monthly Subscribers CAC,46.32912302
01-11-2027,Detailed Metrics,Monthly Subscribers CAC,46.32912302
01-12-2027,Detailed Metrics,Monthly Subscribers CAC,46.32912302
01-01-2028,Detailed Metrics,Monthly Subscribers CAC,44.01266687
01-02-2028,Detailed Metrics,Monthly Subscribers CAC,44.01266687
01-03-2028,Detailed Metrics,Monthly Subscribers CAC,44.01266687
01-04-2028,Detailed Metrics,Monthly Subscribers CAC,41.81203352
01-05-2028,Detailed Metrics,Monthly Subscribers CAC,41.81203352
01-06-2028,Detailed Metrics,Monthly Subscribers CAC,41.81203352
01-07-2028,Detailed Metrics,Monthly Subscribers CAC,39.72143185
01-08-2028,Detailed Metrics,Monthly Subscribers CAC,39.72143185
01-09-2028,Detailed Metrics,Monthly Subscribers CAC,39.72143185
01-10-2028,Detailed Metrics,Monthly Subscribers CAC,37.73536025
01-11-2028,Detailed Metrics,Monthly Subscribers CAC,37.73536025
01-12-2028,Detailed Metrics,Monthly Subscribers CAC,37.73536025
01-01-2024,Detailed Metrics,Annual Subscribers CAC,200
01-02-2024,Detailed Metrics,Annual Subscribers CAC,200
01-03-2024,Detailed Metrics,Annual Subscribers CAC,200
01-04-2024,Detailed Metrics,Annual Subscribers CAC,194
01-05-2024,Detailed Metrics,Annual Subscribers CAC,194
01-06-2024,Detailed Metrics,Annual Subscribers CAC,194
01-07-2024,Detailed Metrics,Annual Subscribers CAC,188.18
01-08-2024,Detailed Metrics,Annual Subscribers CAC,188.18
01-09-2024,Detailed Metrics,Annual Subscribers CAC,188.18
01-10-2024,Detailed Metrics,Annual Subscribers CAC,182.5346
01-11-2024,Detailed Metrics,Annual Subscribers CAC,182.5346
01-12-2024,Detailed Metrics,Annual Subscribers CAC,182.5346
01-01-2025,Detailed Metrics,Annual Subscribers CAC,177.058562
01-02-2025,Detailed Metrics,Annual Subscribers CAC,177.058562
01-03-2025,Detailed Metrics,Annual Subscribers CAC,177.058562
01-04-2025,Detailed Metrics,Annual Subscribers CAC,171.7468051
01-05-2025,Detailed Metrics,Annual Subscribers CAC,171.7468051
01-06-2025,Detailed Metrics,Annual Subscribers CAC,171.7468051
01-07-2025,Detailed Metrics,Annual Subscribers CAC,166.594401
01-08-2025,Detailed Metrics,Annual Subscribers CAC,166.594401
01-09-2025,Detailed Metrics,Annual Subscribers CAC,166.594401
01-10-2025,Detailed Metrics,Annual Subscribers CAC,161.596569
01-11-2025,Detailed Metrics,Annual Subscribers CAC,161.596569
01-12-2025,Detailed Metrics,Annual Subscribers CAC,161.596569
01-01-2026,Detailed Metrics,Annual Subscribers CAC,156.7486719
01-02-2026,Detailed Metrics,Annual Subscribers CAC,156.7486719
01-03-2026,Detailed Metrics,Annual Subscribers CAC,156.7486719
01-04-2026,Detailed Metrics,Annual Subscribers CAC,152.0462117
01-05-2026,Detailed Metrics,Annual Subscribers CAC,152.0462117
01-06-2026,Detailed Metrics,Annual Subscribers CAC,152.0462117
01-07-2026,Detailed Metrics,Annual Subscribers CAC,147.4848254
01-08-2026,Detailed Metrics,Annual Subscribers CAC,147.4848254
01-09-2026,Detailed Metrics,Annual Subscribers CAC,147.4848254
01-10-2026,Detailed Metrics,Annual Subscribers CAC,143.0602806
01-11-2026,Detailed Metrics,Annual Subscribers CAC,143.0602806
01-12-2026,Detailed Metrics,Annual Subscribers CAC,143.0602806
01-01-2027,Detailed Metrics,Annual Subscribers CAC,138.7684722
01-02-2027,Detailed Metrics,Annual Subscribers CAC,138.7684722
01-03-2027,Detailed Metrics,Annual Subscribers CAC,138.7684722
01-04-2027,Detailed Metrics,Annual Subscribers CAC,134.605418
01-05-2027,Detailed Metrics,Annual Subscribers CAC,134.605418
01-06-2027,Detailed Metrics,Annual Subscribers CAC,134.605418
01-07-2027,Detailed Metrics,Annual Subscribers CAC,130.5672555
01-08-2027,Detailed Metrics,Annual Subscribers CAC,130.5672555
01-09-2027,Detailed Metrics,Annual Subscribers CAC,130.5672555
01-10-2027,Detailed Metrics,Annual Subscribers CAC,126.6502378
01-11-2027,Detailed Metrics,Annual Subscribers CAC,126.6502378
01-12-2027,Detailed Metrics,Annual Subscribers CAC,126.6502378
01-01-2028,Detailed Metrics,Annual Subscribers CAC,122.8507307
01-02-2028,Detailed Metrics,Annual Subscribers CAC,122.8507307
01-03-2028,Detailed Metrics,Annual Subscribers CAC,122.8507307
01-04-2028,Detailed Metrics,Annual Subscribers CAC,119.1652088
01-05-2028,Detailed Metrics,Annual Subscribers CAC,119.1652088
01-06-2028,Detailed Metrics,Annual Subscribers CAC,119.1652088
01-07-2028,Detailed Metrics,Annual Subscribers CAC,115.5902525
01-08-2028,Detailed Metrics,Annual Subscribers CAC,115.5902525
01-09-2028,Detailed Metrics,Annual Subscribers CAC,115.5902525
01-10-2028,Detailed Metrics,Annual Subscribers CAC,112.1225449
01-11-2028,Detailed Metrics,Annual Subscribers CAC,112.1225449
01-12-2028,Detailed Metrics,Annual Subscribers CAC,112.1225449
01-01-2024,Detailed Metrics,Blended CAC,137.9310345
01-02-2024,Detailed Metrics,Blended CAC,137.3417722
01-03-2024,Detailed Metrics,Blended CAC,136.627907
01-04-2024,Detailed Metrics,Blended CAC,130.4705882
01-05-2024,Detailed Metrics,Blended CAC,129.9411765
01-06-2024,Detailed Metrics,Blended CAC,129.3378378
01-07-2024,Detailed Metrics,Blended CAC,123.4328926
01-08-2024,Detailed Metrics,Blended CAC,122.8933333
01-09-2024,Detailed Metrics,Blended CAC,122.2132639
01-10-2024,Detailed Metrics,Blended CAC,116.8728729
01-11-2024,Detailed Metrics,Blended CAC,116.3050053
01-12-2024,Detailed Metrics,Blended CAC,115.8406196
01-01-2025,Detailed Metrics,Blended CAC,110.5793331
01-02-2025,Detailed Metrics,Blended CAC,110.0899395
01-03-2025,Detailed Metrics,Blended CAC,109.5008875
01-04-2025,Detailed Metrics,Blended CAC,104.544844
01-05-2025,Detailed Metrics,Blended CAC,104.0368458
01-06-2025,Detailed Metrics,Blended CAC,103.4832699
01-07-2025,Detailed Metrics,Blended CAC,98.71129884
01-08-2025,Detailed Metrics,Blended CAC,98.20779863
01-09-2025,Detailed Metrics,Blended CAC,97.71816359
01-10-2025,Detailed Metrics,Blended CAC,93.21018477
01-11-2025,Detailed Metrics,Blended CAC,92.72752593
01-12-2025,Detailed Metrics,Blended CAC,92.25891788
01-01-2026,Detailed Metrics,Blended CAC,87.95596723
01-02-2026,Detailed Metrics,Blended CAC,87.52666852
01-03-2026,Detailed Metrics,Blended CAC,87.08048127
01-04-2026,Detailed Metrics,Blended CAC,82.98905546
01-05-2026,Detailed Metrics,Blended CAC,82.570103
01-06-2026,Detailed Metrics,Blended CAC,82.16719996
01-07-2026,Detailed Metrics,Blended CAC,78.29269246
01-08-2026,Detailed Metrics,Blended CAC,77.88644605
01-09-2026,Detailed Metrics,Blended CAC,77.48415635
01-10-2026,Detailed Metrics,Blended CAC,73.83838254
01-11-2026,Detailed Metrics,Blended CAC,73.4694093
01-12-2026,Detailed Metrics,Blended CAC,73.09405388
01-01-2027,Detailed Metrics,Blended CAC,69.62241387
01-02-2027,Detailed Metrics,Blended CAC,69.27288739
01-03-2027,Detailed Metrics,Blended CAC,68.92787902
01-04-2027,Detailed Metrics,Blended CAC,65.63424412
01-05-2027,Detailed Metrics,Blended CAC,65.31181502
01-06-2027,Detailed Metrics,Blended CAC,64.99819338
01-07-2027,Detailed Metrics,Blended CAC,61.88606448
01-08-2027,Detailed Metrics,Blended CAC,61.58364005
01-09-2027,Detailed Metrics,Blended CAC,61.29141883
01-10-2027,Detailed Metrics,Blended CAC,58.3455859
01-11-2027,Detailed Metrics,Blended CAC,58.06653814
01-12-2027,Detailed Metrics,Blended CAC,57.79490803
01-01-2028,Detailed Metrics,Blended CAC,55.00484796
01-02-2028,Detailed Metrics,Blended CAC,54.74432752
01-03-2028,Detailed Metrics,Blended CAC,54.4899581
01-04-2028,Detailed Metrics,Blended CAC,51.85054083
01-05-2028,Detailed Metrics,Blended CAC,51.61372483
01-06-2028,Detailed Metrics,Blended CAC,51.3789187
01-07-2028,Detailed Metrics,Blended CAC,48.87890441
01-08-2028,Detailed Metrics,Blended CAC,48.65872473
01-09-2028,Detailed Metrics,Blended CAC,48.44178013
01-10-2028,Detailed Metrics,Blended CAC,46.07710008
01-11-2028,Detailed Metrics,Blended CAC,45.87342046
01-12-2028,Detailed Metrics,Blended CAC,45.67489226
01-01-2024,Detailed Metrics,Monthly Subscribers Total CAC,9000
01-02-2024,Detailed Metrics,Monthly Subscribers Total CAC,9900
01-03-2024,Detailed Metrics,Monthly Subscribers Total CAC,10900
01-04-2024,Detailed Metrics,Monthly Subscribers Total CAC,11400
01-05-2024,Detailed Metrics,Monthly Subscribers Total CAC,12540
01-06-2024,Detailed Metrics,Monthly Subscribers Total CAC,13775
01-07-2024,Detailed Metrics,Monthly Subscribers Total CAC,14440
01-08-2024,Detailed Metrics,Monthly Subscribers Total CAC,15884
01-09-2024,Detailed Metrics,Monthly Subscribers Total CAC,17508.5
01-10-2024,Detailed Metrics,Monthly Subscribers Total CAC,18262.0875
01-11-2024,Detailed Metrics,Monthly Subscribers Total CAC,20062.575
01-12-2024,Detailed Metrics,Monthly Subscribers Total CAC,22034.5375
01-01-2025,Detailed Metrics,Monthly Subscribers Total CAC,23050.52688
01-02-2025,Detailed Metrics,Monthly Subscribers Total CAC,25331.14438
01-03-2025,Detailed Metrics,Monthly Subscribers Total CAC,27856.11375
01-04-2025,Detailed Metrics,Monthly Subscribers Total CAC,29094.16325
01-05-2025,Detailed Metrics,Monthly Subscribers Total CAC,32034.53081
01-06-2025,Detailed Metrics,Monthly Subscribers Total CAC,35207.03266
01-07-2025,Detailed Metrics,Monthly Subscribers Total CAC,36828.10372
01-08-2025,Detailed Metrics,Monthly Subscribers Total CAC,40503.56317
01-09-2025,Detailed Metrics,Monthly Subscribers Total CAC,44546.56857
01-10-2025,Detailed Metrics,Monthly Subscribers Total CAC,46579.09765
01-11-2025,Detailed Metrics,Monthly Subscribers Total CAC,51257.95753
01-12-2025,Detailed Metrics,Monthly Subscribers Total CAC,56355.81979
01-01-2026,Detailed Metrics,Monthly Subscribers Total CAC,58911.7343
01-02-2026,Detailed Metrics,Monthly Subscribers Total CAC,64816.17614
01-03-2026,Detailed Metrics,Monthly Subscribers Total CAC,71317.69636
01-04-2026,Detailed Metrics,Monthly Subscribers Total CAC,74558.50517
01-05-2026,Detailed Metrics,Monthly Subscribers Total CAC,81995.44821
01-06-2026,Detailed Metrics,Monthly Subscribers Total CAC,90188.69053
01-07-2026,Detailed Metrics,Monthly Subscribers Total CAC,94241.19424
01-08-2026,Detailed Metrics,Monthly Subscribers Total CAC,103641.3642
01-09-2026,Detailed Metrics,Monthly Subscribers Total CAC,113999.5132
01-10-2026,Detailed Metrics,Monthly Subscribers Total CAC,119106.7393
01-11-2026,Detailed Metrics,Monthly Subscribers Total CAC,130994.6613
01-12-2026,Detailed Metrics,Monthly Subscribers Total CAC,144077.0634
01-01-2027,Detailed Metrics,Monthly Subscribers Total CAC,150544.3204
01-02-2027,Detailed Metrics,Monthly Subscribers Total CAC,165620.3669
01-03-2027,Detailed Metrics,Monthly Subscribers Total CAC,182209.4216
01-04-2027,Detailed Metrics,Monthly Subscribers Total CAC,190398.5787
01-05-2027,Detailed Metrics,Monthly Subscribers Total CAC,209443.57
01-06-2027,Detailed Metrics,Monthly Subscribers Total CAC,230387.927
01-07-2027,Detailed Metrics,Monthly Subscribers Total CAC,240765.1372
01-08-2027,Detailed Metrics,Monthly Subscribers Total CAC,264856.2812
01-09-2027,Detailed Metrics,Monthly Subscribers Total CAC,291337.0325
01-10-2027,Detailed Metrics,Monthly Subscribers Total CAC,304428.6673
01-11-2027,Detailed Metrics,Monthly Subscribers Total CAC,334866.9012
01-12-2027,Detailed Metrics,Monthly Subscribers Total CAC,368362.8571
01-01-2028,Detailed Metrics,Monthly Subscribers Total CAC,384934.7844
01-02-2028,Detailed Metrics,Monthly Subscribers Total CAC,423445.8679
01-03-2028,Detailed Metrics,Monthly Subscribers Total CAC,465786.0534
01-04-2028,Detailed Metrics,Monthly Subscribers Total CAC,486733.8822
01-05-2028,Detailed Metrics,Monthly Subscribers Total CAC,535403.0892
01-06-2028,Detailed Metrics,Monthly Subscribers Total CAC,588964.3042
01-07-2028,Detailed Metrics,Monthly Subscribers Total CAC,615483.5865
01-08-2028,Detailed Metrics,Monthly Subscribers Total CAC,677051.8058
01-09-2028,Detailed Metrics,Monthly Subscribers Total CAC,744776.8471
01-10-2028,Detailed Metrics,Monthly Subscribers Total CAC,778291.8052
01-11-2028,Detailed Metrics,Monthly Subscribers Total CAC,856139.8534
01-12-2028,Detailed Metrics,Monthly Subscribers Total CAC,941761.3858
01-01-2024,Detailed Metrics,Annual Subscribers Total CAC,11000
01-02-2024,Detailed Metrics,Annual Subscribers Total CAC,11800
01-03-2024,Detailed Metrics,Annual Subscribers Total CAC,12600
01-04-2024,Detailed Metrics,Annual Subscribers Total CAC,12998
01-05-2024,Detailed Metrics,Annual Subscribers Total CAC,13968
01-06-2024,Detailed Metrics,Annual Subscribers Total CAC,14938
01-07-2024,Detailed Metrics,Annual Subscribers Total CAC,15430.76
01-08-2024,Detailed Metrics,Annual Subscribers Total CAC,16559.84
01-09-2024,Detailed Metrics,Annual Subscribers Total CAC,17688.92
01-10-2024,Detailed Metrics,Annual Subscribers Total CAC,18435.9946
01-11-2024,Detailed Metrics,Annual Subscribers Total CAC,19713.7368
01-12-2024,Detailed Metrics,Annual Subscribers Total CAC,21174.0136
01-01-2025,Detailed Metrics,Annual Subscribers Total CAC,21955.26169
01-02-2025,Detailed Metrics,Annual Subscribers Total CAC,23548.78875
01-03-2025,Detailed Metrics,Annual Subscribers Total CAC,25142.3158
01-04-2025,Detailed Metrics,Annual Subscribers Total CAC,26105.51438
01-05-2025,Detailed Metrics,Annual Subscribers Total CAC,27994.72924
01-06-2025,Detailed Metrics,Annual Subscribers Total CAC,29883.94409
01-07-2025,Detailed Metrics,Annual Subscribers Total CAC,30986.55858
01-08-2025,Detailed Metrics,Annual Subscribers Total CAC,33152.2858
01-09-2025,Detailed Metrics,Annual Subscribers Total CAC,35484.60741
01-10-2025,Detailed Metrics,Annual Subscribers Total CAC,36844.01772
01-11-2025,Detailed Metrics,Annual Subscribers Total CAC,39429.56283
01-12-2025,Detailed Metrics,Annual Subscribers Total CAC,42176.7045
01-01-2026,Detailed Metrics,Annual Subscribers Total CAC,43732.87946
01-02-2026,Detailed Metrics,Annual Subscribers Total CAC,46867.85289
01-03-2026,Detailed Metrics,Annual Subscribers Total CAC,50159.575
01-04-2026,Detailed Metrics,Annual Subscribers Total CAC,51999.80441
01-05-2026,Detailed Metrics,Annual Subscribers Total CAC,55648.91349
01-06-2026,Detailed Metrics,Annual Subscribers Total CAC,59602.115
01-07-2026,Detailed Metrics,Annual Subscribers Total CAC,61796.14183
01-08-2026,Detailed Metrics,Annual Subscribers Total CAC,66073.20177
01-09-2026,Detailed Metrics,Annual Subscribers Total CAC,70645.23136
01-10-2026,Detailed Metrics,Annual Subscribers Total CAC,73389.92396
01-11-2026,Detailed Metrics,Annual Subscribers Total CAC,78540.09406
01-12-2026,Detailed Metrics,Annual Subscribers Total CAC,83976.38472
01-01-2027,Detailed Metrics,Annual Subscribers Total CAC,87146.60054
01-02-2027,Detailed Metrics,Annual Subscribers Total CAC,93252.41332
01-03-2027,Detailed Metrics,Annual Subscribers Total CAC,99774.53151
01-04-2027,Detailed Metrics,Annual Subscribers Total CAC,103511.5665
01-05-2027,Detailed Metrics,Annual Subscribers Total CAC,110780.259
01-06-2027,Detailed Metrics,Annual Subscribers Total CAC,118587.3733
01-07-2027,Detailed Metrics,Annual Subscribers Total CAC,123124.9219
01-08-2027,Detailed Metrics,Annual Subscribers Total CAC,131742.3608
01-09-2027,Detailed Metrics,Annual Subscribers Total CAC,141012.6359
01-10-2027,Detailed Metrics,Annual Subscribers Total CAC,146407.6749
01-11-2027,Detailed Metrics,Annual Subscribers Total CAC,156666.3442
01-12-2027,Detailed Metrics,Annual Subscribers Total CAC,167684.9149
01-01-2028,Detailed Metrics,Annual Subscribers Total CAC,174079.4854
01-02-2028,Detailed Metrics,Annual Subscribers Total CAC,186241.7077
01-03-2028,Detailed Metrics,Annual Subscribers Total CAC,199263.8852
01-04-2028,Detailed Metrics,Annual Subscribers Total CAC,206870.8024
01-05-2028,Detailed Metrics,Annual Subscribers Total CAC,221408.9579
01-06-2028,Detailed Metrics,Annual Subscribers Total CAC,236900.435
01-07-2028,Detailed Metrics,Annual Subscribers Total CAC,245860.4671
01-08-2028,Detailed Metrics,Annual Subscribers Total CAC,263083.4147
01-09-2028,Detailed Metrics,Annual Subscribers Total CAC,281462.2649
01-10-2028,Detailed Metrics,Annual Subscribers Total CAC,292079.2296
01-11-2028,Detailed Metrics,Annual Subscribers Total CAC,312485.5327
01-12-2028,Detailed Metrics,Annual Subscribers Total CAC,334349.429
01-01-2024,Detailed Metrics,Total CAC,20000
01-02-2024,Detailed Metrics,Total CAC,21700
01-03-2024,Detailed Metrics,Total CAC,23500
01-04-2024,Detailed Metrics,Total CAC,24398
01-05-2024,Detailed Metrics,Total CAC,26508
01-06-2024,Detailed Metrics,Total CAC,28713
01-07-2024,Detailed Metrics,Total CAC,29870.76
01-08-2024,Detailed Metrics,Total CAC,32443.84
01-09-2024,Detailed Metrics,Total CAC,35197.42
01-10-2024,Detailed Metrics,Total CAC,36698.0821
01-11-2024,Detailed Metrics,Total CAC,39776.3118
01-12-2024,Detailed Metrics,Total CAC,43208.5511
01-01-2025,Detailed Metrics,Total CAC,45005.78856
01-02-2025,Detailed Metrics,Total CAC,48879.93312
01-03-2025,Detailed Metrics,Total CAC,52998.42955
01-04-2025,Detailed Metrics,Total CAC,55199.67763
01-05-2025,Detailed Metrics,Total CAC,60029.26005
01-06-2025,Detailed Metrics,Total CAC,65090.97675
01-07-2025,Detailed Metrics,Total CAC,67814.6623
01-08-2025,Detailed Metrics,Total CAC,73655.84897
01-09-2025,Detailed Metrics,Total CAC,80031.17598
01-10-2025,Detailed Metrics,Total CAC,83423.11537
01-11-2025,Detailed Metrics,Total CAC,90687.52036
01-12-2025,Detailed Metrics,Total CAC,98532.52429
01-01-2026,Detailed Metrics,Total CAC,102644.6138
01-02-2026,Detailed Metrics,Total CAC,111684.029
01-03-2026,Detailed Metrics,Total CAC,121477.2714
01-04-2026,Detailed Metrics,Total CAC,126558.3096
01-05-2026,Detailed Metrics,Total CAC,137644.3617
01-06-2026,Detailed Metrics,Total CAC,149790.8055
01-07-2026,Detailed Metrics,Total CAC,156037.3361
01-08-2026,Detailed Metrics,Total CAC,169714.566
01-09-2026,Detailed Metrics,Total CAC,184644.7446
01-10-2026,Detailed Metrics,Total CAC,192496.6633
01-11-2026,Detailed Metrics,Total CAC,209534.7553
01-12-2026,Detailed Metrics,Total CAC,228053.4481
01-01-2027,Detailed Metrics,Total CAC,237690.921
01-02-2027,Detailed Metrics,Total CAC,258872.7802
01-03-2027,Detailed Metrics,Total CAC,281983.9531
01-04-2027,Detailed Metrics,Total CAC,293910.1452
01-05-2027,Detailed Metrics,Total CAC,320223.829
01-06-2027,Detailed Metrics,Total CAC,348975.3003
01-07-2027,Detailed Metrics,Total CAC,363890.0591
01-08-2027,Detailed Metrics,Total CAC,396598.6419
01-09-2027,Detailed Metrics,Total CAC,432349.6685
01-10-2027,Detailed Metrics,Total CAC,450836.3423
01-11-2027,Detailed Metrics,Total CAC,491533.2454
01-12-2027,Detailed Metrics,Total CAC,536047.772
01-01-2028,Detailed Metrics,Total CAC,559014.2698
01-02-2028,Detailed Metrics,Total CAC,609687.5756
01-03-2028,Detailed Metrics,Total CAC,665049.9386
01-04-2028,Detailed Metrics,Total CAC,693604.6847
01-05-2028,Detailed Metrics,Total CAC,756812.0471
01-06-2028,Detailed Metrics,Total CAC,825864.7392
01-07-2028,Detailed Metrics,Total CAC,861344.0535
01-08-2028,Detailed Metrics,Total CAC,940135.2205
01-09-2028,Detailed Metrics,Total CAC,1026239.112
01-10-2028,Detailed Metrics,Total CAC,1070371.035
01-11-2028,Detailed Metrics,Total CAC,1168625.386
01-12-2028,Detailed Metrics,Total CAC,1276110.815
01-01-2024,Detailed Metrics,Monthly Plan ARPU (Monthly),30
01-02-2024,Detailed Metrics,Monthly Plan ARPU (Monthly),30
01-03-2024,Detailed Metrics,Monthly Plan ARPU (Monthly),30
01-04-2024,Detailed Metrics,Monthly Plan ARPU (Monthly),30
01-05-2024,Detailed Metrics,Monthly Plan ARPU (Monthly),30
01-06-2024,Detailed Metrics,Monthly Plan ARPU (Monthly),30
01-07-2024,Detailed Metrics,Monthly Plan ARPU (Monthly),30
01-08-2024,Detailed Metrics,Monthly Plan ARPU (Monthly),30
01-09-2024,Detailed Metrics,Monthly Plan ARPU (Monthly),30
01-10-2024,Detailed Metrics,Monthly Plan ARPU (Monthly),30
01-11-2024,Detailed Metrics,Monthly Plan ARPU (Monthly),30
01-12-2024,Detailed Metrics,Monthly Plan ARPU (Monthly),30
01-01-2025,Detailed Metrics,Monthly Plan ARPU (Monthly),30
01-02-2025,Detailed Metrics,Monthly Plan ARPU (Monthly),30
01-03-2025,Detailed Metrics,Monthly Plan ARPU (Monthly),30
01-04-2025,Detailed Metrics,Monthly Plan ARPU (Monthly),30
01-05-2025,Detailed Metrics,Monthly Plan ARPU (Monthly),30
01-06-2025,Detailed Metrics,Monthly Plan ARPU (Monthly),30
01-07-2025,Detailed Metrics,Monthly Plan ARPU (Monthly),30
01-08-2025,Detailed Metrics,Monthly Plan ARPU (Monthly),30
01-09-2025,Detailed Metrics,Monthly Plan ARPU (Monthly),30
01-10-2025,Detailed Metrics,Monthly Plan ARPU (Monthly),30
01-11-2025,Detailed Metrics,Monthly Plan ARPU (Monthly),30
01-12-2025,Detailed Metrics,Monthly Plan ARPU (Monthly),30
01-01-2026,Detailed Metrics,Monthly Plan ARPU (Monthly),30
01-02-2026,Detailed Metrics,Monthly Plan ARPU (Monthly),30
01-03-2026,Detailed Metrics,Monthly Plan ARPU (Monthly),30
01-04-2026,Detailed Metrics,Monthly Plan ARPU (Monthly),30
01-05-2026,Detailed Metrics,Monthly Plan ARPU (Monthly),30
01-06-2026,Detailed Metrics,Monthly Plan ARPU (Monthly),30
01-07-2026,Detailed Metrics,Monthly Plan ARPU (Monthly),30
01-08-2026,Detailed Metrics,Monthly Plan ARPU (Monthly),30
01-09-2026,Detailed Metrics,Monthly Plan ARPU (Monthly),30
01-10-2026,Detailed Metrics,Monthly Plan ARPU (Monthly),30
01-11-2026,Detailed Metrics,Monthly Plan ARPU (Monthly),30
01-12-2026,Detailed Metrics,Monthly Plan ARPU (Monthly),30
01-01-2027,Detailed Metrics,Monthly Plan ARPU (Monthly),30
01-02-2027,Detailed Metrics,Monthly Plan ARPU (Monthly),30
01-03-2027,Detailed Metrics,Monthly Plan ARPU (Monthly),30
01-04-2027,Detailed Metrics,Monthly Plan ARPU (Monthly),30
01-05-2027,Detailed Metrics,Monthly Plan ARPU (Monthly),30
01-06-2027,Detailed Metrics,Monthly Plan ARPU (Monthly),30
01-07-2027,Detailed Metrics,Monthly Plan ARPU (Monthly),30
01-08-2027,Detailed Metrics,Monthly Plan ARPU (Monthly),30
01-09-2027,Detailed Metrics,Monthly Plan ARPU (Monthly),30
01-10-2027,Detailed Metrics,Monthly Plan ARPU (Monthly),30
01-11-2027,Detailed Metrics,Monthly Plan ARPU (Monthly),30
01-12-2027,Detailed Metrics,Monthly Plan ARPU (Monthly),30
01-01-2028,Detailed Metrics,Monthly Plan ARPU (Monthly),30
01-02-2028,Detailed Metrics,Monthly Plan ARPU (Monthly),30
01-03-2028,Detailed Metrics,Monthly Plan ARPU (Monthly),30
01-04-2028,Detailed Metrics,Monthly Plan ARPU (Monthly),30
01-05-2028,Detailed Metrics,Monthly Plan ARPU (Monthly),30
01-06-2028,Detailed Metrics,Monthly Plan ARPU (Monthly),30
01-07-2028,Detailed Metrics,Monthly Plan ARPU (Monthly),30
01-08-2028,Detailed Metrics,Monthly Plan ARPU (Monthly),30
01-09-2028,Detailed Metrics,Monthly Plan ARPU (Monthly),30
01-10-2028,Detailed Metrics,Monthly Plan ARPU (Monthly),30
01-11-2028,Detailed Metrics,Monthly Plan ARPU (Monthly),30
01-12-2028,Detailed Metrics,Monthly Plan ARPU (Monthly),30
01-01-2024,Detailed Metrics,Annual Plan ARPU (Monthly),27.5
01-02-2024,Detailed Metrics,Annual Plan ARPU (Monthly),27.5
01-03-2024,Detailed Metrics,Annual Plan ARPU (Monthly),27.5
01-04-2024,Detailed Metrics,Annual Plan ARPU (Monthly),27.5
01-05-2024,Detailed Metrics,Annual Plan ARPU (Monthly),27.5
01-06-2024,Detailed Metrics,Annual Plan ARPU (Monthly),27.5
01-07-2024,Detailed Metrics,Annual Plan ARPU (Monthly),27.5
01-08-2024,Detailed Metrics,Annual Plan ARPU (Monthly),27.5
01-09-2024,Detailed Metrics,Annual Plan ARPU (Monthly),27.5
01-10-2024,Detailed Metrics,Annual Plan ARPU (Monthly),27.5
01-11-2024,Detailed Metrics,Annual Plan ARPU (Monthly),27.5
01-12-2024,Detailed Metrics,Annual Plan ARPU (Monthly),27.5
01-01-2025,Detailed Metrics,Annual Plan ARPU (Monthly),27.5
01-02-2025,Detailed Metrics,Annual Plan ARPU (Monthly),27.5
01-03-2025,Detailed Metrics,Annual Plan ARPU (Monthly),27.5
01-04-2025,Detailed Metrics,Annual Plan ARPU (Monthly),27.5
01-05-2025,Detailed Metrics,Annual Plan ARPU (Monthly),27.5
01-06-2025,Detailed Metrics,Annual Plan ARPU (Monthly),27.5
01-07-2025,Detailed Metrics,Annual Plan ARPU (Monthly),27.5
01-08-2025,Detailed Metrics,Annual Plan ARPU (Monthly),27.5
01-09-2025,Detailed Metrics,Annual Plan ARPU (Monthly),27.5
01-10-2025,Detailed Metrics,Annual Plan ARPU (Monthly),27.5
01-11-2025,Detailed Metrics,Annual Plan ARPU (Monthly),27.5
01-12-2025,Detailed Metrics,Annual Plan ARPU (Monthly),27.5
01-01-2026,Detailed Metrics,Annual Plan ARPU (Monthly),27.17992241
01-02-2026,Detailed Metrics,Annual Plan ARPU (Monthly),26.8916293
01-03-2026,Detailed Metrics,Annual Plan ARPU (Monthly),26.62517289
01-04-2026,Detailed Metrics,Annual Plan ARPU (Monthly),26.37999488
01-05-2026,Detailed Metrics,Annual Plan ARPU (Monthly),26.15535248
01-06-2026,Detailed Metrics,Annual Plan ARPU (Monthly),25.95070423
01-07-2026,Detailed Metrics,Annual Plan ARPU (Monthly),25.76510821
01-08-2026,Detailed Metrics,Annual Plan ARPU (Monthly),25.59230478
01-09-2026,Detailed Metrics,Annual Plan ARPU (Monthly),25.43265845
01-10-2026,Detailed Metrics,Annual Plan ARPU (Monthly),25.28218551
01-11-2026,Detailed Metrics,Annual Plan ARPU (Monthly),25.14596321
01-12-2026,Detailed Metrics,Annual Plan ARPU (Monthly),25.01944012
01-01-2027,Detailed Metrics,Annual Plan ARPU (Monthly),24.89938182
01-02-2027,Detailed Metrics,Annual Plan ARPU (Monthly),24.79039168
01-03-2027,Detailed Metrics,Annual Plan ARPU (Monthly),24.68952945
01-04-2027,Detailed Metrics,Annual Plan ARPU (Monthly),24.59420751
01-05-2027,Detailed Metrics,Annual Plan ARPU (Monthly),24.50573066
01-06-2027,Detailed Metrics,Annual Plan ARPU (Monthly),24.4247584
01-07-2027,Detailed Metrics,Annual Plan ARPU (Monthly),24.34932682
01-08-2027,Detailed Metrics,Annual Plan ARPU (Monthly),24.28034844
01-09-2027,Detailed Metrics,Annual Plan ARPU (Monthly),24.21638734
01-10-2027,Detailed Metrics,Annual Plan ARPU (Monthly),24.15630859
01-11-2027,Detailed Metrics,Annual Plan ARPU (Monthly),24.09944322
01-12-2027,Detailed Metrics,Annual Plan ARPU (Monthly),24.04693631
01-01-2028,Detailed Metrics,Annual Plan ARPU (Monthly),23.99940885
01-02-2028,Detailed Metrics,Annual Plan ARPU (Monthly),23.95473402
01-03-2028,Detailed Metrics,Annual Plan ARPU (Monthly),23.91245775
01-04-2028,Detailed Metrics,Annual Plan ARPU (Monthly),23.87397166
01-05-2028,Detailed Metrics,Annual Plan ARPU (Monthly),23.83763326
01-06-2028,Detailed Metrics,Annual Plan ARPU (Monthly),23.8034222
01-07-2028,Detailed Metrics,Annual Plan ARPU (Monthly),23.77232889
01-08-2028,Detailed Metrics,Annual Plan ARPU (Monthly),23.74341421
01-09-2028,Detailed Metrics,Annual Plan ARPU (Monthly),23.71671466
01-10-2028,Detailed Metrics,Annual Plan ARPU (Monthly),23.69151539
01-11-2028,Detailed Metrics,Annual Plan ARPU (Monthly),23.66747977
01-12-2028,Detailed Metrics,Annual Plan ARPU (Monthly),23.64507636
01-01-2024,Detailed Metrics,Blended ARPU (Monthly),29.05172414
01-02-2024,Detailed Metrics,Blended ARPU (Monthly),29.01384083
01-03-2024,Detailed Metrics,Blended ARPU (Monthly),28.98275862
01-04-2024,Detailed Metrics,Blended ARPU (Monthly),28.95368782
01-05-2024,Detailed Metrics,Blended ARPU (Monthly),28.92663043
01-06-2024,Detailed Metrics,Blended ARPU (Monthly),28.90223464
01-07-2024,Detailed Metrics,Blended ARPU (Monthly),28.88182674
01-08-2024,Detailed Metrics,Blended ARPU (Monthly),28.86308562
01-09-2024,Detailed Metrics,Blended ARPU (Monthly),28.84736842
01-10-2024,Detailed Metrics,Blended ARPU (Monthly),28.83312808
01-11-2024,Detailed Metrics,Blended ARPU (Monthly),28.8208061
01-12-2024,Detailed Metrics,Blended ARPU (Monthly),28.80998546
01-01-2025,Detailed Metrics,Blended ARPU (Monthly),28.81280035
01-02-2025,Detailed Metrics,Blended ARPU (Monthly),28.81615324
01-03-2025,Detailed Metrics,Blended ARPU (Monthly),28.81979241
01-04-2025,Detailed Metrics,Blended ARPU (Monthly),28.82391163
01-05-2025,Detailed Metrics,Blended ARPU (Monthly),28.82865583
01-06-2025,Detailed Metrics,Blended ARPU (Monthly),28.83440947
01-07-2025,Detailed Metrics,Blended ARPU (Monthly),28.8410596
01-08-2025,Detailed Metrics,Blended ARPU (Monthly),28.84847807
01-09-2025,Detailed Metrics,Blended ARPU (Monthly),28.85629599
01-10-2025,Detailed Metrics,Blended ARPU (Monthly),28.86486739
01-11-2025,Detailed Metrics,Blended ARPU (Monthly),28.87423156
01-12-2025,Detailed Metrics,Blended ARPU (Monthly),28.88398438
01-01-2026,Detailed Metrics,Blended ARPU (Monthly),28.75268125
01-02-2026,Detailed Metrics,Blended ARPU (Monthly),28.63853607
01-03-2026,Detailed Metrics,Blended ARPU (Monthly),28.53681938
01-04-2026,Detailed Metrics,Blended ARPU (Monthly),28.44731927
01-05-2026,Detailed Metrics,Blended ARPU (Monthly),28.36916029
01-06-2026,Detailed Metrics,Blended ARPU (Monthly),28.30195644
01-07-2026,Detailed Metrics,Blended ARPU (Monthly),28.24513536
01-08-2026,Detailed Metrics,Blended ARPU (Monthly),28.19602824
01-09-2026,Detailed Metrics,Blended ARPU (Monthly),28.1544782
01-10-2026,Detailed Metrics,Blended ARPU (Monthly),28.11835323
01-11-2026,Detailed Metrics,Blended ARPU (Monthly),28.08969603
01-12-2026,Detailed Metrics,Blended ARPU (Monthly),28.06665386
01-01-2027,Detailed Metrics,Blended ARPU (Monthly),28.0478228
01-02-2027,Detailed Metrics,Blended ARPU (Monthly),28.03479084
01-03-2027,Detailed Metrics,Blended ARPU (Monthly),28.02617092
01-04-2027,Detailed Metrics,Blended ARPU (Monthly),28.02085761
01-05-2027,Detailed Metrics,Blended ARPU (Monthly),28.01918213
01-06-2027,Detailed Metrics,Blended ARPU (Monthly),28.02120084
01-07-2027,Detailed Metrics,Blended ARPU (Monthly),28.02616601
01-08-2027,Detailed Metrics,Blended ARPU (Monthly),28.03422325
01-09-2027,Detailed Metrics,Blended ARPU (Monthly),28.04469907
01-10-2027,Detailed Metrics,Blended ARPU (Monthly),28.0570947
01-11-2027,Detailed Metrics,Blended ARPU (Monthly),28.07111111
01-12-2027,Detailed Metrics,Blended ARPU (Monthly),28.0870143
01-01-2028,Detailed Metrics,Blended ARPU (Monthly),28.10499787
01-02-2028,Detailed Metrics,Blended ARPU (Monthly),28.12428716
01-03-2028,Detailed Metrics,Blended ARPU (Monthly),28.1446616
01-04-2028,Detailed Metrics,Blended ARPU (Monthly),28.16638167
01-05-2028,Detailed Metrics,Blended ARPU (Monthly),28.18894751
01-06-2028,Detailed Metrics,Blended ARPU (Monthly),28.21231359
01-07-2028,Detailed Metrics,Blended ARPU (Monthly),28.23670901
01-08-2028,Detailed Metrics,Blended ARPU (Monthly),28.26179173
01-09-2028,Detailed Metrics,Blended ARPU (Monthly),28.2875302
01-10-2028,Detailed Metrics,Blended ARPU (Monthly),28.31368639
01-11-2028,Detailed Metrics,Blended ARPU (Monthly),28.34009077
01-12-2028,Detailed Metrics,Blended ARPU (Monthly),28.36682771
01-01-2024,Detailed Metrics,Monthly Plan Subscriber Lifetime (Months),6.666666667
01-02-2024,Detailed Metrics,Monthly Plan Subscriber Lifetime (Months),6.666666667
01-03-2024,Detailed Metrics,Monthly Plan Subscriber Lifetime (Months),6.666666667
01-04-2024,Detailed Metrics,Monthly Plan Subscriber Lifetime (Months),6.666666667
01-05-2024,Detailed Metrics,Monthly Plan Subscriber Lifetime (Months),6.666666667
01-06-2024,Detailed Metrics,Monthly Plan Subscriber Lifetime (Months),6.666666667
01-07-2024,Detailed Metrics,Monthly Plan Subscriber Lifetime (Months),6.666666667
01-08-2024,Detailed Metrics,Monthly Plan Subscriber Lifetime (Months),6.666666667
01-09-2024,Detailed Metrics,Monthly Plan Subscriber Lifetime (Months),6.666666667
01-10-2024,Detailed Metrics,Monthly Plan Subscriber Lifetime (Months),6.666666667
01-11-2024,Detailed Metrics,Monthly Plan Subscriber Lifetime (Months),6.666666667
01-12-2024,Detailed Metrics,Monthly Plan Subscriber Lifetime (Months),6.666666667
01-01-2025,Detailed Metrics,Monthly Plan Subscriber Lifetime (Months),6.666666667
01-02-2025,Detailed Metrics,Monthly Plan Subscriber Lifetime (Months),6.666666667
01-03-2025,Detailed Metrics,Monthly Plan Subscriber Lifetime (Months),6.666666667
01-04-2025,Detailed Metrics,Monthly Plan Subscriber Lifetime (Months),6.666666667
01-05-2025,Detailed Metrics,Monthly Plan Subscriber Lifetime (Months),6.666666667
01-06-2025,Detailed Metrics,Monthly Plan Subscriber Lifetime (Months),6.666666667
01-07-2025,Detailed Metrics,Monthly Plan Subscriber Lifetime (Months),6.666666667
01-08-2025,Detailed Metrics,Monthly Plan Subscriber Lifetime (Months),6.666666667
01-09-2025,Detailed Metrics,Monthly Plan Subscriber Lifetime (Months),6.666666667
01-10-2025,Detailed Metrics,Monthly Plan Subscriber Lifetime (Months),6.666666667
01-11-2025,Detailed Metrics,Monthly Plan Subscriber Lifetime (Months),6.666666667
01-12-2025,Detailed Metrics,Monthly Plan Subscriber Lifetime (Months),6.666666667
01-01-2026,Detailed Metrics,Monthly Plan Subscriber Lifetime (Months),6.666666667
01-02-2026,Detailed Metrics,Monthly Plan Subscriber Lifetime (Months),6.666666667
01-03-2026,Detailed Metrics,Monthly Plan Subscriber Lifetime (Months),6.666666667
01-04-2026,Detailed Metrics,Monthly Plan Subscriber Lifetime (Months),6.666666667
01-05-2026,Detailed Metrics,Monthly Plan Subscriber Lifetime (Months),6.666666667
01-06-2026,Detailed Metrics,Monthly Plan Subscriber Lifetime (Months),6.666666667
01-07-2026,Detailed Metrics,Monthly Plan Subscriber Lifetime (Months),6.666666667
01-08-2026,Detailed Metrics,Monthly Plan Subscriber Lifetime (Months),6.666666667
01-09-2026,Detailed Metrics,Monthly Plan Subscriber Lifetime (Months),6.666666667
01-10-2026,Detailed Metrics,Monthly Plan Subscriber Lifetime (Months),6.666666667
01-11-2026,Detailed Metrics,Monthly Plan Subscriber Lifetime (Months),6.666666667
01-12-2026,Detailed Metrics,Monthly Plan Subscriber Lifetime (Months),6.666666667
01-01-2027,Detailed Metrics,Monthly Plan Subscriber Lifetime (Months),6.666666667
01-02-2027,Detailed Metrics,Monthly Plan Subscriber Lifetime (Months),6.666666667
01-03-2027,Detailed Metrics,Monthly Plan Subscriber Lifetime (Months),6.666666667
01-04-2027,Detailed Metrics,Monthly Plan Subscriber Lifetime (Months),6.666666667
01-05-2027,Detailed Metrics,Monthly Plan Subscriber Lifetime (Months),6.666666667
01-06-2027,Detailed Metrics,Monthly Plan Subscriber Lifetime (Months),6.666666667
01-07-2027,Detailed Metrics,Monthly Plan Subscriber Lifetime (Months),6.666666667
01-08-2027,Detailed Metrics,Monthly Plan Subscriber Lifetime (Months),6.666666667
01-09-2027,Detailed Metrics,Monthly Plan Subscriber Lifetime (Months),6.666666667
01-10-2027,Detailed Metrics,Monthly Plan Subscriber Lifetime (Months),6.666666667
01-11-2027,Detailed Metrics,Monthly Plan Subscriber Lifetime (Months),6.666666667
01-12-2027,Detailed Metrics,Monthly Plan Subscriber Lifetime (Months),6.666666667
01-01-2028,Detailed Metrics,Monthly Plan Subscriber Lifetime (Months),6.666666667
01-02-2028,Detailed Metrics,Monthly Plan Subscriber Lifetime (Months),6.666666667
01-03-2028,Detailed Metrics,Monthly Plan Subscriber Lifetime (Months),6.666666667
01-04-2028,Detailed Metrics,Monthly Plan Subscriber Lifetime (Months),6.666666667
01-05-2028,Detailed Metrics,Monthly Plan Subscriber Lifetime (Months),6.666666667
01-06-2028,Detailed Metrics,Monthly Plan Subscriber Lifetime (Months),6.666666667
01-07-2028,Detailed Metrics,Monthly Plan Subscriber Lifetime (Months),6.666666667
01-08-2028,Detailed Metrics,Monthly Plan Subscriber Lifetime (Months),6.666666667
01-09-2028,Detailed Metrics,Monthly Plan Subscriber Lifetime (Months),6.666666667
01-10-2028,Detailed Metrics,Monthly Plan Subscriber Lifetime (Months),6.666666667
01-11-2028,Detailed Metrics,Monthly Plan Subscriber Lifetime (Months),6.666666667
01-12-2028,Detailed Metrics,Monthly Plan Subscriber Lifetime (Months),6.666666667
01-01-2024,Detailed Metrics,Annual Plan Subscriber Lifetime (Months),34.28571429
01-02-2024,Detailed Metrics,Annual Plan Subscriber Lifetime (Months),34.28571429
01-03-2024,Detailed Metrics,Annual Plan Subscriber Lifetime (Months),34.28571429
01-04-2024,Detailed Metrics,Annual Plan Subscriber Lifetime (Months),34.28571429
01-05-2024,Detailed Metrics,Annual Plan Subscriber Lifetime (Months),34.28571429
01-06-2024,Detailed Metrics,Annual Plan Subscriber Lifetime (Months),34.28571429
01-07-2024,Detailed Metrics,Annual Plan Subscriber Lifetime (Months),34.28571429
01-08-2024,Detailed Metrics,Annual Plan Subscriber Lifetime (Months),34.28571429
01-09-2024,Detailed Metrics,Annual Plan Subscriber Lifetime (Months),34.28571429
01-10-2024,Detailed Metrics,Annual Plan Subscriber Lifetime (Months),34.28571429
01-11-2024,Detailed Metrics,Annual Plan Subscriber Lifetime (Months),34.28571429
01-12-2024,Detailed Metrics,Annual Plan Subscriber Lifetime (Months),34.28571429
01-01-2025,Detailed Metrics,Annual Plan Subscriber Lifetime (Months),34.28571429
01-02-2025,Detailed Metrics,Annual Plan Subscriber Lifetime (Months),34.28571429
01-03-2025,Detailed Metrics,Annual Plan Subscriber Lifetime (Months),34.28571429
01-04-2025,Detailed Metrics,Annual Plan Subscriber Lifetime (Months),34.28571429
01-05-2025,Detailed Metrics,Annual Plan Subscriber Lifetime (Months),34.28571429
01-06-2025,Detailed Metrics,Annual Plan Subscriber Lifetime (Months),34.28571429
01-07-2025,Detailed Metrics,Annual Plan Subscriber Lifetime (Months),34.28571429
01-08-2025,Detailed Metrics,Annual Plan Subscriber Lifetime (Months),34.28571429
01-09-2025,Detailed Metrics,Annual Plan Subscriber Lifetime (Months),34.28571429
01-10-2025,Detailed Metrics,Annual Plan Subscriber Lifetime (Months),34.28571429
01-11-2025,Detailed Metrics,Annual Plan Subscriber Lifetime (Months),34.28571429
01-12-2025,Detailed Metrics,Annual Plan Subscriber Lifetime (Months),34.28571429
01-01-2026,Detailed Metrics,Annual Plan Subscriber Lifetime (Months),34.28571429
01-02-2026,Detailed Metrics,Annual Plan Subscriber Lifetime (Months),34.28571429
01-03-2026,Detailed Metrics,Annual Plan Subscriber Lifetime (Months),34.28571429
01-04-2026,Detailed Metrics,Annual Plan Subscriber Lifetime (Months),34.28571429
01-05-2026,Detailed Metrics,Annual Plan Subscriber Lifetime (Months),34.28571429
01-06-2026,Detailed Metrics,Annual Plan Subscriber Lifetime (Months),34.28571429
01-07-2026,Detailed Metrics,Annual Plan Subscriber Lifetime (Months),34.28571429
01-08-2026,Detailed Metrics,Annual Plan Subscriber Lifetime (Months),34.28571429
01-09-2026,Detailed Metrics,Annual Plan Subscriber Lifetime (Months),34.28571429
01-10-2026,Detailed Metrics,Annual Plan Subscriber Lifetime (Months),34.28571429
01-11-2026,Detailed Metrics,Annual Plan Subscriber Lifetime (Months),34.28571429
01-12-2026,Detailed Metrics,Annual Plan Subscriber Lifetime (Months),34.28571429
01-01-2027,Detailed Metrics,Annual Plan Subscriber Lifetime (Months),34.28571429
01-02-2027,Detailed Metrics,Annual Plan Subscriber Lifetime (Months),34.28571429
01-03-2027,Detailed Metrics,Annual Plan Subscriber Lifetime (Months),34.28571429
01-04-2027,Detailed Metrics,Annual Plan Subscriber Lifetime (Months),34.28571429
01-05-2027,Detailed Metrics,Annual Plan Subscriber Lifetime (Months),34.28571429
01-06-2027,Detailed Metrics,Annual Plan Subscriber Lifetime (Months),34.28571429
01-07-2027,Detailed Metrics,Annual Plan Subscriber Lifetime (Months),34.28571429
01-08-2027,Detailed Metrics,Annual Plan Subscriber Lifetime (Months),34.28571429
01-09-2027,Detailed Metrics,Annual Plan Subscriber Lifetime (Months),34.28571429
01-10-2027,Detailed Metrics,Annual Plan Subscriber Lifetime (Months),34.28571429
01-11-2027,Detailed Metrics,Annual Plan Subscriber Lifetime (Months),34.28571429
01-12-2027,Detailed Metrics,Annual Plan Subscriber Lifetime (Months),34.28571429
01-01-2028,Detailed Metrics,Annual Plan Subscriber Lifetime (Months),34.28571429
01-02-2028,Detailed Metrics,Annual Plan Subscriber Lifetime (Months),34.28571429
01-03-2028,Detailed Metrics,Annual Plan Subscriber Lifetime (Months),34.28571429
01-04-2028,Detailed Metrics,Annual Plan Subscriber Lifetime (Months),34.28571429
01-05-2028,Detailed Metrics,Annual Plan Subscriber Lifetime (Months),34.28571429
01-06-2028,Detailed Metrics,Annual Plan Subscriber Lifetime (Months),34.28571429
01-07-2028,Detailed Metrics,Annual Plan Subscriber Lifetime (Months),34.28571429
01-08-2028,Detailed Metrics,Annual Plan Subscriber Lifetime (Months),34.28571429
01-09-2028,Detailed Metrics,Annual Plan Subscriber Lifetime (Months),34.28571429
01-10-2028,Detailed Metrics,Annual Plan Subscriber Lifetime (Months),34.28571429
01-11-2028,Detailed Metrics,Annual Plan Subscriber Lifetime (Months),34.28571429
01-12-2028,Detailed Metrics,Annual Plan Subscriber Lifetime (Months),34.28571429
01-01-2024,Detailed Metrics,Blended Subscriber Lifetime (Months),17.14285714
01-02-2024,Detailed Metrics,Blended Subscriber Lifetime (Months),17.56137749
01-03-2024,Detailed Metrics,Blended Subscriber Lifetime (Months),17.9047619
01-04-2024,Detailed Metrics,Blended Subscriber Lifetime (Months),18.22592502
01-05-2024,Detailed Metrics,Blended Subscriber Lifetime (Months),18.52484472
01-06-2024,Detailed Metrics,Blended Subscriber Lifetime (Months),18.7943602
01-07-2024,Detailed Metrics,Blended Subscriber Lifetime (Months),19.01981885
01-08-2024,Detailed Metrics,Blended Subscriber Lifetime (Months),19.2268636
01-09-2024,Detailed Metrics,Blended Subscriber Lifetime (Months),19.40050125
01-10-2024,Detailed Metrics,Blended Subscriber Lifetime (Months),19.55782313
01-11-2024,Detailed Metrics,Blended Subscriber Lifetime (Months),19.69395165
01-12-2024,Detailed Metrics,Blended Subscriber Lifetime (Months),19.81349399
01-01-2025,Detailed Metrics,Blended Subscriber Lifetime (Months),19.78239614
01-02-2025,Detailed Metrics,Blended Subscriber Lifetime (Months),19.7453547
01-03-2025,Detailed Metrics,Blended Subscriber Lifetime (Months),19.70515049
01-04-2025,Detailed Metrics,Blended Subscriber Lifetime (Months),19.65964293
01-05-2025,Detailed Metrics,Blended Subscriber Lifetime (Months),19.60723078
01-06-2025,Detailed Metrics,Blended Subscriber Lifetime (Months),19.54366681
01-07-2025,Detailed Metrics,Blended Subscriber Lifetime (Months),19.47019868
01-08-2025,Detailed Metrics,Blended Subscriber Lifetime (Months),19.38824232
01-09-2025,Detailed Metrics,Blended Subscriber Lifetime (Months),19.30187283
01-10-2025,Detailed Metrics,Blended Subscriber Lifetime (Months),19.20717932
01-11-2025,Detailed Metrics,Blended Subscriber Lifetime (Months),19.10372756
01-12-2025,Detailed Metrics,Blended Subscriber Lifetime (Months),18.99598214
01-01-2026,Detailed Metrics,Blended Subscriber Lifetime (Months),18.88255603
01-02-2026,Detailed Metrics,Blended Subscriber Lifetime (Months),18.76378782
01-03-2026,Detailed Metrics,Blended Subscriber Lifetime (Months),18.64110384
01-04-2026,Detailed Metrics,Blended Subscriber Lifetime (Months),18.51293803
01-05-2026,Detailed Metrics,Blended Subscriber Lifetime (Months),18.38223731
01-06-2026,Detailed Metrics,Blended Subscriber Lifetime (Months),18.24851905
01-07-2026,Detailed Metrics,Blended Subscriber Lifetime (Months),18.11151398
01-08-2026,Detailed Metrics,Blended Subscriber Lifetime (Months),17.97052946
01-09-2026,Detailed Metrics,Blended Subscriber Lifetime (Months),17.82667168
01-10-2026,Detailed Metrics,Blended Subscriber Lifetime (Months),17.68221035
01-11-2026,Detailed Metrics,Blended Subscriber Lifetime (Months),17.5361303
01-12-2026,Detailed Metrics,Blended Subscriber Lifetime (Months),17.38778646
01-01-2027,Detailed Metrics,Blended Subscriber Lifetime (Months),17.23740007
01-02-2027,Detailed Metrics,Blended Subscriber Lifetime (Months),17.08533963
01-03-2027,Detailed Metrics,Blended Subscriber Lifetime (Months),16.93228795
01-04-2027,Detailed Metrics,Blended Subscriber Lifetime (Months),16.77841773
01-05-2027,Detailed Metrics,Blended Subscriber Lifetime (Months),16.62400578
01-06-2027,Detailed Metrics,Blended Subscriber Lifetime (Months),16.46938953
01-07-2027,Detailed Metrics,Blended Subscriber Lifetime (Months),16.31426318
01-08-2027,Detailed Metrics,Blended Subscriber Lifetime (Months),16.15900744
01-09-2027,Detailed Metrics,Blended Subscriber Lifetime (Months),16.00400523
01-10-2027,Detailed Metrics,Blended Subscriber Lifetime (Months),15.84942293
01-11-2027,Detailed Metrics,Blended Subscriber Lifetime (Months),15.69531872
01-12-2027,Detailed Metrics,Blended Subscriber Lifetime (Months),15.54190234
01-01-2028,Detailed Metrics,Blended Subscriber Lifetime (Months),15.38883301
01-02-2028,Detailed Metrics,Blended Subscriber Lifetime (Months),15.23624864
01-03-2028,Detailed Metrics,Blended Subscriber Lifetime (Months),15.08429688
01-04-2028,Detailed Metrics,Blended Subscriber Lifetime (Months),14.93348967
01-05-2028,Detailed Metrics,Blended Subscriber Lifetime (Months),14.78360404
01-06-2028,Detailed Metrics,Blended Subscriber Lifetime (Months),14.63464475
01-07-2028,Detailed Metrics,Blended Subscriber Lifetime (Months),14.48667145
01-08-2028,Detailed Metrics,Blended Subscriber Lifetime (Months),14.33980641
01-09-2028,Detailed Metrics,Blended Subscriber Lifetime (Months),14.19406393
01-10-2028,Detailed Metrics,Blended Subscriber Lifetime (Months),14.04948186
01-11-2028,Detailed Metrics,Blended Subscriber Lifetime (Months),13.90629801
01-12-2028,Detailed Metrics,Blended Subscriber Lifetime (Months),13.76457465
01-01-2024,Detailed Metrics,Monthly Plan Subscriber LTV,200
01-02-2024,Detailed Metrics,Monthly Plan Subscriber LTV,200
01-03-2024,Detailed Metrics,Monthly Plan Subscriber LTV,200
01-04-2024,Detailed Metrics,Monthly Plan Subscriber LTV,200
01-05-2024,Detailed Metrics,Monthly Plan Subscriber LTV,200
01-06-2024,Detailed Metrics,Monthly Plan Subscriber LTV,200
01-07-2024,Detailed Metrics,Monthly Plan Subscriber LTV,200
01-08-2024,Detailed Metrics,Monthly Plan Subscriber LTV,200
01-09-2024,Detailed Metrics,Monthly Plan Subscriber LTV,200
01-10-2024,Detailed Metrics,Monthly Plan Subscriber LTV,200
01-11-2024,Detailed Metrics,Monthly Plan Subscriber LTV,200
01-12-2024,Detailed Metrics,Monthly Plan Subscriber LTV,200
01-01-2025,Detailed Metrics,Monthly Plan Subscriber LTV,200
01-02-2025,Detailed Metrics,Monthly Plan Subscriber LTV,200
01-03-2025,Detailed Metrics,Monthly Plan Subscriber LTV,200
01-04-2025,Detailed Metrics,Monthly Plan Subscriber LTV,200
01-05-2025,Detailed Metrics,Monthly Plan Subscriber LTV,200
01-06-2025,Detailed Metrics,Monthly Plan Subscriber LTV,200
01-07-2025,Detailed Metrics,Monthly Plan Subscriber LTV,200
01-08-2025,Detailed Metrics,Monthly Plan Subscriber LTV,200
01-09-2025,Detailed Metrics,Monthly Plan Subscriber LTV,200
01-10-2025,Detailed Metrics,Monthly Plan Subscriber LTV,200
01-11-2025,Detailed Metrics,Monthly Plan Subscriber LTV,200
01-12-2025,Detailed Metrics,Monthly Plan Subscriber LTV,200
01-01-2026,Detailed Metrics,Monthly Plan Subscriber LTV,200
01-02-2026,Detailed Metrics,Monthly Plan Subscriber LTV,200
01-03-2026,Detailed Metrics,Monthly Plan Subscriber LTV,200
01-04-2026,Detailed Metrics,Monthly Plan Subscriber LTV,200
01-05-2026,Detailed Metrics,Monthly Plan Subscriber LTV,200
01-06-2026,Detailed Metrics,Monthly Plan Subscriber LTV,200
01-07-2026,Detailed Metrics,Monthly Plan Subscriber LTV,200
01-08-2026,Detailed Metrics,Monthly Plan Subscriber LTV,200
01-09-2026,Detailed Metrics,Monthly Plan Subscriber LTV,200
01-10-2026,Detailed Metrics,Monthly Plan Subscriber LTV,200
01-11-2026,Detailed Metrics,Monthly Plan Subscriber LTV,200
01-12-2026,Detailed Metrics,Monthly Plan Subscriber LTV,200
01-01-2027,Detailed Metrics,Monthly Plan Subscriber LTV,200
01-02-2027,Detailed Metrics,Monthly Plan Subscriber LTV,200
01-03-2027,Detailed Metrics,Monthly Plan Subscriber LTV,200
01-04-2027,Detailed Metrics,Monthly Plan Subscriber LTV,200
01-05-2027,Detailed Metrics,Monthly Plan Subscriber LTV,200
01-06-2027,Detailed Metrics,Monthly Plan Subscriber LTV,200
01-07-2027,Detailed Metrics,Monthly Plan Subscriber LTV,200
01-08-2027,Detailed Metrics,Monthly Plan Subscriber LTV,200
01-09-2027,Detailed Metrics,Monthly Plan Subscriber LTV,200
01-10-2027,Detailed Metrics,Monthly Plan Subscriber LTV,200
01-11-2027,Detailed Metrics,Monthly Plan Subscriber LTV,200
01-12-2027,Detailed Metrics,Monthly Plan Subscriber LTV,200
01-01-2028,Detailed Metrics,Monthly Plan Subscriber LTV,200
01-02-2028,Detailed Metrics,Monthly Plan Subscriber LTV,200
01-03-2028,Detailed Metrics,Monthly Plan Subscriber LTV,200
01-04-2028,Detailed Metrics,Monthly Plan Subscriber LTV,200
01-05-2028,Detailed Metrics,Monthly Plan Subscriber LTV,200
01-06-2028,Detailed Metrics,Monthly Plan Subscriber LTV,200
01-07-2028,Detailed Metrics,Monthly Plan Subscriber LTV,200
01-08-2028,Detailed Metrics,Monthly Plan Subscriber LTV,200
01-09-2028,Detailed Metrics,Monthly Plan Subscriber LTV,200
01-10-2028,Detailed Metrics,Monthly Plan Subscriber LTV,200
01-11-2028,Detailed Metrics,Monthly Plan Subscriber LTV,200
01-12-2028,Detailed Metrics,Monthly Plan Subscriber LTV,200
01-01-2024,Detailed Metrics,Annual Plan Subscriber LTV,942.8571429
01-02-2024,Detailed Metrics,Annual Plan Subscriber LTV,942.8571429
01-03-2024,Detailed Metrics,Annual Plan Subscriber LTV,942.8571429
01-04-2024,Detailed Metrics,Annual Plan Subscriber LTV,942.8571429
01-05-2024,Detailed Metrics,Annual Plan Subscriber LTV,942.8571429
01-06-2024,Detailed Metrics,Annual Plan Subscriber LTV,942.8571429
01-07-2024,Detailed Metrics,Annual Plan Subscriber LTV,942.8571429
01-08-2024,Detailed Metrics,Annual Plan Subscriber LTV,942.8571429
01-09-2024,Detailed Metrics,Annual Plan Subscriber LTV,942.8571429
01-10-2024,Detailed Metrics,Annual Plan Subscriber LTV,942.8571429
01-11-2024,Detailed Metrics,Annual Plan Subscriber LTV,942.8571429
01-12-2024,Detailed Metrics,Annual Plan Subscriber LTV,942.8571429
01-01-2025,Detailed Metrics,Annual Plan Subscriber LTV,942.8571429
01-02-2025,Detailed Metrics,Annual Plan Subscriber LTV,942.8571429
01-03-2025,Detailed Metrics,Annual Plan Subscriber LTV,942.8571429
01-04-2025,Detailed Metrics,Annual Plan Subscriber LTV,942.8571429
01-05-2025,Detailed Metrics,Annual Plan Subscriber LTV,942.8571429
01-06-2025,Detailed Metrics,Annual Plan Subscriber LTV,942.8571429
01-07-2025,Detailed Metrics,Annual Plan Subscriber LTV,942.8571429
01-08-2025,Detailed Metrics,Annual Plan Subscriber LTV,942.8571429
01-09-2025,Detailed Metrics,Annual Plan Subscriber LTV,942.8571429
01-10-2025,Detailed Metrics,Annual Plan Subscriber LTV,942.8571429
01-11-2025,Detailed Metrics,Annual Plan Subscriber LTV,942.8571429
01-12-2025,Detailed Metrics,Annual Plan Subscriber LTV,942.8571429
01-01-2026,Detailed Metrics,Annual Plan Subscriber LTV,931.8830539
01-02-2026,Detailed Metrics,Annual Plan Subscriber LTV,921.9987188
01-03-2026,Detailed Metrics,Annual Plan Subscriber LTV,912.8630705
01-04-2026,Detailed Metrics,Annual Plan Subscriber LTV,904.4569672
01-05-2026,Detailed Metrics,Annual Plan Subscriber LTV,896.7549422
01-06-2026,Detailed Metrics,Annual Plan Subscriber LTV,889.7384306
01-07-2026,Detailed Metrics,Annual Plan Subscriber LTV,883.3751385
01-08-2026,Detailed Metrics,Annual Plan Subscriber LTV,877.4504495
01-09-2026,Detailed Metrics,Annual Plan Subscriber LTV,871.9768612
01-10-2026,Detailed Metrics,Annual Plan Subscriber LTV,866.8177888
01-11-2026,Detailed Metrics,Annual Plan Subscriber LTV,862.1473099
01-12-2026,Detailed Metrics,Annual Plan Subscriber LTV,857.8093757
01-01-2027,Detailed Metrics,Annual Plan Subscriber LTV,853.6930911
01-02-2027,Detailed Metrics,Annual Plan Subscriber LTV,849.9562861
01-03-2027,Detailed Metrics,Annual Plan Subscriber LTV,846.4981526
01-04-2027,Detailed Metrics,Annual Plan Subscriber LTV,843.2299718
01-05-2027,Detailed Metrics,Annual Plan Subscriber LTV,840.1964797
01-06-2027,Detailed Metrics,Annual Plan Subscriber LTV,837.4202879
01-07-2027,Detailed Metrics,Annual Plan Subscriber LTV,834.8340623
01-08-2027,Detailed Metrics,Annual Plan Subscriber LTV,832.4690893
01-09-2027,Detailed Metrics,Annual Plan Subscriber LTV,830.2761373
01-10-2027,Detailed Metrics,Annual Plan Subscriber LTV,828.2162945
01-11-2027,Detailed Metrics,Annual Plan Subscriber LTV,826.2666247
01-12-2027,Detailed Metrics,Annual Plan Subscriber LTV,824.4663878
01-01-2028,Detailed Metrics,Annual Plan Subscriber LTV,822.8368749
01-02-2028,Detailed Metrics,Annual Plan Subscriber LTV,821.3051665
01-03-2028,Detailed Metrics,Annual Plan Subscriber LTV,819.8556942
01-04-2028,Detailed Metrics,Annual Plan Subscriber LTV,818.5361713
01-05-2028,Detailed Metrics,Annual Plan Subscriber LTV,817.2902833
01-06-2028,Detailed Metrics,Annual Plan Subscriber LTV,816.1173327
01-07-2028,Detailed Metrics,Annual Plan Subscriber LTV,815.0512762
01-08-2028,Detailed Metrics,Annual Plan Subscriber LTV,814.0599158
01-09-2028,Detailed Metrics,Annual Plan Subscriber LTV,813.1445026
01-10-2028,Detailed Metrics,Annual Plan Subscriber LTV,812.2805276
01-11-2028,Detailed Metrics,Annual Plan Subscriber LTV,811.4564491
01-12-2028,Detailed Metrics,Annual Plan Subscriber LTV,810.6883322
01-01-2024,Detailed Metrics,Blended LTV (Monthly),481.773399
01-02-2024,Detailed Metrics,Blended LTV (Monthly),493.0301532
01-03-2024,Detailed Metrics,Blended LTV (Monthly),502.2660099
01-04-2024,Detailed Metrics,Blended LTV (Monthly),510.9041901
01-05-2024,Detailed Metrics,Blended LTV (Monthly),518.9440994
01-06-2024,Detailed Metrics,Blended LTV (Monthly),526.1931365
01-07-2024,Detailed Metrics,Blended LTV (Monthly),532.2571967
01-08-2024,Detailed Metrics,Blended LTV (Monthly),537.8259866
01-09-2024,Detailed Metrics,Blended LTV (Monthly),542.4962406
01-10-2024,Detailed Metrics,Blended LTV (Monthly),546.7276566
01-11-2024,Detailed Metrics,Blended LTV (Monthly),550.3890445
01-12-2024,Detailed Metrics,Blended LTV (Monthly),553.604321
01-01-2025,Detailed Metrics,Blended LTV (Monthly),552.7678961
01-02-2025,Detailed Metrics,Blended LTV (Monthly),551.7716091
01-03-2025,Detailed Metrics,Blended LTV (Monthly),550.6902546
01-04-2025,Detailed Metrics,Blended LTV (Monthly),549.4662582
01-05-2025,Detailed Metrics,Blended LTV (Monthly),548.056552
01-06-2025,Detailed Metrics,Blended LTV (Monthly),546.3469003
01-07-2025,Detailed Metrics,Blended LTV (Monthly),544.3708609
01-08-2025,Detailed Metrics,Blended LTV (Monthly),542.1665175
01-09-2025,Detailed Metrics,Blended LTV (Monthly),539.8434762
01-10-2025,Detailed Metrics,Blended LTV (Monthly),537.2965473
01-11-2025,Detailed Metrics,Blended LTV (Monthly),534.5140515
01-12-2025,Detailed Metrics,Blended LTV (Monthly),531.6160714
01-01-2026,Detailed Metrics,Blended LTV (Monthly),523.7114666
01-02-2026,Detailed Metrics,Blended LTV (Monthly),516.2348716
01-03-2026,Detailed Metrics,Blended LTV (Monthly),509.0669225
01-04-2026,Detailed Metrics,Blended LTV (Monthly),502.1533729
01-05-2026,Detailed Metrics,Blended LTV (Monthly),495.5526149
01-06-2026,Detailed Metrics,Blended LTV (Monthly),489.2369351
01-07-2026,Detailed Metrics,Blended LTV (Monthly),483.1786319
01-08-2026,Detailed Metrics,Blended LTV (Monthly),477.2654233
01-09-2026,Detailed Metrics,Blended LTV (Monthly),471.5251171
01-10-2026,Detailed Metrics,Blended LTV (Monthly),465.9527072
01-11-2026,Detailed Metrics,Blended LTV (Monthly),460.5877727
01-12-2026,Detailed Metrics,Blended LTV (Monthly),455.3474406
01-01-2027,Detailed Metrics,Blended LTV (Monthly),450.1902125
01-02-2027,Detailed Metrics,Blended LTV (Monthly),445.1815891
01-03-2027,Detailed Metrics,Blended LTV (Monthly),440.2944984
01-04-2027,Detailed Metrics,Blended LTV (Monthly),435.4962213
01-05-2027,Detailed Metrics,Blended LTV (Monthly),430.806418
01-06-2027,Detailed Metrics,Blended LTV (Monthly),426.2371432
01-07-2027,Detailed Metrics,Blended LTV (Monthly),421.7535872
01-08-2027,Detailed Metrics,Blended LTV (Monthly),417.3721631
01-09-2027,Detailed Metrics,Blended LTV (Monthly),413.0812678
01-10-2027,Detailed Metrics,Blended LTV (Monthly),408.868792
01-11-2027,Detailed Metrics,Blended LTV (Monthly),404.7262283
01-12-2027,Detailed Metrics,Blended LTV (Monthly),400.668989
01-01-2028,Detailed Metrics,Blended LTV (Monthly),396.6934886
01-02-2028,Detailed Metrics,Blended LTV (Monthly),392.7773045
01-03-2028,Detailed Metrics,Blended LTV (Monthly),388.9173042
01-04-2028,Detailed Metrics,Blended LTV (Monthly),385.137776
01-05-2028,Detailed Metrics,Blended LTV (Monthly),381.414893
01-06-2028,Detailed Metrics,Blended LTV (Monthly),377.747237
01-07-2028,Detailed Metrics,Blended LTV (Monthly),374.1444524
01-08-2028,Detailed Metrics,Blended LTV (Monthly),370.5984801
01-09-2028,Detailed Metrics,Blended LTV (Monthly),367.1086678
01-10-2028,Detailed Metrics,Blended LTV (Monthly),363.6679889
01-11-2028,Detailed Metrics,Blended LTV (Monthly),360.2777669
01-12-2028,Detailed Metrics,Blended LTV (Monthly),356.9427609
01-01-2024,Detailed Metrics,Monthly Plan Subscriber Payback Period (Months),3.333333333
01-02-2024,Detailed Metrics,Monthly Plan Subscriber Payback Period (Months),3.333333333
01-03-2024,Detailed Metrics,Monthly Plan Subscriber Payback Period (Months),3.333333333
01-04-2024,Detailed Metrics,Monthly Plan Subscriber Payback Period (Months),3.166666667
01-05-2024,Detailed Metrics,Monthly Plan Subscriber Payback Period (Months),3.166666667
01-06-2024,Detailed Metrics,Monthly Plan Subscriber Payback Period (Months),3.166666667
01-07-2024,Detailed Metrics,Monthly Plan Subscriber Payback Period (Months),3.008333333
01-08-2024,Detailed Metrics,Monthly Plan Subscriber Payback Period (Months),3.008333333
01-09-2024,Detailed Metrics,Monthly Plan Subscriber Payback Period (Months),3.008333333
01-10-2024,Detailed Metrics,Monthly Plan Subscriber Payback Period (Months),2.857916667
01-11-2024,Detailed Metrics,Monthly Plan Subscriber Payback Period (Months),2.857916667
01-12-2024,Detailed Metrics,Monthly Plan Subscriber Payback Period (Months),2.857916667
01-01-2025,Detailed Metrics,Monthly Plan Subscriber Payback Period (Months),2.715020833
01-02-2025,Detailed Metrics,Monthly Plan Subscriber Payback Period (Months),2.715020833
01-03-2025,Detailed Metrics,Monthly Plan Subscriber Payback Period (Months),2.715020833
01-04-2025,Detailed Metrics,Monthly Plan Subscriber Payback Period (Months),2.579269792
01-05-2025,Detailed Metrics,Monthly Plan Subscriber Payback Period (Months),2.579269792
01-06-2025,Detailed Metrics,Monthly Plan Subscriber Payback Period (Months),2.579269792
01-07-2025,Detailed Metrics,Monthly Plan Subscriber Payback Period (Months),2.450306302
01-08-2025,Detailed Metrics,Monthly Plan Subscriber Payback Period (Months),2.450306302
01-09-2025,Detailed Metrics,Monthly Plan Subscriber Payback Period (Months),2.450306302
01-10-2025,Detailed Metrics,Monthly Plan Subscriber Payback Period (Months),2.327790987
01-11-2025,Detailed Metrics,Monthly Plan Subscriber Payback Period (Months),2.327790987
01-12-2025,Detailed Metrics,Monthly Plan Subscriber Payback Period (Months),2.327790987
01-01-2026,Detailed Metrics,Monthly Plan Subscriber Payback Period (Months),2.211401438
01-02-2026,Detailed Metrics,Monthly Plan Subscriber Payback Period (Months),2.211401438
01-03-2026,Detailed Metrics,Monthly Plan Subscriber Payback Period (Months),2.211401438
01-04-2026,Detailed Metrics,Monthly Plan Subscriber Payback Period (Months),2.100831366
01-05-2026,Detailed Metrics,Monthly Plan Subscriber Payback Period (Months),2.100831366
01-06-2026,Detailed Metrics,Monthly Plan Subscriber Payback Period (Months),2.100831366
01-07-2026,Detailed Metrics,Monthly Plan Subscriber Payback Period (Months),1.995789797
01-08-2026,Detailed Metrics,Monthly Plan Subscriber Payback Period (Months),1.995789797
01-09-2026,Detailed Metrics,Monthly Plan Subscriber Payback Period (Months),1.995789797
01-10-2026,Detailed Metrics,Monthly Plan Subscriber Payback Period (Months),1.896000308
01-11-2026,Detailed Metrics,Monthly Plan Subscriber Payback Period (Months),1.896000308
01-12-2026,Detailed Metrics,Monthly Plan Subscriber Payback Period (Months),1.896000308
01-01-2027,Detailed Metrics,Monthly Plan Subscriber Payback Period (Months),1.801200292
01-02-2027,Detailed Metrics,Monthly Plan Subscriber Payback Period (Months),1.801200292
01-03-2027,Detailed Metrics,Monthly Plan Subscriber Payback Period (Months),1.801200292
01-04-2027,Detailed Metrics,Monthly Plan Subscriber Payback Period (Months),1.711140278
01-05-2027,Detailed Metrics,Monthly Plan Subscriber Payback Period (Months),1.711140278
01-06-2027,Detailed Metrics,Monthly Plan Subscriber Payback Period (Months),1.711140278
01-07-2027,Detailed Metrics,Monthly Plan Subscriber Payback Period (Months),1.625583264
01-08-2027,Detailed Metrics,Monthly Plan Subscriber Payback Period (Months),1.625583264
01-09-2027,Detailed Metrics,Monthly Plan Subscriber Payback Period (Months),1.625583264
01-10-2027,Detailed Metrics,Monthly Plan Subscriber Payback Period (Months),1.544304101
01-11-2027,Detailed Metrics,Monthly Plan Subscriber Payback Period (Months),1.544304101
01-12-2027,Detailed Metrics,Monthly Plan Subscriber Payback Period (Months),1.544304101
01-01-2028,Detailed Metrics,Monthly Plan Subscriber Payback Period (Months),1.467088896
01-02-2028,Detailed Metrics,Monthly Plan Subscriber Payback Period (Months),1.467088896
01-03-2028,Detailed Metrics,Monthly Plan Subscriber Payback Period (Months),1.467088896
01-04-2028,Detailed Metrics,Monthly Plan Subscriber Payback Period (Months),1.393734451
01-05-2028,Detailed Metrics,Monthly Plan Subscriber Payback Period (Months),1.393734451
01-06-2028,Detailed Metrics,Monthly Plan Subscriber Payback Period (Months),1.393734451
01-07-2028,Detailed Metrics,Monthly Plan Subscriber Payback Period (Months),1.324047728
01-08-2028,Detailed Metrics,Monthly Plan Subscriber Payback Period (Months),1.324047728
01-09-2028,Detailed Metrics,Monthly Plan Subscriber Payback Period (Months),1.324047728
01-10-2028,Detailed Metrics,Monthly Plan Subscriber Payback Period (Months),1.257845342
01-11-2028,Detailed Metrics,Monthly Plan Subscriber Payback Period (Months),1.257845342
01-12-2028,Detailed Metrics,Monthly Plan Subscriber Payback Period (Months),1.257845342
01-01-2024,Detailed Metrics,Annual Plan Subscriber Payback Period (Months),7.272727273
01-02-2024,Detailed Metrics,Annual Plan Subscriber Payback Period (Months),7.272727273
01-03-2024,Detailed Metrics,Annual Plan Subscriber Payback Period (Months),7.272727273
01-04-2024,Detailed Metrics,Annual Plan Subscriber Payback Period (Months),7.054545455
01-05-2024,Detailed Metrics,Annual Plan Subscriber Payback Period (Months),7.054545455
01-06-2024,Detailed Metrics,Annual Plan Subscriber Payback Period (Months),7.054545455
01-07-2024,Detailed Metrics,Annual Plan Subscriber Payback Period (Months),6.842909091
01-08-2024,Detailed Metrics,Annual Plan Subscriber Payback Period (Months),6.842909091
01-09-2024,Detailed Metrics,Annual Plan Subscriber Payback Period (Months),6.842909091
01-10-2024,Detailed Metrics,Annual Plan Subscriber Payback Period (Months),6.637621818
01-11-2024,Detailed Metrics,Annual Plan Subscriber Payback Period (Months),6.637621818
01-12-2024,Detailed Metrics,Annual Plan Subscriber Payback Period (Months),6.637621818
01-01-2025,Detailed Metrics,Annual Plan Subscriber Payback Period (Months),6.438493164
01-02-2025,Detailed Metrics,Annual Plan Subscriber Payback Period (Months),6.438493164
01-03-2025,Detailed Metrics,Annual Plan Subscriber Payback Period (Months),6.438493164
01-04-2025,Detailed Metrics,Annual Plan Subscriber Payback Period (Months),6.245338369
01-05-2025,Detailed Metrics,Annual Plan Subscriber Payback Period (Months),6.245338369
01-06-2025,Detailed Metrics,Annual Plan Subscriber Payback Period (Months),6.245338369
01-07-2025,Detailed Metrics,Annual Plan Subscriber Payback Period (Months),6.057978218
01-08-2025,Detailed Metrics,Annual Plan Subscriber Payback Period (Months),6.057978218
01-09-2025,Detailed Metrics,Annual Plan Subscriber Payback Period (Months),6.057978218
01-10-2025,Detailed Metrics,Annual Plan Subscriber Payback Period (Months),5.876238871
01-11-2025,Detailed Metrics,Annual Plan Subscriber Payback Period (Months),5.876238871
01-12-2025,Detailed Metrics,Annual Plan Subscriber Payback Period (Months),5.876238871
01-01-2026,Detailed Metrics,Annual Plan Subscriber Payback Period (Months),5.767075768
01-02-2026,Detailed Metrics,Annual Plan Subscriber Payback Period (Months),5.828902003
01-03-2026,Detailed Metrics,Annual Plan Subscriber Payback Period (Months),5.887235832
01-04-2026,Detailed Metrics,Annual Plan Subscriber Payback Period (Months),5.763693755
01-05-2026,Detailed Metrics,Annual Plan Subscriber Payback Period (Months),5.813196815
01-06-2026,Detailed Metrics,Annual Plan Subscriber Payback Period (Months),5.859039909
01-07-2026,Detailed Metrics,Annual Plan Subscriber Payback Period (Months),5.72420749
01-08-2026,Detailed Metrics,Annual Plan Subscriber Payback Period (Months),5.762858276
01-09-2026,Detailed Metrics,Annual Plan Subscriber Payback Period (Months),5.79903299
01-10-2026,Detailed Metrics,Annual Plan Subscriber Payback Period (Months),5.658540896
01-11-2026,Detailed Metrics,Annual Plan Subscriber Payback Period (Months),5.689194701
01-12-2026,Detailed Metrics,Annual Plan Subscriber Payback Period (Months),5.717964907
01-01-2027,Detailed Metrics,Annual Plan Subscriber Payback Period (Months),5.573169374
01-02-2027,Detailed Metrics,Annual Plan Subscriber Payback Period (Months),5.597671631
01-03-2027,Detailed Metrics,Annual Plan Subscriber Payback Period (Months),5.620539365
01-04-2027,Detailed Metrics,Annual Plan Subscriber Payback Period (Months),5.473053684
01-05-2027,Detailed Metrics,Annual Plan Subscriber Payback Period (Months),5.492813902
01-06-2027,Detailed Metrics,Annual Plan Subscriber Payback Period (Months),5.511023521
01-07-2027,Detailed Metrics,Annual Plan Subscriber Payback Period (Months),5.362253194
01-08-2027,Detailed Metrics,Annual Plan Subscriber Payback Period (Months),5.377486893
01-09-2027,Detailed Metrics,Annual Plan Subscriber Payback Period (Months),5.391690085
01-10-2027,Detailed Metrics,Annual Plan Subscriber Payback Period (Months),5.242946676
01-11-2027,Detailed Metrics,Annual Plan Subscriber Payback Period (Months),5.255318003
01-12-2027,Detailed Metrics,Annual Plan Subscriber Payback Period (Months),5.266793083
01-01-2028,Detailed Metrics,Annual Plan Subscriber Payback Period (Months),5.118906531
01-02-2028,Detailed Metrics,Annual Plan Subscriber Payback Period (Months),5.128453131
01-03-2028,Detailed Metrics,Annual Plan Subscriber Payback Period (Months),5.137520032
01-04-2028,Detailed Metrics,Annual Plan Subscriber Payback Period (Months),4.991427922
01-05-2028,Detailed Metrics,Annual Plan Subscriber Payback Period (Months),4.99903692
01-06-2028,Detailed Metrics,Annual Plan Subscriber Payback Period (Months),5.0062217
01-07-2028,Detailed Metrics,Annual Plan Subscriber Payback Period (Months),4.862386561
01-08-2028,Detailed Metrics,Annual Plan Subscriber Payback Period (Months),4.868307964
01-09-2028,Detailed Metrics,Annual Plan Subscriber Payback Period (Months),4.873788557
01-10-2028,Detailed Metrics,Annual Plan Subscriber Payback Period (Months),4.732603343
01-11-2028,Detailed Metrics,Annual Plan Subscriber Payback Period (Months),4.737409561
01-12-2028,Detailed Metrics,Annual Plan Subscriber Payback Period (Months),4.741898197
01-01-2024,Detailed Metrics,Blended Payback Period,4.747774481
01-02-2024,Detailed Metrics,Blended Payback Period,4.733663942
01-03-2024,Detailed Metrics,Blended Payback Period,4.714109818
01-04-2024,Detailed Metrics,Blended Payback Period,4.506182046
01-05-2024,Detailed Metrics,Blended Payback Period,4.492095157
01-06-2024,Detailed Metrics,Blended Payback Period,4.475011689
01-07-2024,Detailed Metrics,Blended Payback Period,4.2737218
01-08-2024,Detailed Metrics,Blended Payback Period,4.257803027
01-09-2024,Detailed Metrics,Blended Payback Period,4.236548101
01-10-2024,Detailed Metrics,Blended Payback Period,4.053423292
01-11-2024,Detailed Metrics,Blended Payback Period,4.03545289
01-12-2024,Detailed Metrics,Blended Payback Period,4.020849637
01-01-2025,Detailed Metrics,Blended Payback Period,3.837854417
01-02-2025,Detailed Metrics,Blended Payback Period,3.820424557
01-03-2025,Detailed Metrics,Blended Payback Period,3.799502992
01-04-2025,Detailed Metrics,Blended Payback Period,3.62701792
01-05-2025,Detailed Metrics,Blended Payback Period,3.608799746
01-06-2025,Detailed Metrics,Blended Payback Period,3.588881194
01-07-2025,Detailed Metrics,Blended Payback Period,3.422596125
01-08-2025,Detailed Metrics,Blended Payback Period,3.404262728
01-09-2025,Detailed Metrics,Blended Payback Period,3.386372375
01-10-2025,Detailed Metrics,Blended Payback Period,3.229191512
01-11-2025,Detailed Metrics,Blended Payback Period,3.211428354
01-12-2025,Detailed Metrics,Blended Payback Period,3.194120198
01-01-2026,Detailed Metrics,Blended Payback Period,3.0590527
01-02-2026,Detailed Metrics,Blended Payback Period,3.056254981
01-03-2026,Detailed Metrics,Blended Payback Period,3.051513208
01-04-2026,Detailed Metrics,Blended Payback Period,2.917289136
01-05-2026,Detailed Metrics,Blended Payback Period,2.910558584
01-06-2026,Detailed Metrics,Blended Payback Period,2.903233921
01-07-2026,Detailed Metrics,Blended Payback Period,2.771900062
01-08-2026,Detailed Metrics,Blended Payback Period,2.762319764
01-09-2026,Detailed Metrics,Blended Payback Period,2.752107704
01-10-2026,Detailed Metrics,Blended Payback Period,2.62598531
01-11-2026,Detailed Metrics,Blended Payback Period,2.615528813
01-12-2026,Detailed Metrics,Blended Payback Period,2.604302395
01-01-2027,Detailed Metrics,Blended Payback Period,2.482275161
01-02-2027,Detailed Metrics,Blended Payback Period,2.470961449
01-03-2027,Detailed Metrics,Blended Payback Period,2.459411213
01-04-2027,Detailed Metrics,Blended Payback Period,2.342335307
01-05-2027,Detailed Metrics,Blended Payback Period,2.330967931
01-06-2027,Detailed Metrics,Blended Payback Period,2.319607706
01-07-2027,Detailed Metrics,Blended Payback Period,2.208153068
01-08-2027,Detailed Metrics,Blended Payback Period,2.196730743
01-09-2027,Detailed Metrics,Blended Payback Period,2.185490338
01-10-2027,Detailed Metrics,Blended Payback Period,2.079530561
01-11-2027,Detailed Metrics,Blended Payback Period,2.06855147
01-12-2027,Detailed Metrics,Blended Payback Period,2.057709211
01-01-2028,Detailed Metrics,Blended Payback Period,1.957119805
01-02-2028,Detailed Metrics,Blended Payback Period,1.946514314
01-03-2028,Detailed Metrics,Blended Payback Period,1.936067268
01-04-2028,Detailed Metrics,Blended Payback Period,1.84086623
01-05-2028,Detailed Metrics,Blended Payback Period,1.830991555
01-06-2028,Detailed Metrics,Blended Payback Period,1.821152262
01-07-2028,Detailed Metrics,Blended Payback Period,1.731041121
01-08-2028,Detailed Metrics,Blended Payback Period,1.72171408
01-09-2028,Detailed Metrics,Blended Payback Period,1.712478247
01-10-2028,Detailed Metrics,Blended Payback Period,1.627379051
01-11-2028,Detailed Metrics,Blended Payback Period,1.618675848
01-12-2028,Detailed Metrics,Blended Payback Period,1.610151573
01-01-2024,Detailed Metrics,Monthly Plan ARPU (Annual),360
01-02-2024,Detailed Metrics,Monthly Plan ARPU (Annual),360
01-03-2024,Detailed Metrics,Monthly Plan ARPU (Annual),360
01-04-2024,Detailed Metrics,Monthly Plan ARPU (Annual),360
01-05-2024,Detailed Metrics,Monthly Plan ARPU (Annual),360
01-06-2024,Detailed Metrics,Monthly Plan ARPU (Annual),360
01-07-2024,Detailed Metrics,Monthly Plan ARPU (Annual),360
01-08-2024,Detailed Metrics,Monthly Plan ARPU (Annual),360
01-09-2024,Detailed Metrics,Monthly Plan ARPU (Annual),360
01-10-2024,Detailed Metrics,Monthly Plan ARPU (Annual),360
01-11-2024,Detailed Metrics,Monthly Plan ARPU (Annual),360
01-12-2024,Detailed Metrics,Monthly Plan ARPU (Annual),360
01-01-2025,Detailed Metrics,Monthly Plan ARPU (Annual),360
01-02-2025,Detailed Metrics,Monthly Plan ARPU (Annual),360
01-03-2025,Detailed Metrics,Monthly Plan ARPU (Annual),360
01-04-2025,Detailed Metrics,Monthly Plan ARPU (Annual),360
01-05-2025,Detailed Metrics,Monthly Plan ARPU (Annual),360
01-06-2025,Detailed Metrics,Monthly Plan ARPU (Annual),360
01-07-2025,Detailed Metrics,Monthly Plan ARPU (Annual),360
01-08-2025,Detailed Metrics,Monthly Plan ARPU (Annual),360
01-09-2025,Detailed Metrics,Monthly Plan ARPU (Annual),360
01-10-2025,Detailed Metrics,Monthly Plan ARPU (Annual),360
01-11-2025,Detailed Metrics,Monthly Plan ARPU (Annual),360
01-12-2025,Detailed Metrics,Monthly Plan ARPU (Annual),360
01-01-2026,Detailed Metrics,Monthly Plan ARPU (Annual),360
01-02-2026,Detailed Metrics,Monthly Plan ARPU (Annual),360
01-03-2026,Detailed Metrics,Monthly Plan ARPU (Annual),360
01-04-2026,Detailed Metrics,Monthly Plan ARPU (Annual),360
01-05-2026,Detailed Metrics,Monthly Plan ARPU (Annual),360
01-06-2026,Detailed Metrics,Monthly Plan ARPU (Annual),360
01-07-2026,Detailed Metrics,Monthly Plan ARPU (Annual),360
01-08-2026,Detailed Metrics,Monthly Plan ARPU (Annual),360
01-09-2026,Detailed Metrics,Monthly Plan ARPU (Annual),360
01-10-2026,Detailed Metrics,Monthly Plan ARPU (Annual),360
01-11-2026,Detailed Metrics,Monthly Plan ARPU (Annual),360
01-12-2026,Detailed Metrics,Monthly Plan ARPU (Annual),360
01-01-2027,Detailed Metrics,Monthly Plan ARPU (Annual),360
01-02-2027,Detailed Metrics,Monthly Plan ARPU (Annual),360
01-03-2027,Detailed Metrics,Monthly Plan ARPU (Annual),360
01-04-2027,Detailed Metrics,Monthly Plan ARPU (Annual),360
01-05-2027,Detailed Metrics,Monthly Plan ARPU (Annual),360
01-06-2027,Detailed Metrics,Monthly Plan ARPU (Annual),360
01-07-2027,Detailed Metrics,Monthly Plan ARPU (Annual),360
01-08-2027,Detailed Metrics,Monthly Plan ARPU (Annual),360
01-09-2027,Detailed Metrics,Monthly Plan ARPU (Annual),360
01-10-2027,Detailed Metrics,Monthly Plan ARPU (Annual),360
01-11-2027,Detailed Metrics,Monthly Plan ARPU (Annual),360
01-12-2027,Detailed Metrics,Monthly Plan ARPU (Annual),360
01-01-2028,Detailed Metrics,Monthly Plan ARPU (Annual),360
01-02-2028,Detailed Metrics,Monthly Plan ARPU (Annual),360
01-03-2028,Detailed Metrics,Monthly Plan ARPU (Annual),360
01-04-2028,Detailed Metrics,Monthly Plan ARPU (Annual),360
01-05-2028,Detailed Metrics,Monthly Plan ARPU (Annual),360
01-06-2028,Detailed Metrics,Monthly Plan ARPU (Annual),360
01-07-2028,Detailed Metrics,Monthly Plan ARPU (Annual),360
01-08-2028,Detailed Metrics,Monthly Plan ARPU (Annual),360
01-09-2028,Detailed Metrics,Monthly Plan ARPU (Annual),360
01-10-2028,Detailed Metrics,Monthly Plan ARPU (Annual),360
01-11-2028,Detailed Metrics,Monthly Plan ARPU (Annual),360
01-12-2028,Detailed Metrics,Monthly Plan ARPU (Annual),360
01-01-2024,Detailed Metrics,Annual Plan ARPU (Annual),330
01-02-2024,Detailed Metrics,Annual Plan ARPU (Annual),330
01-03-2024,Detailed Metrics,Annual Plan ARPU (Annual),330
01-04-2024,Detailed Metrics,Annual Plan ARPU (Annual),330
01-05-2024,Detailed Metrics,Annual Plan ARPU (Annual),330
01-06-2024,Detailed Metrics,Annual Plan ARPU (Annual),330
01-07-2024,Detailed Metrics,Annual Plan ARPU (Annual),330
01-08-2024,Detailed Metrics,Annual Plan ARPU (Annual),330
01-09-2024,Detailed Metrics,Annual Plan ARPU (Annual),330
01-10-2024,Detailed Metrics,Annual Plan ARPU (Annual),330
01-11-2024,Detailed Metrics,Annual Plan ARPU (Annual),330
01-12-2024,Detailed Metrics,Annual Plan ARPU (Annual),330
01-01-2025,Detailed Metrics,Annual Plan ARPU (Annual),330
01-02-2025,Detailed Metrics,Annual Plan ARPU (Annual),330
01-03-2025,Detailed Metrics,Annual Plan ARPU (Annual),330
01-04-2025,Detailed Metrics,Annual Plan ARPU (Annual),330
01-05-2025,Detailed Metrics,Annual Plan ARPU (Annual),330
01-06-2025,Detailed Metrics,Annual Plan ARPU (Annual),330
01-07-2025,Detailed Metrics,Annual Plan ARPU (Annual),330
01-08-2025,Detailed Metrics,Annual Plan ARPU (Annual),330
01-09-2025,Detailed Metrics,Annual Plan ARPU (Annual),330
01-10-2025,Detailed Metrics,Annual Plan ARPU (Annual),330
01-11-2025,Detailed Metrics,Annual Plan ARPU (Annual),330
01-12-2025,Detailed Metrics,Annual Plan ARPU (Annual),330
01-01-2026,Detailed Metrics,Annual Plan ARPU (Annual),326.1590689
01-02-2026,Detailed Metrics,Annual Plan ARPU (Annual),322.6995516
01-03-2026,Detailed Metrics,Annual Plan ARPU (Annual),319.5020747
01-04-2026,Detailed Metrics,Annual Plan ARPU (Annual),316.5599385
01-05-2026,Detailed Metrics,Annual Plan ARPU (Annual),313.8642298
01-06-2026,Detailed Metrics,Annual Plan ARPU (Annual),311.4084507
01-07-2026,Detailed Metrics,Annual Plan ARPU (Annual),309.1812985
01-08-2026,Detailed Metrics,Annual Plan ARPU (Annual),307.1076573
01-09-2026,Detailed Metrics,Annual Plan ARPU (Annual),305.1919014
01-10-2026,Detailed Metrics,Annual Plan ARPU (Annual),303.3862261
01-11-2026,Detailed Metrics,Annual Plan ARPU (Annual),301.7515585
01-12-2026,Detailed Metrics,Annual Plan ARPU (Annual),300.2332815
01-01-2027,Detailed Metrics,Annual Plan ARPU (Annual),298.7925819
01-02-2027,Detailed Metrics,Annual Plan ARPU (Annual),297.4847001
01-03-2027,Detailed Metrics,Annual Plan ARPU (Annual),296.2743534
01-04-2027,Detailed Metrics,Annual Plan ARPU (Annual),295.1304901
01-05-2027,Detailed Metrics,Annual Plan ARPU (Annual),294.0687679
01-06-2027,Detailed Metrics,Annual Plan ARPU (Annual),293.0971008
01-07-2027,Detailed Metrics,Annual Plan ARPU (Annual),292.1919218
01-08-2027,Detailed Metrics,Annual Plan ARPU (Annual),291.3641813
01-09-2027,Detailed Metrics,Annual Plan ARPU (Annual),290.596648
01-10-2027,Detailed Metrics,Annual Plan ARPU (Annual),289.8757031
01-11-2027,Detailed Metrics,Annual Plan ARPU (Annual),289.1933187
01-12-2027,Detailed Metrics,Annual Plan ARPU (Annual),288.5632357
01-01-2028,Detailed Metrics,Annual Plan ARPU (Annual),287.9929062
01-02-2028,Detailed Metrics,Annual Plan ARPU (Annual),287.4568083
01-03-2028,Detailed Metrics,Annual Plan ARPU (Annual),286.949493
01-04-2028,Detailed Metrics,Annual Plan ARPU (Annual),286.48766
01-05-2028,Detailed Metrics,Annual Plan ARPU (Annual),286.0515991
01-06-2028,Detailed Metrics,Annual Plan ARPU (Annual),285.6410665
01-07-2028,Detailed Metrics,Annual Plan ARPU (Annual),285.2679467
01-08-2028,Detailed Metrics,Annual Plan ARPU (Annual),284.9209705
01-09-2028,Detailed Metrics,Annual Plan ARPU (Annual),284.6005759
01-10-2028,Detailed Metrics,Annual Plan ARPU (Annual),284.2981847
01-11-2028,Detailed Metrics,Annual Plan ARPU (Annual),284.0097572
01-12-2028,Detailed Metrics,Annual Plan ARPU (Annual),283.7409163
01-01-2024,Detailed Metrics,Blended ARPU (Annual),348.6206897
01-02-2024,Detailed Metrics,Blended ARPU (Annual),348.16609
01-03-2024,Detailed Metrics,Blended ARPU (Annual),347.7931034
01-04-2024,Detailed Metrics,Blended ARPU (Annual),347.4442539
01-05-2024,Detailed Metrics,Blended ARPU (Annual),347.1195652
01-06-2024,Detailed Metrics,Blended ARPU (Annual),346.8268156
01-07-2024,Detailed Metrics,Blended ARPU (Annual),346.5819209
01-08-2024,Detailed Metrics,Blended ARPU (Annual),346.3570275
01-09-2024,Detailed Metrics,Blended ARPU (Annual),346.1684211
01-10-2024,Detailed Metrics,Blended ARPU (Annual),345.9975369
01-11-2024,Detailed Metrics,Blended ARPU (Annual),345.8496732
01-12-2024,Detailed Metrics,Blended ARPU (Annual),345.7198255
01-01-2025,Detailed Metrics,Blended ARPU (Annual),345.7536042
01-02-2025,Detailed Metrics,Blended ARPU (Annual),345.7938389
01-03-2025,Detailed Metrics,Blended ARPU (Annual),345.8375089
01-04-2025,Detailed Metrics,Blended ARPU (Annual),345.8869396
01-05-2025,Detailed Metrics,Blended ARPU (Annual),345.94387
01-06-2025,Detailed Metrics,Blended ARPU (Annual),346.0129136
01-07-2025,Detailed Metrics,Blended ARPU (Annual),346.0927152
01-08-2025,Detailed Metrics,Blended ARPU (Annual),346.1817368
01-09-2025,Detailed Metrics,Blended ARPU (Annual),346.2755519
01-10-2025,Detailed Metrics,Blended ARPU (Annual),346.3784087
01-11-2025,Detailed Metrics,Blended ARPU (Annual),346.4907787
01-12-2025,Detailed Metrics,Blended ARPU (Annual),346.6078125
01-01-2026,Detailed Metrics,Blended ARPU (Annual),345.032175
01-02-2026,Detailed Metrics,Blended ARPU (Annual),343.6624329
01-03-2026,Detailed Metrics,Blended ARPU (Annual),342.4418326
01-04-2026,Detailed Metrics,Blended ARPU (Annual),341.3678312
01-05-2026,Detailed Metrics,Blended ARPU (Annual),340.4299235
01-06-2026,Detailed Metrics,Blended ARPU (Annual),339.6234773
01-07-2026,Detailed Metrics,Blended ARPU (Annual),338.9416244
01-08-2026,Detailed Metrics,Blended ARPU (Annual),338.3523388
01-09-2026,Detailed Metrics,Blended ARPU (Annual),337.8537384
01-10-2026,Detailed Metrics,Blended ARPU (Annual),337.4202388
01-11-2026,Detailed Metrics,Blended ARPU (Annual),337.0763523
01-12-2026,Detailed Metrics,Blended ARPU (Annual),336.7998463
01-01-2027,Detailed Metrics,Blended ARPU (Annual),336.5738736
01-02-2027,Detailed Metrics,Blended ARPU (Annual),336.4174901
01-03-2027,Detailed Metrics,Blended ARPU (Annual),336.314051
01-04-2027,Detailed Metrics,Blended ARPU (Annual),336.2502913
01-05-2027,Detailed Metrics,Blended ARPU (Annual),336.2301856
01-06-2027,Detailed Metrics,Blended ARPU (Annual),336.25441
01-07-2027,Detailed Metrics,Blended ARPU (Annual),336.3139922
01-08-2027,Detailed Metrics,Blended ARPU (Annual),336.410679
01-09-2027,Detailed Metrics,Blended ARPU (Annual),336.5363888
01-10-2027,Detailed Metrics,Blended ARPU (Annual),336.6851364
01-11-2027,Detailed Metrics,Blended ARPU (Annual),336.8533333
01-12-2027,Detailed Metrics,Blended ARPU (Annual),337.0441716
01-01-2028,Detailed Metrics,Blended ARPU (Annual),337.2599744
01-02-2028,Detailed Metrics,Blended ARPU (Annual),337.4914459
01-03-2028,Detailed Metrics,Blended ARPU (Annual),337.7359392
01-04-2028,Detailed Metrics,Blended ARPU (Annual),337.99658
01-05-2028,Detailed Metrics,Blended ARPU (Annual),338.2673702
01-06-2028,Detailed Metrics,Blended ARPU (Annual),338.5477631
01-07-2028,Detailed Metrics,Blended ARPU (Annual),338.8405081
01-08-2028,Detailed Metrics,Blended ARPU (Annual),339.1415007
01-09-2028,Detailed Metrics,Blended ARPU (Annual),339.4503624
01-10-2028,Detailed Metrics,Blended ARPU (Annual),339.7642366
01-11-2028,Detailed Metrics,Blended ARPU (Annual),340.0810893
01-12-2028,Detailed Metrics,Blended ARPU (Annual),340.4019325
01-01-2024,Detailed Metrics,Monthly Plan Subscriber Lifetime (Years),0.555555556
01-02-2024,Detailed Metrics,Monthly Plan Subscriber Lifetime (Years),0.555555556
01-03-2024,Detailed Metrics,Monthly Plan Subscriber Lifetime (Years),0.555555556
01-04-2024,Detailed Metrics,Monthly Plan Subscriber Lifetime (Years),0.555555556
01-05-2024,Detailed Metrics,Monthly Plan Subscriber Lifetime (Years),0.555555556
01-06-2024,Detailed Metrics,Monthly Plan Subscriber Lifetime (Years),0.555555556
01-07-2024,Detailed Metrics,Monthly Plan Subscriber Lifetime (Years),0.555555556
01-08-2024,Detailed Metrics,Monthly Plan Subscriber Lifetime (Years),0.555555556
01-09-2024,Detailed Metrics,Monthly Plan Subscriber Lifetime (Years),0.555555556
01-10-2024,Detailed Metrics,Monthly Plan Subscriber Lifetime (Years),0.555555556
01-11-2024,Detailed Metrics,Monthly Plan Subscriber Lifetime (Years),0.555555556
01-12-2024,Detailed Metrics,Monthly Plan Subscriber Lifetime (Years),0.555555556
01-01-2025,Detailed Metrics,Monthly Plan Subscriber Lifetime (Years),0.555555556
01-02-2025,Detailed Metrics,Monthly Plan Subscriber Lifetime (Years),0.555555556
01-03-2025,Detailed Metrics,Monthly Plan Subscriber Lifetime (Years),0.555555556
01-04-2025,Detailed Metrics,Monthly Plan Subscriber Lifetime (Years),0.555555556
01-05-2025,Detailed Metrics,Monthly Plan Subscriber Lifetime (Years),0.555555556
01-06-2025,Detailed Metrics,Monthly Plan Subscriber Lifetime (Years),0.555555556
01-07-2025,Detailed Metrics,Monthly Plan Subscriber Lifetime (Years),0.555555556
01-08-2025,Detailed Metrics,Monthly Plan Subscriber Lifetime (Years),0.555555556
01-09-2025,Detailed Metrics,Monthly Plan Subscriber Lifetime (Years),0.555555556
01-10-2025,Detailed Metrics,Monthly Plan Subscriber Lifetime (Years),0.555555556
01-11-2025,Detailed Metrics,Monthly Plan Subscriber Lifetime (Years),0.555555556
01-12-2025,Detailed Metrics,Monthly Plan Subscriber Lifetime (Years),0.555555556
01-01-2026,Detailed Metrics,Monthly Plan Subscriber Lifetime (Years),0.555555556
01-02-2026,Detailed Metrics,Monthly Plan Subscriber Lifetime (Years),0.555555556
01-03-2026,Detailed Metrics,Monthly Plan Subscriber Lifetime (Years),0.555555556
01-04-2026,Detailed Metrics,Monthly Plan Subscriber Lifetime (Years),0.555555556
01-05-2026,Detailed Metrics,Monthly Plan Subscriber Lifetime (Years),0.555555556
01-06-2026,Detailed Metrics,Monthly Plan Subscriber Lifetime (Years),0.555555556
01-07-2026,Detailed Metrics,Monthly Plan Subscriber Lifetime (Years),0.555555556
01-08-2026,Detailed Metrics,Monthly Plan Subscriber Lifetime (Years),0.555555556
01-09-2026,Detailed Metrics,Monthly Plan Subscriber Lifetime (Years),0.555555556
01-10-2026,Detailed Metrics,Monthly Plan Subscriber Lifetime (Years),0.555555556
01-11-2026,Detailed Metrics,Monthly Plan Subscriber Lifetime (Years),0.555555556
01-12-2026,Detailed Metrics,Monthly Plan Subscriber Lifetime (Years),0.555555556
01-01-2027,Detailed Metrics,Monthly Plan Subscriber Lifetime (Years),0.555555556
01-02-2027,Detailed Metrics,Monthly Plan Subscriber Lifetime (Years),0.555555556
01-03-2027,Detailed Metrics,Monthly Plan Subscriber Lifetime (Years),0.555555556
01-04-2027,Detailed Metrics,Monthly Plan Subscriber Lifetime (Years),0.555555556
01-05-2027,Detailed Metrics,Monthly Plan Subscriber Lifetime (Years),0.555555556
01-06-2027,Detailed Metrics,Monthly Plan Subscriber Lifetime (Years),0.555555556
01-07-2027,Detailed Metrics,Monthly Plan Subscriber Lifetime (Years),0.555555556
01-08-2027,Detailed Metrics,Monthly Plan Subscriber Lifetime (Years),0.555555556
01-09-2027,Detailed Metrics,Monthly Plan Subscriber Lifetime (Years),0.555555556
01-10-2027,Detailed Metrics,Monthly Plan Subscriber Lifetime (Years),0.555555556
01-11-2027,Detailed Metrics,Monthly Plan Subscriber Lifetime (Years),0.555555556
01-12-2027,Detailed Metrics,Monthly Plan Subscriber Lifetime (Years),0.555555556
01-01-2028,Detailed Metrics,Monthly Plan Subscriber Lifetime (Years),0.555555556
01-02-2028,Detailed Metrics,Monthly Plan Subscriber Lifetime (Years),0.555555556
01-03-2028,Detailed Metrics,Monthly Plan Subscriber Lifetime (Years),0.555555556
01-04-2028,Detailed Metrics,Monthly Plan Subscriber Lifetime (Years),0.555555556
01-05-2028,Detailed Metrics,Monthly Plan Subscriber Lifetime (Years),0.555555556
01-06-2028,Detailed Metrics,Monthly Plan Subscriber Lifetime (Years),0.555555556
01-07-2028,Detailed Metrics,Monthly Plan Subscriber Lifetime (Years),0.555555556
01-08-2028,Detailed Metrics,Monthly Plan Subscriber Lifetime (Years),0.555555556
01-09-2028,Detailed Metrics,Monthly Plan Subscriber Lifetime (Years),0.555555556
01-10-2028,Detailed Metrics,Monthly Plan Subscriber Lifetime (Years),0.555555556
01-11-2028,Detailed Metrics,Monthly Plan Subscriber Lifetime (Years),0.555555556
01-12-2028,Detailed Metrics,Monthly Plan Subscriber Lifetime (Years),0.555555556
01-01-2024,Detailed Metrics,Annual Plan Subscriber Lifetime (Years),2.857142857
01-02-2024,Detailed Metrics,Annual Plan Subscriber Lifetime (Years),2.857142857
01-03-2024,Detailed Metrics,Annual Plan Subscriber Lifetime (Years),2.857142857
01-04-2024,Detailed Metrics,Annual Plan Subscriber Lifetime (Years),2.857142857
01-05-2024,Detailed Metrics,Annual Plan Subscriber Lifetime (Years),2.857142857
01-06-2024,Detailed Metrics,Annual Plan Subscriber Lifetime (Years),2.857142857
01-07-2024,Detailed Metrics,Annual Plan Subscriber Lifetime (Years),2.857142857
01-08-2024,Detailed Metrics,Annual Plan Subscriber Lifetime (Years),2.857142857
01-09-2024,Detailed Metrics,Annual Plan Subscriber Lifetime (Years),2.857142857
01-10-2024,Detailed Metrics,Annual Plan Subscriber Lifetime (Years),2.857142857
01-11-2024,Detailed Metrics,Annual Plan Subscriber Lifetime (Years),2.857142857
01-12-2024,Detailed Metrics,Annual Plan Subscriber Lifetime (Years),2.857142857
01-01-2025,Detailed Metrics,Annual Plan Subscriber Lifetime (Years),2.857142857
01-02-2025,Detailed Metrics,Annual Plan Subscriber Lifetime (Years),2.857142857
01-03-2025,Detailed Metrics,Annual Plan Subscriber Lifetime (Years),2.857142857
01-04-2025,Detailed Metrics,Annual Plan Subscriber Lifetime (Years),2.857142857
01-05-2025,Detailed Metrics,Annual Plan Subscriber Lifetime (Years),2.857142857
01-06-2025,Detailed Metrics,Annual Plan Subscriber Lifetime (Years),2.857142857
01-07-2025,Detailed Metrics,Annual Plan Subscriber Lifetime (Years),2.857142857
01-08-2025,Detailed Metrics,Annual Plan Subscriber Lifetime (Years),2.857142857
01-09-2025,Detailed Metrics,Annual Plan Subscriber Lifetime (Years),2.857142857
01-10-2025,Detailed Metrics,Annual Plan Subscriber Lifetime (Years),2.857142857
01-11-2025,Detailed Metrics,Annual Plan Subscriber Lifetime (Years),2.857142857
01-12-2025,Detailed Metrics,Annual Plan Subscriber Lifetime (Years),2.857142857
01-01-2026,Detailed Metrics,Annual Plan Subscriber Lifetime (Years),2.857142857
01-02-2026,Detailed Metrics,Annual Plan Subscriber Lifetime (Years),2.857142857
01-03-2026,Detailed Metrics,Annual Plan Subscriber Lifetime (Years),2.857142857
01-04-2026,Detailed Metrics,Annual Plan Subscriber Lifetime (Years),2.857142857
01-05-2026,Detailed Metrics,Annual Plan Subscriber Lifetime (Years),2.857142857
01-06-2026,Detailed Metrics,Annual Plan Subscriber Lifetime (Years),2.857142857
01-07-2026,Detailed Metrics,Annual Plan Subscriber Lifetime (Years),2.857142857
01-08-2026,Detailed Metrics,Annual Plan Subscriber Lifetime (Years),2.857142857
01-09-2026,Detailed Metrics,Annual Plan Subscriber Lifetime (Years),2.857142857
01-10-2026,Detailed Metrics,Annual Plan Subscriber Lifetime (Years),2.857142857
01-11-2026,Detailed Metrics,Annual Plan Subscriber Lifetime (Years),2.857142857
01-12-2026,Detailed Metrics,Annual Plan Subscriber Lifetime (Years),2.857142857
01-01-2027,Detailed Metrics,Annual Plan Subscriber Lifetime (Years),2.857142857
01-02-2027,Detailed Metrics,Annual Plan Subscriber Lifetime (Years),2.857142857
01-03-2027,Detailed Metrics,Annual Plan Subscriber Lifetime (Years),2.857142857
01-04-2027,Detailed Metrics,Annual Plan Subscriber Lifetime (Years),2.857142857
01-05-2027,Detailed Metrics,Annual Plan Subscriber Lifetime (Years),2.857142857
01-06-2027,Detailed Metrics,Annual Plan Subscriber Lifetime (Years),2.857142857
01-07-2027,Detailed Metrics,Annual Plan Subscriber Lifetime (Years),2.857142857
01-08-2027,Detailed Metrics,Annual Plan Subscriber Lifetime (Years),2.857142857
01-09-2027,Detailed Metrics,Annual Plan Subscriber Lifetime (Years),2.857142857
01-10-2027,Detailed Metrics,Annual Plan Subscriber Lifetime (Years),2.857142857
01-11-2027,Detailed Metrics,Annual Plan Subscriber Lifetime (Years),2.857142857
01-12-2027,Detailed Metrics,Annual Plan Subscriber Lifetime (Years),2.857142857
01-01-2028,Detailed Metrics,Annual Plan Subscriber Lifetime (Years),2.857142857
01-02-2028,Detailed Metrics,Annual Plan Subscriber Lifetime (Years),2.857142857
01-03-2028,Detailed Metrics,Annual Plan Subscriber Lifetime (Years),2.857142857
01-04-2028,Detailed Metrics,Annual Plan Subscriber Lifetime (Years),2.857142857
01-05-2028,Detailed Metrics,Annual Plan Subscriber Lifetime (Years),2.857142857
01-06-2028,Detailed Metrics,Annual Plan Subscriber Lifetime (Years),2.857142857
01-07-2028,Detailed Metrics,Annual Plan Subscriber Lifetime (Years),2.857142857
01-08-2028,Detailed Metrics,Annual Plan Subscriber Lifetime (Years),2.857142857
01-09-2028,Detailed Metrics,Annual Plan Subscriber Lifetime (Years),2.857142857
01-10-2028,Detailed Metrics,Annual Plan Subscriber Lifetime (Years),2.857142857
01-11-2028,Detailed Metrics,Annual Plan Subscriber Lifetime (Years),2.857142857
01-12-2028,Detailed Metrics,Annual Plan Subscriber Lifetime (Years),2.857142857
01-01-2024,Detailed Metrics,Blended Lifetime (Annual),1.428571429
01-02-2024,Detailed Metrics,Blended Lifetime (Annual),1.463448124
01-03-2024,Detailed Metrics,Blended Lifetime (Annual),1.492063492
01-04-2024,Detailed Metrics,Blended Lifetime (Annual),1.518827085
01-05-2024,Detailed Metrics,Blended Lifetime (Annual),1.54373706
01-06-2024,Detailed Metrics,Blended Lifetime (Annual),1.566196684
01-07-2024,Detailed Metrics,Blended Lifetime (Annual),1.584984904
01-08-2024,Detailed Metrics,Blended Lifetime (Annual),1.602238634
01-09-2024,Detailed Metrics,Blended Lifetime (Annual),1.616708438
01-10-2024,Detailed Metrics,Blended Lifetime (Annual),1.629818594
01-11-2024,Detailed Metrics,Blended Lifetime (Annual),1.641162638
01-12-2024,Detailed Metrics,Blended Lifetime (Annual),1.651124499
01-01-2025,Detailed Metrics,Blended Lifetime (Annual),1.648533012
01-02-2025,Detailed Metrics,Blended Lifetime (Annual),1.645446225
01-03-2025,Detailed Metrics,Blended Lifetime (Annual),1.642095874
01-04-2025,Detailed Metrics,Blended Lifetime (Annual),1.638303578
01-05-2025,Detailed Metrics,Blended Lifetime (Annual),1.633935898
01-06-2025,Detailed Metrics,Blended Lifetime (Annual),1.628638901
01-07-2025,Detailed Metrics,Blended Lifetime (Annual),1.622516556
01-08-2025,Detailed Metrics,Blended Lifetime (Annual),1.61568686
01-09-2025,Detailed Metrics,Blended Lifetime (Annual),1.608489403
01-10-2025,Detailed Metrics,Blended Lifetime (Annual),1.600598277
01-11-2025,Detailed Metrics,Blended Lifetime (Annual),1.591977296
01-12-2025,Detailed Metrics,Blended Lifetime (Annual),1.582998512
01-01-2026,Detailed Metrics,Blended Lifetime (Annual),1.573546335
01-02-2026,Detailed Metrics,Blended Lifetime (Annual),1.563648985
01-03-2026,Detailed Metrics,Blended Lifetime (Annual),1.55342532
01-04-2026,Detailed Metrics,Blended Lifetime (Annual),1.542744835
01-05-2026,Detailed Metrics,Blended Lifetime (Annual),1.531853109
01-06-2026,Detailed Metrics,Blended Lifetime (Annual),1.52070992
01-07-2026,Detailed Metrics,Blended Lifetime (Annual),1.509292832
01-08-2026,Detailed Metrics,Blended Lifetime (Annual),1.497544121
01-09-2026,Detailed Metrics,Blended Lifetime (Annual),1.485555973
01-10-2026,Detailed Metrics,Blended Lifetime (Annual),1.473517529
01-11-2026,Detailed Metrics,Blended Lifetime (Annual),1.461344191
01-12-2026,Detailed Metrics,Blended Lifetime (Annual),1.448982205
01-01-2027,Detailed Metrics,Blended Lifetime (Annual),1.436450006
01-02-2027,Detailed Metrics,Blended Lifetime (Annual),1.423778303
01-03-2027,Detailed Metrics,Blended Lifetime (Annual),1.411023996
01-04-2027,Detailed Metrics,Blended Lifetime (Annual),1.398201477
01-05-2027,Detailed Metrics,Blended Lifetime (Annual),1.385333815
01-06-2027,Detailed Metrics,Blended Lifetime (Annual),1.372449128
01-07-2027,Detailed Metrics,Blended Lifetime (Annual),1.359521931
01-08-2027,Detailed Metrics,Blended Lifetime (Annual),1.346583953
01-09-2027,Detailed Metrics,Blended Lifetime (Annual),1.333667102
01-10-2027,Detailed Metrics,Blended Lifetime (Annual),1.320785244
01-11-2027,Detailed Metrics,Blended Lifetime (Annual),1.307943227
01-12-2027,Detailed Metrics,Blended Lifetime (Annual),1.295158528
01-01-2028,Detailed Metrics,Blended Lifetime (Annual),1.282402751
01-02-2028,Detailed Metrics,Blended Lifetime (Annual),1.269687386
01-03-2028,Detailed Metrics,Blended Lifetime (Annual),1.25702474
01-04-2028,Detailed Metrics,Blended Lifetime (Annual),1.244457473
01-05-2028,Detailed Metrics,Blended Lifetime (Annual),1.231967003
01-06-2028,Detailed Metrics,Blended Lifetime (Annual),1.219553729
01-07-2028,Detailed Metrics,Blended Lifetime (Annual),1.207222621
01-08-2028,Detailed Metrics,Blended Lifetime (Annual),1.194983868
01-09-2028,Detailed Metrics,Blended Lifetime (Annual),1.182838661
01-10-2028,Detailed Metrics,Blended Lifetime (Annual),1.170790155
01-11-2028,Detailed Metrics,Blended Lifetime (Annual),1.158858168
01-12-2028,Detailed Metrics,Blended Lifetime (Annual),1.147047887
01-01-2024,Detailed Metrics,Annual Plan Subscriber LTV,942.8571429
01-02-2024,Detailed Metrics,Annual Plan Subscriber LTV,942.8571429
01-03-2024,Detailed Metrics,Annual Plan Subscriber LTV,942.8571429
01-04-2024,Detailed Metrics,Annual Plan Subscriber LTV,942.8571429
01-05-2024,Detailed Metrics,Annual Plan Subscriber LTV,942.8571429
01-06-2024,Detailed Metrics,Annual Plan Subscriber LTV,942.8571429
01-07-2024,Detailed Metrics,Annual Plan Subscriber LTV,942.8571429
01-08-2024,Detailed Metrics,Annual Plan Subscriber LTV,942.8571429
01-09-2024,Detailed Metrics,Annual Plan Subscriber LTV,942.8571429
01-10-2024,Detailed Metrics,Annual Plan Subscriber LTV,942.8571429
01-11-2024,Detailed Metrics,Annual Plan Subscriber LTV,942.8571429
01-12-2024,Detailed Metrics,Annual Plan Subscriber LTV,942.8571429
01-01-2025,Detailed Metrics,Annual Plan Subscriber LTV,942.8571429
01-02-2025,Detailed Metrics,Annual Plan Subscriber LTV,942.8571429
01-03-2025,Detailed Metrics,Annual Plan Subscriber LTV,942.8571429
01-04-2025,Detailed Metrics,Annual Plan Subscriber LTV,942.8571429
01-05-2025,Detailed Metrics,Annual Plan Subscriber LTV,942.8571429
01-06-2025,Detailed Metrics,Annual Plan Subscriber LTV,942.8571429
01-07-2025,Detailed Metrics,Annual Plan Subscriber LTV,942.8571429
01-08-2025,Detailed Metrics,Annual Plan Subscriber LTV,942.8571429
01-09-2025,Detailed Metrics,Annual Plan Subscriber LTV,942.8571429
01-10-2025,Detailed Metrics,Annual Plan Subscriber LTV,942.8571429
01-11-2025,Detailed Metrics,Annual Plan Subscriber LTV,942.8571429
01-12-2025,Detailed Metrics,Annual Plan Subscriber LTV,942.8571429
01-01-2026,Detailed Metrics,Annual Plan Subscriber LTV,931.8830539
01-02-2026,Detailed Metrics,Annual Plan Subscriber LTV,921.9987188
01-03-2026,Detailed Metrics,Annual Plan Subscriber LTV,912.8630705
01-05-2026,Detailed Metrics,Annual Plan Subscriber LTV,896.7549422
01-08-2026,Detailed Metrics,Annual Plan Subscriber LTV,877.4504495
01-10-2026,Detailed Metrics,Annual Plan Subscriber LTV,866.8177888
01-11-2026,Detailed Metrics,Annual Plan Subscriber LTV,862.1473099
01-02-2027,Detailed Metrics,Annual Plan Subscriber LTV,849.9562861
01-06-2027,Detailed Metrics,Annual Plan Subscriber LTV,837.4202879
01-08-2027,Detailed Metrics,Annual Plan Subscriber LTV,832.4690893
01-09-2027,Detailed Metrics,Annual Plan Subscriber LTV,830.2761373
01-06-2028,Detailed Metrics,Annual Plan Subscriber LTV,816.1173327
01-07-2028,Detailed Metrics,Annual Plan Subscriber LTV,815.0512762
01-08-2028,Detailed Metrics,Annual Plan Subscriber LTV,814.0599158
01-10-2028,Detailed Metrics,Annual Plan Subscriber LTV,812.2805276
01-11-2028,Detailed Metrics,Annual Plan Subscriber LTV,811.4564491
01-01-2024,Detailed Metrics,Blended LTV (Annual),481.773399
01-02-2024,Detailed Metrics,Blended LTV (Annual),493.0301532
01-03-2024,Detailed Metrics,Blended LTV (Annual),502.2660099
01-04-2024,Detailed Metrics,Blended LTV (Annual),510.9041901
01-05-2024,Detailed Metrics,Blended LTV (Annual),518.9440994
01-06-2024,Detailed Metrics,Blended LTV (Annual),526.1931365
01-07-2024,Detailed Metrics,Blended LTV (Annual),532.2571967
01-08-2024,Detailed Metrics,Blended LTV (Annual),537.8259866
01-09-2024,Detailed Metrics,Blended LTV (Annual),542.4962406
01-10-2024,Detailed Metrics,Blended LTV (Annual),546.7276566
01-11-2024,Detailed Metrics,Blended LTV (Annual),550.3890445
01-12-2024,Detailed Metrics,Blended LTV (Annual),553.604321
01-01-2025,Detailed Metrics,Blended LTV (Annual),552.7678961
01-02-2025,Detailed Metrics,Blended LTV (Annual),551.7716091
01-03-2025,Detailed Metrics,Blended LTV (Annual),550.6902546
01-04-2025,Detailed Metrics,Blended LTV (Annual),549.4662582
01-05-2025,Detailed Metrics,Blended LTV (Annual),548.056552
01-06-2025,Detailed Metrics,Blended LTV (Annual),546.3469003
01-07-2025,Detailed Metrics,Blended LTV (Annual),544.3708609
01-08-2025,Detailed Metrics,Blended LTV (Annual),542.1665175
01-09-2025,Detailed Metrics,Blended LTV (Annual),539.8434762
01-10-2025,Detailed Metrics,Blended LTV (Annual),537.2965473
01-11-2025,Detailed Metrics,Blended LTV (Annual),534.5140515
01-12-2025,Detailed Metrics,Blended LTV (Annual),531.6160714
01-01-2026,Detailed Metrics,Blended LTV (Annual),523.7114666
01-02-2026,Detailed Metrics,Blended LTV (Annual),516.2348716
01-03-2026,Detailed Metrics,Blended LTV (Annual),509.0669225
01-04-2026,Detailed Metrics,Blended LTV (Annual),502.1533729
01-05-2026,Detailed Metrics,Blended LTV (Annual),495.5526149
01-06-2026,Detailed Metrics,Blended LTV (Annual),489.2369351
01-07-2026,Detailed Metrics,Blended LTV (Annual),483.1786319
01-08-2026,Detailed Metrics,Blended LTV (Annual),477.2654233
01-09-2026,Detailed Metrics,Blended LTV (Annual),471.5251171
01-10-2026,Detailed Metrics,Blended LTV (Annual),465.9527072
01-11-2026,Detailed Metrics,Blended LTV (Annual),460.5877727
01-12-2026,Detailed Metrics,Blended LTV (Annual),455.3474406
01-01-2027,Detailed Metrics,Blended LTV (Annual),450.1902125
01-02-2027,Detailed Metrics,Blended LTV (Annual),445.1815891
01-03-2027,Detailed Metrics,Blended LTV (Annual),440.2944984
01-04-2027,Detailed Metrics,Blended LTV (Annual),435.4962213
01-05-2027,Detailed Metrics,Blended LTV (Annual),430.806418
01-06-2027,Detailed Metrics,Blended LTV (Annual),426.2371432
01-07-2027,Detailed Metrics,Blended LTV (Annual),421.7535872
01-08-2027,Detailed Metrics,Blended LTV (Annual),417.3721631
01-09-2027,Detailed Metrics,Blended LTV (Annual),413.0812678
01-10-2027,Detailed Metrics,Blended LTV (Annual),408.868792
01-11-2027,Detailed Metrics,Blended LTV (Annual),404.7262283
01-12-2027,Detailed Metrics,Blended LTV (Annual),400.668989
01-01-2028,Detailed Metrics,Blended LTV (Annual),396.6934886
01-02-2028,Detailed Metrics,Blended LTV (Annual),392.7773045
01-03-2028,Detailed Metrics,Blended LTV (Annual),388.9173042
01-04-2028,Detailed Metrics,Blended LTV (Annual),385.137776
01-05-2028,Detailed Metrics,Blended LTV (Annual),381.414893
01-06-2028,Detailed Metrics,Blended LTV (Annual),377.747237
01-07-2028,Detailed Metrics,Blended LTV (Annual),374.1444524
01-08-2028,Detailed Metrics,Blended LTV (Annual),370.5984801
01-09-2028,Detailed Metrics,Blended LTV (Annual),367.1086678
01-10-2028,Detailed Metrics,Blended LTV (Annual),363.6679889
01-11-2028,Detailed Metrics,Blended LTV (Annual),360.2777669
01-12-2028,Detailed Metrics,Blended LTV (Annual),356.9427609
01-01-2024,Detailed Metrics,Monthly Plan Subscriber LTV / CAC,2
01-02-2024,Detailed Metrics,Monthly Plan Subscriber LTV / CAC,2
01-03-2024,Detailed Metrics,Monthly Plan Subscriber LTV / CAC,2
01-04-2024,Detailed Metrics,Monthly Plan Subscriber LTV / CAC,2.105263158
01-05-2024,Detailed Metrics,Monthly Plan Subscriber LTV / CAC,2.105263158
01-06-2024,Detailed Metrics,Monthly Plan Subscriber LTV / CAC,2.105263158
01-07-2024,Detailed Metrics,Monthly Plan Subscriber LTV / CAC,2.216066482
01-08-2024,Detailed Metrics,Monthly Plan Subscriber LTV / CAC,2.216066482
01-09-2024,Detailed Metrics,Monthly Plan Subscriber LTV / CAC,2.216066482
01-10-2024,Detailed Metrics,Monthly Plan Subscriber LTV / CAC,2.33270156
01-11-2024,Detailed Metrics,Monthly Plan Subscriber LTV / CAC,2.33270156
01-12-2024,Detailed Metrics,Monthly Plan Subscriber LTV / CAC,2.33270156
01-01-2025,Detailed Metrics,Monthly Plan Subscriber LTV / CAC,2.455475326
01-02-2025,Detailed Metrics,Monthly Plan Subscriber LTV / CAC,2.455475326
01-03-2025,Detailed Metrics,Monthly Plan Subscriber LTV / CAC,2.455475326
01-04-2025,Detailed Metrics,Monthly Plan Subscriber LTV / CAC,2.58471087
01-05-2025,Detailed Metrics,Monthly Plan Subscriber LTV / CAC,2.58471087
01-06-2025,Detailed Metrics,Monthly Plan Subscriber LTV / CAC,2.58471087
01-07-2025,Detailed Metrics,Monthly Plan Subscriber LTV / CAC,2.720748284
01-08-2025,Detailed Metrics,Monthly Plan Subscriber LTV / CAC,2.720748284
01-09-2025,Detailed Metrics,Monthly Plan Subscriber LTV / CAC,2.720748284
01-10-2025,Detailed Metrics,Monthly Plan Subscriber LTV / CAC,2.863945562
01-11-2025,Detailed Metrics,Monthly Plan Subscriber LTV / CAC,2.863945562
01-12-2025,Detailed Metrics,Monthly Plan Subscriber LTV / CAC,2.863945562
01-01-2026,Detailed Metrics,Monthly Plan Subscriber LTV / CAC,3.014679539
01-02-2026,Detailed Metrics,Monthly Plan Subscriber LTV / CAC,3.014679539
01-03-2026,Detailed Metrics,Monthly Plan Subscriber LTV / CAC,3.014679539
01-04-2026,Detailed Metrics,Monthly Plan Subscriber LTV / CAC,3.173346883
01-05-2026,Detailed Metrics,Monthly Plan Subscriber LTV / CAC,3.173346883
01-06-2026,Detailed Metrics,Monthly Plan Subscriber LTV / CAC,3.173346883
01-07-2026,Detailed Metrics,Monthly Plan Subscriber LTV / CAC,3.34036514
01-08-2026,Detailed Metrics,Monthly Plan Subscriber LTV / CAC,3.34036514
01-09-2026,Detailed Metrics,Monthly Plan Subscriber LTV / CAC,3.34036514
01-10-2026,Detailed Metrics,Monthly Plan Subscriber LTV / CAC,3.516173832
01-11-2026,Detailed Metrics,Monthly Plan Subscriber LTV / CAC,3.516173832
01-12-2026,Detailed Metrics,Monthly Plan Subscriber LTV / CAC,3.516173832
01-01-2027,Detailed Metrics,Monthly Plan Subscriber LTV / CAC,3.701235612
01-02-2027,Detailed Metrics,Monthly Plan Subscriber LTV / CAC,3.701235612
01-03-2027,Detailed Metrics,Monthly Plan Subscriber LTV / CAC,3.701235612
01-04-2027,Detailed Metrics,Monthly Plan Subscriber LTV / CAC,3.896037487
01-05-2027,Detailed Metrics,Monthly Plan Subscriber LTV / CAC,3.896037487
01-06-2027,Detailed Metrics,Monthly Plan Subscriber LTV / CAC,3.896037487
01-07-2027,Detailed Metrics,Monthly Plan Subscriber LTV / CAC,4.101092091
01-08-2027,Detailed Metrics,Monthly Plan Subscriber LTV / CAC,4.101092091
01-09-2027,Detailed Metrics,Monthly Plan Subscriber LTV / CAC,4.101092091
01-10-2027,Detailed Metrics,Monthly Plan Subscriber LTV / CAC,4.316939044
01-11-2027,Detailed Metrics,Monthly Plan Subscriber LTV / CAC,4.316939044
01-12-2027,Detailed Metrics,Monthly Plan Subscriber LTV / CAC,4.316939044
01-01-2028,Detailed Metrics,Monthly Plan Subscriber LTV / CAC,4.544146362
01-02-2028,Detailed Metrics,Monthly Plan Subscriber LTV / CAC,4.544146362
01-03-2028,Detailed Metrics,Monthly Plan Subscriber LTV / CAC,4.544146362
01-04-2028,Detailed Metrics,Monthly Plan Subscriber LTV / CAC,4.78331196
01-05-2028,Detailed Metrics,Monthly Plan Subscriber LTV / CAC,4.78331196
01-06-2028,Detailed Metrics,Monthly Plan Subscriber LTV / CAC,4.78331196
01-07-2028,Detailed Metrics,Monthly Plan Subscriber LTV / CAC,5.035065221
01-08-2028,Detailed Metrics,Monthly Plan Subscriber LTV / CAC,5.035065221
01-09-2028,Detailed Metrics,Monthly Plan Subscriber LTV / CAC,5.035065221
01-10-2028,Detailed Metrics,Monthly Plan Subscriber LTV / CAC,5.300068653
01-11-2028,Detailed Metrics,Monthly Plan Subscriber LTV / CAC,5.300068653
01-12-2028,Detailed Metrics,Monthly Plan Subscriber LTV / CAC,5.300068653
01-01-2024,Detailed Metrics,Annual Plan Subscriber LTV / CAC,4.714285714
01-02-2024,Detailed Metrics,Annual Plan Subscriber LTV / CAC,4.714285714
01-03-2024,Detailed Metrics,Annual Plan Subscriber LTV / CAC,4.714285714
01-04-2024,Detailed Metrics,Annual Plan Subscriber LTV / CAC,4.860088365
01-05-2024,Detailed Metrics,Annual Plan Subscriber LTV / CAC,4.860088365
01-06-2024,Detailed Metrics,Annual Plan Subscriber LTV / CAC,4.860088365
01-07-2024,Detailed Metrics,Annual Plan Subscriber LTV / CAC,5.010400377
01-08-2024,Detailed Metrics,Annual Plan Subscriber LTV / CAC,5.010400377
01-09-2024,Detailed Metrics,Annual Plan Subscriber LTV / CAC,5.010400377
01-10-2024,Detailed Metrics,Annual Plan Subscriber LTV / CAC,5.165361213
01-11-2024,Detailed Metrics,Annual Plan Subscriber LTV / CAC,5.165361213
01-12-2024,Detailed Metrics,Annual Plan Subscriber LTV / CAC,5.165361213
01-01-2025,Detailed Metrics,Annual Plan Subscriber LTV / CAC,5.325114653
01-02-2025,Detailed Metrics,Annual Plan Subscriber LTV / CAC,5.325114653
01-03-2025,Detailed Metrics,Annual Plan Subscriber LTV / CAC,5.325114653
01-04-2025,Detailed Metrics,Annual Plan Subscriber LTV / CAC,5.48980892
01-05-2025,Detailed Metrics,Annual Plan Subscriber LTV / CAC,5.48980892
01-06-2025,Detailed Metrics,Annual Plan Subscriber LTV / CAC,5.48980892
01-07-2025,Detailed Metrics,Annual Plan Subscriber LTV / CAC,5.659596825
01-08-2025,Detailed Metrics,Annual Plan Subscriber LTV / CAC,5.659596825
01-09-2025,Detailed Metrics,Annual Plan Subscriber LTV / CAC,5.659596825
01-10-2025,Detailed Metrics,Annual Plan Subscriber LTV / CAC,5.834635902
01-11-2025,Detailed Metrics,Annual Plan Subscriber LTV / CAC,5.834635902
01-12-2025,Detailed Metrics,Annual Plan Subscriber LTV / CAC,5.834635902
01-01-2026,Detailed Metrics,Annual Plan Subscriber LTV / CAC,5.945077829
01-02-2026,Detailed Metrics,Annual Plan Subscriber LTV / CAC,5.882019335
01-03-2026,Detailed Metrics,Annual Plan Subscriber LTV / CAC,5.823737194
01-04-2026,Detailed Metrics,Annual Plan Subscriber LTV / CAC,5.948566274
01-05-2026,Detailed Metrics,Annual Plan Subscriber LTV / CAC,5.897910457
01-06-2026,Detailed Metrics,Annual Plan Subscriber LTV / CAC,5.851763227
01-07-2026,Detailed Metrics,Annual Plan Subscriber LTV / CAC,5.989600193
01-08-2026,Detailed Metrics,Annual Plan Subscriber LTV / CAC,5.949428677
01-09-2026,Detailed Metrics,Annual Plan Subscriber LTV / CAC,5.912315785
01-10-2026,Detailed Metrics,Annual Plan Subscriber LTV / CAC,6.059108685
01-11-2026,Detailed Metrics,Annual Plan Subscriber LTV / CAC,6.026461756
01-12-2026,Detailed Metrics,Annual Plan Subscriber LTV / CAC,5.996139334
01-01-2027,Detailed Metrics,Annual Plan Subscriber LTV / CAC,6.151923975
01-02-2027,Detailed Metrics,Annual Plan Subscriber LTV / CAC,6.124995632
01-03-2027,Detailed Metrics,Annual Plan Subscriber LTV / CAC,6.100075465
01-04-2027,Detailed Metrics,Annual Plan Subscriber LTV / CAC,6.264457881
01-05-2027,Detailed Metrics,Annual Plan Subscriber LTV / CAC,6.2419217
01-06-2027,Detailed Metrics,Annual Plan Subscriber LTV / CAC,6.221297034
01-07-2027,Detailed Metrics,Annual Plan Subscriber LTV / CAC,6.393900669
01-08-2027,Detailed Metrics,Annual Plan Subscriber LTV / CAC,6.375787606
01-09-2027,Detailed Metrics,Annual Plan Subscriber LTV / CAC,6.358992032
01-10-2027,Detailed Metrics,Annual Plan Subscriber LTV / CAC,6.539397862
01-11-2027,Detailed Metrics,Annual Plan Subscriber LTV / CAC,6.524003736
01-12-2027,Detailed Metrics,Annual Plan Subscriber LTV / CAC,6.509789496
01-01-2028,Detailed Metrics,Annual Plan Subscriber LTV / CAC,6.697859022
01-02-2028,Detailed Metrics,Annual Plan Subscriber LTV / CAC,6.685390977
01-03-2028,Detailed Metrics,Annual Plan Subscriber LTV / CAC,6.673592331
01-04-2028,Detailed Metrics,Annual Plan Subscriber LTV / CAC,6.868919039
01-05-2028,Detailed Metrics,Annual Plan Subscriber LTV / CAC,6.858463907
01-06-2028,Detailed Metrics,Annual Plan Subscriber LTV / CAC,6.848620844
01-07-2028,Detailed Metrics,Annual Plan Subscriber LTV / CAC,7.05121114
01-08-2028,Detailed Metrics,Annual Plan Subscriber LTV / CAC,7.042634635
01-09-2028,Detailed Metrics,Annual Plan Subscriber LTV / CAC,7.034715168
01-10-2028,Detailed Metrics,Annual Plan Subscriber LTV / CAC,7.244578047
01-11-2028,Detailed Metrics,Annual Plan Subscriber LTV / CAC,7.237228245
01-12-2028,Detailed Metrics,Annual Plan Subscriber LTV / CAC,7.230377554
01-01-2024,Detailed Metrics,Blended LTV / CAC,3.492857143
01-02-2024,Detailed Metrics,Blended LTV / CAC,3.589804802
01-03-2024,Detailed Metrics,Blended LTV / CAC,3.676159732
01-04-2024,Detailed Metrics,Blended LTV / CAC,3.915857183
01-05-2024,Detailed Metrics,Blended LTV / CAC,3.993684785
01-06-2024,Detailed Metrics,Blended LTV / CAC,4.068361937
01-07-2024,Detailed Metrics,Blended LTV / CAC,4.312117991
01-08-2024,Detailed Metrics,Blended LTV / CAC,4.376364218
01-09-2024,Detailed Metrics,Blended LTV / CAC,4.438930958
01-10-2024,Detailed Metrics,Blended LTV / CAC,4.677968829
01-11-2024,Detailed Metrics,Blended LTV / CAC,4.732290268
01-12-2024,Detailed Metrics,Blended LTV / CAC,4.779017266
01-01-2025,Detailed Metrics,Blended LTV / CAC,4.998835504
01-02-2025,Detailed Metrics,Blended LTV / CAC,5.012007562
01-03-2025,Detailed Metrics,Blended LTV / CAC,5.029093984
01-04-2025,Detailed Metrics,Blended LTV / CAC,5.255794903
01-05-2025,Detailed Metrics,Blended LTV / CAC,5.267908188
01-06-2025,Detailed Metrics,Blended LTV / CAC,5.279567422
01-07-2025,Detailed Metrics,Blended LTV / CAC,5.514777612
01-08-2025,Detailed Metrics,Blended LTV / CAC,5.520605543
01-09-2025,Detailed Metrics,Blended LTV / CAC,5.524494694
01-10-2025,Detailed Metrics,Blended LTV / CAC,5.764354492
01-11-2025,Detailed Metrics,Blended LTV / CAC,5.764351482
01-12-2025,Detailed Metrics,Blended LTV / CAC,5.762218804
01-01-2026,Detailed Metrics,Blended LTV / CAC,5.954246006
01-02-2026,Detailed Metrics,Blended LTV / CAC,5.898029484
01-03-2026,Detailed Metrics,Blended LTV / CAC,5.845936025
01-04-2026,Detailed Metrics,Blended LTV / CAC,6.050838512
01-05-2026,Detailed Metrics,Blended LTV / CAC,6.001598604
01-06-2026,Detailed Metrics,Blended LTV / CAC,5.954163405
01-07-2026,Detailed Metrics,Blended LTV / CAC,6.171439718
01-08-2026,Detailed Metrics,Blended LTV / CAC,6.127708317
01-09-2026,Detailed Metrics,Blended LTV / CAC,6.085439131
01-10-2026,Detailed Metrics,Blended LTV / CAC,6.310440331
01-11-2026,Detailed Metrics,Blended LTV / CAC,6.269109512
01-12-2026,Detailed Metrics,Blended LTV / CAC,6.229609885
01-01-2027,Detailed Metrics,Blended LTV / CAC,6.466167825
01-02-2027,Detailed Metrics,Blended LTV / CAC,6.426491025
01-03-2027,Detailed Metrics,Blended LTV / CAC,6.387756372
01-04-2027,Detailed Metrics,Blended LTV / CAC,6.635198244
01-05-2027,Detailed Metrics,Blended LTV / CAC,6.596148306
01-06-2027,Detailed Metrics,Blended LTV / CAC,6.557676776
01-07-2027,Detailed Metrics,Blended LTV / CAC,6.815000933
01-08-2027,Detailed Metrics,Blended LTV / CAC,6.777322073
01-09-2027,Detailed Metrics,Blended LTV / CAC,6.739626454
01-10-2027,Detailed Metrics,Blended LTV / CAC,7.007707364
01-11-2027,Detailed Metrics,Blended LTV / CAC,6.970042321
01-12-2027,Detailed Metrics,Blended LTV / CAC,6.932600166
01-01-2028,Detailed Metrics,Blended LTV / CAC,7.211973186
01-02-2028,Detailed Metrics,Blended LTV / CAC,7.174758048
01-03-2028,Detailed Metrics,Blended LTV / CAC,7.13741243
01-04-2028,Detailed Metrics,Blended LTV / CAC,7.427844915
01-05-2028,Detailed Metrics,Blended LTV / CAC,7.389795917
01-06-2028,Detailed Metrics,Blended LTV / CAC,7.352183474
01-07-2028,Detailed Metrics,Blended LTV / CAC,7.654517975
01-08-2028,Detailed Metrics,Blended LTV / CAC,7.616280167
01-09-2028,Detailed Metrics,Blended LTV / CAC,7.578348005
01-10-2028,Detailed Metrics,Blended LTV / CAC,7.892597153
01-11-2028,Detailed Metrics,Blended LTV / CAC,7.853736724
01-12-2028,Detailed Metrics,Blended LTV / CAC,7.814857205
01-01-2024,Detailed Metrics,Cash from Operations,-62375.83333
01-02-2024,Detailed Metrics,Cash from Operations,-61346.41667
01-03-2024,Detailed Metrics,Cash from Operations,-60364.6
01-04-2024,Detailed Metrics,Cash from Operations,-77566.58333
01-05-2024,Detailed Metrics,Cash from Operations,-75803.4
01-06-2024,Detailed Metrics,Cash from Operations,-74865.21667
01-07-2024,Detailed Metrics,Cash from Operations,-98609.29333
01-08-2024,Detailed Metrics,Cash from Operations,-96001.22333
01-09-2024,Detailed Metrics,Cash from Operations,-94981.20333
01-10-2024,Detailed Metrics,Cash from Operations,-131091.7988
01-11-2024,Detailed Metrics,Cash from Operations,-127405.0118
01-12-2024,Detailed Metrics,Cash from Operations,-132040.7178
01-01-2025,Detailed Metrics,Cash from Operations,-143332.9261
01-02-2025,Detailed Metrics,Cash from Operations,-137300.504
01-03-2025,Detailed Metrics,Cash from Operations,-134492.4671
01-04-2025,Detailed Metrics,Cash from Operations,-177872.0276
01-05-2025,Detailed Metrics,Cash from Operations,-169711.0351
01-06-2025,Detailed Metrics,Cash from Operations,-166253.4393
01-07-2025,Detailed Metrics,Cash from Operations,-192675.0706
01-08-2025,Detailed Metrics,Cash from Operations,-199737.074
01-09-2025,Detailed Metrics,Cash from Operations,-194989.251
01-10-2025,Detailed Metrics,Cash from Operations,-222130.5862
01-11-2025,Detailed Metrics,Cash from Operations,-226017.6995
01-12-2025,Detailed Metrics,Cash from Operations,-240191.7201
01-01-2026,Detailed Metrics,Cash from Operations,-260223.4054
01-02-2026,Detailed Metrics,Cash from Operations,-265261.9874
01-03-2026,Detailed Metrics,Cash from Operations,-262576.7547
01-04-2026,Detailed Metrics,Cash from Operations,-308488.0512
01-05-2026,Detailed Metrics,Cash from Operations,-283569.92
01-06-2026,Detailed Metrics,Cash from Operations,-296088.6722
01-07-2026,Detailed Metrics,Cash from Operations,-340856.0944
01-08-2026,Detailed Metrics,Cash from Operations,-316041.166
01-09-2026,Detailed Metrics,Cash from Operations,-330862.3029
01-10-2026,Detailed Metrics,Cash from Operations,-375584.8466
01-11-2026,Detailed Metrics,Cash from Operations,-358400.6386
01-12-2026,Detailed Metrics,Cash from Operations,-368801.1064
01-01-2027,Detailed Metrics,Cash from Operations,-410740.9856
01-02-2027,Detailed Metrics,Cash from Operations,-386965.599
01-03-2027,Detailed Metrics,Cash from Operations,-390227.5677
01-04-2027,Detailed Metrics,Cash from Operations,-460718.0675
01-05-2027,Detailed Metrics,Cash from Operations,-423827.3389
01-06-2027,Detailed Metrics,Cash from Operations,-437635.8226
01-07-2027,Detailed Metrics,Cash from Operations,-513902.2486
01-08-2027,Detailed Metrics,Cash from Operations,-473324.4939
01-09-2027,Detailed Metrics,Cash from Operations,-482148.5955
01-10-2027,Detailed Metrics,Cash from Operations,-582025.1513
01-11-2027,Detailed Metrics,Cash from Operations,-519096.9627
01-12-2027,Detailed Metrics,Cash from Operations,-536327.9488
01-01-2028,Detailed Metrics,Cash from Operations,-634451.8703
01-02-2028,Detailed Metrics,Cash from Operations,-574575.2428
01-03-2028,Detailed Metrics,Cash from Operations,-594767.0558
01-04-2028,Detailed Metrics,Cash from Operations,-731492.7098
01-05-2028,Detailed Metrics,Cash from Operations,-626564.5723
01-06-2028,Detailed Metrics,Cash from Operations,-656397.4643
01-07-2028,Detailed Metrics,Cash from Operations,-835389.233
01-08-2028,Detailed Metrics,Cash from Operations,-712277.2327
01-09-2028,Detailed Metrics,Cash from Operations,-736350.8241
01-10-2028,Detailed Metrics,Cash from Operations,-964686.1928
01-11-2028,Detailed Metrics,Cash from Operations,-812953.3435
01-12-2028,Detailed Metrics,Cash from Operations,-838306.9567
01-02-2024,Detailed Metrics,Net New ARR,4172.5
01-03-2024,Detailed Metrics,Net New ARR,4222.5
01-04-2024,Detailed Metrics,Net New ARR,4272.5
01-05-2024,Detailed Metrics,Net New ARR,4410
01-06-2024,Detailed Metrics,Net New ARR,4577.5
01-07-2024,Detailed Metrics,Net New ARR,4805
01-08-2024,Detailed Metrics,Net New ARR,5060
01-09-2024,Detailed Metrics,Net New ARR,5375
01-10-2024,Detailed Metrics,Net New ARR,5717.5
01-11-2024,Detailed Metrics,Net New ARR,6090
01-12-2024,Detailed Metrics,Net New ARR,6520
01-01-2025,Detailed Metrics,Net New ARR,6517.5
01-02-2025,Detailed Metrics,Net New ARR,7010
01-03-2025,Detailed Metrics,Net New ARR,7560
01-04-2025,Detailed Metrics,Net New ARR,8197.5
01-05-2025,Detailed Metrics,Net New ARR,8865
01-06-2025,Detailed Metrics,Net New ARR,9592.5
01-07-2025,Detailed Metrics,Net New ARR,10407.5
01-08-2025,Detailed Metrics,Net New ARR,11310
01-09-2025,Detailed Metrics,Net New ARR,12270
01-10-2025,Detailed Metrics,Net New ARR,13377.5
01-11-2025,Detailed Metrics,Net New ARR,14545
01-12-2025,Detailed Metrics,Net New ARR,15770
01-01-2026,Detailed Metrics,Net New ARR,16210
01-02-2026,Detailed Metrics,Net New ARR,17645
01-03-2026,Detailed Metrics,Net New ARR,19227.5
01-04-2026,Detailed Metrics,Net New ARR,20987.5
01-05-2026,Detailed Metrics,Net New ARR,22835
01-06-2026,Detailed Metrics,Net New ARR,24917.5
01-07-2026,Detailed Metrics,Net New ARR,27177.5
01-08-2026,Detailed Metrics,Net New ARR,29617.5
01-09-2026,Detailed Metrics,Net New ARR,32292.5
01-10-2026,Detailed Metrics,Net New ARR,35202.5
01-11-2026,Detailed Metrics,Net New ARR,38465
01-12-2026,Detailed Metrics,Net New ARR,41967.5
01-01-2027,Detailed Metrics,Net New ARR,45767.5
01-02-2027,Detailed Metrics,Net New ARR,50007.5
01-03-2027,Detailed Metrics,Net New ARR,54632.5
01-04-2027,Detailed Metrics,Net New ARR,59615
01-05-2027,Detailed Metrics,Net New ARR,65157.5
01-06-2027,Detailed Metrics,Net New ARR,71202.5
01-07-2027,Detailed Metrics,Net New ARR,77812.5
01-08-2027,Detailed Metrics,Net New ARR,85072.5
01-09-2027,Detailed Metrics,Net New ARR,92985
01-10-2027,Detailed Metrics,Net New ARR,101610
01-11-2027,Detailed Metrics,Net New ARR,111095
01-12-2027,Detailed Metrics,Net New ARR,121497.5
01-01-2028,Detailed Metrics,Net New ARR,132880
01-02-2028,Detailed Metrics,Net New ARR,145362.5
01-03-2028,Detailed Metrics,Net New ARR,158945
01-04-2028,Detailed Metrics,Net New ARR,173917.5
01-05-2028,Detailed Metrics,Net New ARR,190290
01-06-2028,Detailed Metrics,Net New ARR,208237.5
01-07-2028,Detailed Metrics,Net New ARR,227877.5
01-08-2028,Detailed Metrics,Net New ARR,249450
01-09-2028,Detailed Metrics,Net New ARR,273045
01-10-2028,Detailed Metrics,Net New ARR,298872.5
01-11-2028,Detailed Metrics,Net New ARR,327197.5
01-12-2028,Detailed Metrics,Net New ARR,358287.5
01-02-2024,Detailed Metrics,Burn Multiple,14.70255642
01-03-2024,Detailed Metrics,Burn Multiple,14.29593843
01-04-2024,Detailed Metrics,Burn Multiple,18.15484689
01-05-2024,Detailed Metrics,Burn Multiple,17.18897959
01-06-2024,Detailed Metrics,Burn Multiple,16.3550446
01-07-2024,Detailed Metrics,Burn Multiple,20.52222546
01-08-2024,Detailed Metrics,Burn Multiple,18.97257378
01-09-2024,Detailed Metrics,Burn Multiple,17.67092155
01-10-2024,Detailed Metrics,Burn Multiple,22.92816769
01-11-2024,Detailed Metrics,Burn Multiple,20.92036319
01-12-2024,Detailed Metrics,Burn Multiple,20.25164383
01-01-2025,Detailed Metrics,Burn Multiple,21.99201014
01-02-2025,Detailed Metrics,Burn Multiple,19.58637717
01-03-2025,Detailed Metrics,Burn Multiple,17.79000887
01-04-2025,Detailed Metrics,Burn Multiple,21.69832603
01-05-2025,Detailed Metrics,Burn Multiple,19.14394078
01-06-2025,Detailed Metrics,Burn Multiple,17.33160691
01-07-2025,Detailed Metrics,Burn Multiple,18.51309831
01-08-2025,Detailed Metrics,Burn Multiple,17.66021874
01-09-2025,Detailed Metrics,Burn Multiple,15.8915445
01-10-2025,Detailed Metrics,Burn Multiple,16.6047906
01-11-2025,Detailed Metrics,Burn Multiple,15.53920244
01-12-2025,Detailed Metrics,Burn Multiple,15.23092708
01-01-2026,Detailed Metrics,Burn Multiple,16.05326375
01-02-2026,Detailed Metrics,Burn Multiple,15.0332665
01-03-2026,Detailed Metrics,Burn Multiple,13.65631282
01-04-2026,Detailed Metrics,Burn Multiple,14.6986564
01-05-2026,Detailed Metrics,Burn Multiple,12.41821415
01-06-2026,Detailed Metrics,Burn Multiple,11.88276
01-07-2026,Detailed Metrics,Burn Multiple,12.54184875
01-08-2026,Detailed Metrics,Burn Multiple,10.67075769
01-09-2026,Detailed Metrics,Burn Multiple,10.24579401
01-10-2026,Detailed Metrics,Burn Multiple,10.66926629
01-11-2026,Detailed Metrics,Burn Multiple,9.317578023
01-12-2026,Detailed Metrics,Burn Multiple,8.787778791
01-01-2027,Detailed Metrics,Burn Multiple,8.974512168
01-02-2027,Detailed Metrics,Burn Multiple,7.738151258
01-03-2027,Detailed Metrics,Burn Multiple,7.142773399
01-04-2027,Detailed Metrics,Burn Multiple,7.728223895
01-05-2027,Detailed Metrics,Burn Multiple,6.504659308
01-06-2027,Detailed Metrics,Burn Multiple,6.146354729
01-07-2027,Detailed Metrics,Burn Multiple,6.604366247
01-08-2027,Detailed Metrics,Burn Multiple,5.563777883
01-09-2027,Detailed Metrics,Burn Multiple,5.185229827
01-10-2027,Detailed Metrics,Burn Multiple,5.728030226
01-11-2027,Detailed Metrics,Burn Multiple,4.672550184
01-12-2027,Detailed Metrics,Burn Multiple,4.41431263
01-01-2028,Detailed Metrics,Burn Multiple,4.774622745
01-02-2028,Detailed Metrics,Burn Multiple,3.952706116
01-03-2028,Detailed Metrics,Burn Multiple,3.741967698
01-04-2028,Detailed Metrics,Burn Multiple,4.205975303
01-05-2028,Detailed Metrics,Burn Multiple,3.292682602
01-06-2028,Detailed Metrics,Burn Multiple,3.152157821
01-07-2028,Detailed Metrics,Burn Multiple,3.665957512
01-08-2028,Detailed Metrics,Burn Multiple,2.85539079
01-09-2028,Detailed Metrics,Burn Multiple,2.696811237
01-10-2028,Detailed Metrics,Burn Multiple,3.227751609
01-11-2028,Detailed Metrics,Burn Multiple,2.484595217
01-12-2028,Detailed Metrics,Burn Multiple,2.339760546
01-01-2024,Summary Financials,Total Active Subscribers,145
01-02-2024,Summary Financials,Total Active Subscribers,289
01-03-2024,Summary Financials,Total Active Subscribers,435
01-04-2024,Summary Financials,Total Active Subscribers,583
01-05-2024,Summary Financials,Total Active Subscribers,736
01-06-2024,Summary Financials,Total Active Subscribers,895
01-07-2024,Summary Financials,Total Active Subscribers,1062
01-08-2024,Summary Financials,Total Active Subscribers,1238
01-09-2024,Summary Financials,Total Active Subscribers,1425
01-10-2024,Summary Financials,Total Active Subscribers,1624
01-11-2024,Summary Financials,Total Active Subscribers,1836
01-12-2024,Summary Financials,Total Active Subscribers,2063
01-01-2025,Summary Financials,Total Active Subscribers,2289
01-02-2025,Summary Financials,Total Active Subscribers,2532
01-03-2025,Summary Financials,Total Active Subscribers,2794
01-04-2025,Summary Financials,Total Active Subscribers,3078
01-05-2025,Summary Financials,Total Active Subscribers,3385
01-06-2025,Summary Financials,Total Active Subscribers,3717
01-07-2025,Summary Financials,Total Active Subscribers,4077
01-08-2025,Summary Financials,Total Active Subscribers,4468
01-09-2025,Summary Financials,Total Active Subscribers,4892
01-10-2025,Summary Financials,Total Active Subscribers,5354
01-11-2025,Summary Financials,Total Active Subscribers,5856
01-12-2025,Summary Financials,Total Active Subscribers,6400
01-01-2026,Summary Financials,Total Active Subscribers,6993
01-02-2026,Summary Financials,Total Active Subscribers,7637
01-03-2026,Summary Financials,Total Active Subscribers,8338
01-04-2026,Summary Financials,Total Active Subscribers,9102
01-05-2026,Summary Financials,Total Active Subscribers,9932
01-06-2026,Summary Financials,Total Active Subscribers,10836
01-07-2026,Summary Financials,Total Active Subscribers,11820
01-08-2026,Summary Financials,Total Active Subscribers,12891
01-09-2026,Summary Financials,Total Active Subscribers,14057
01-10-2026,Summary Financials,Total Active Subscribers,15327
01-11-2026,Summary Financials,Total Active Subscribers,16712
01-12-2026,Summary Financials,Total Active Subscribers,18221
01-01-2027,Summary Financials,Total Active Subscribers,19865
01-02-2027,Summary Financials,Total Active Subscribers,21658
01-03-2027,Summary Financials,Total Active Subscribers,23614
01-04-2027,Summary Financials,Total Active Subscribers,25746
01-05-2027,Summary Financials,Total Active Subscribers,28073
01-06-2027,Summary Financials,Total Active Subscribers,30612
01-07-2027,Summary Financials,Total Active Subscribers,33383
01-08-2027,Summary Financials,Total Active Subscribers,36408
01-09-2027,Summary Financials,Total Active Subscribers,39710
01-10-2027,Summary Financials,Total Active Subscribers,43314
01-11-2027,Summary Financials,Total Active Subscribers,47250
01-12-2027,Summary Financials,Total Active Subscribers,51549
01-01-2028,Summary Financials,Total Active Subscribers,56244
01-02-2028,Summary Financials,Total Active Subscribers,61374
01-03-2028,Summary Financials,Total Active Subscribers,66977
01-04-2028,Summary Financials,Total Active Subscribers,73100
01-05-2028,Summary Financials,Total Active Subscribers,79792
01-06-2028,Summary Financials,Total Active Subscribers,87107
01-07-2028,Summary Financials,Total Active Subscribers,95102
01-08-2028,Summary Financials,Total Active Subscribers,103844
01-09-2028,Summary Financials,Total Active Subscribers,113402
01-10-2028,Summary Financials,Total Active Subscribers,123853
01-11-2028,Summary Financials,Total Active Subscribers,135283
01-12-2028,Summary Financials,Total Active Subscribers,147786
01-02-2024,Summary Financials,% growth,0.993103448
01-03-2024,Summary Financials,% growth,0.505190311
01-04-2024,Summary Financials,% growth,0.340229885
01-05-2024,Summary Financials,% growth,0.262435678
01-06-2024,Summary Financials,% growth,0.216032609
01-07-2024,Summary Financials,% growth,0.186592179
01-08-2024,Summary Financials,% growth,0.165725047
01-09-2024,Summary Financials,% growth,0.151050081
01-10-2024,Summary Financials,% growth,0.139649123
01-11-2024,Summary Financials,% growth,0.130541872
01-12-2024,Summary Financials,% growth,0.123638344
01-01-2025,Summary Financials,% growth,0.1095492
01-02-2025,Summary Financials,% growth,0.106159895
01-03-2025,Summary Financials,% growth,0.103475513
01-04-2025,Summary Financials,% growth,0.101646385
01-05-2025,Summary Financials,% growth,0.099740091
01-06-2025,Summary Financials,% growth,0.098079764
01-07-2025,Summary Financials,% growth,0.0968523
01-08-2025,Summary Financials,% growth,0.095903851
01-09-2025,Summary Financials,% growth,0.094897046
01-10-2025,Summary Financials,% growth,0.094439902
01-11-2025,Summary Financials,% growth,0.093761674
01-12-2025,Summary Financials,% growth,0.092896175
01-01-2026,Summary Financials,% growth,0.09265625
01-02-2026,Summary Financials,% growth,0.092092092
01-03-2026,Summary Financials,% growth,0.09178997
01-04-2026,Summary Financials,% growth,0.091628688
01-05-2026,Summary Financials,% growth,0.09118875
01-06-2026,Summary Financials,% growth,0.091018929
01-07-2026,Summary Financials,% growth,0.090808416
01-08-2026,Summary Financials,% growth,0.090609137
01-09-2026,Summary Financials,% growth,0.090450702
01-10-2026,Summary Financials,% growth,0.090346447
01-11-2026,Summary Financials,% growth,0.090363411
01-12-2026,Summary Financials,% growth,0.090294399
01-01-2027,Summary Financials,% growth,0.090225564
01-02-2027,Summary Financials,% growth,0.09025925
01-03-2027,Summary Financials,% growth,0.090313048
01-04-2027,Summary Financials,% growth,0.090285424
01-05-2027,Summary Financials,% growth,0.090382972
01-06-2027,Summary Financials,% growth,0.090442774
01-07-2027,Summary Financials,% growth,0.090520057
01-08-2027,Summary Financials,% growth,0.090614984
01-09-2027,Summary Financials,% growth,0.090694353
01-10-2027,Summary Financials,% growth,0.090757995
01-11-2027,Summary Financials,% growth,0.090871312
01-12-2027,Summary Financials,% growth,0.090984127
01-01-2028,Summary Financials,% growth,0.091078391
01-02-2028,Summary Financials,% growth,0.091209729
01-03-2028,Summary Financials,% growth,0.09129273
01-04-2028,Summary Financials,% growth,0.091419442
01-05-2028,Summary Financials,% growth,0.091545828
01-06-2028,Summary Financials,% growth,0.091675857
01-07-2028,Summary Financials,% growth,0.091783668
01-08-2028,Summary Financials,% growth,0.091922357
01-09-2028,Summary Financials,% growth,0.092041909
01-10-2028,Summary Financials,% growth,0.092158868
01-11-2028,Summary Financials,% growth,0.092286824
01-12-2028,Summary Financials,% growth,0.092421073
01-01-2024,Summary Financials,Total New Subscribers,145
01-02-2024,Summary Financials,Total New Subscribers,158
01-03-2024,Summary Financials,Total New Subscribers,172
01-04-2024,Summary Financials,Total New Subscribers,187
01-05-2024,Summary Financials,Total New Subscribers,204
01-06-2024,Summary Financials,Total New Subscribers,222
01-07-2024,Summary Financials,Total New Subscribers,242
01-08-2024,Summary Financials,Total New Subscribers,264
01-09-2024,Summary Financials,Total New Subscribers,288
01-10-2024,Summary Financials,Total New Subscribers,314
01-11-2024,Summary Financials,Total New Subscribers,342
01-12-2024,Summary Financials,Total New Subscribers,373
01-01-2025,Summary Financials,Total New Subscribers,407
01-02-2025,Summary Financials,Total New Subscribers,444
01-03-2025,Summary Financials,Total New Subscribers,484
01-04-2025,Summary Financials,Total New Subscribers,528
01-05-2025,Summary Financials,Total New Subscribers,577
01-06-2025,Summary Financials,Total New Subscribers,629
01-07-2025,Summary Financials,Total New Subscribers,687
01-08-2025,Summary Financials,Total New Subscribers,750
01-09-2025,Summary Financials,Total New Subscribers,819
01-10-2025,Summary Financials,Total New Subscribers,895
01-11-2025,Summary Financials,Total New Subscribers,978
01-12-2025,Summary Financials,Total New Subscribers,1068
01-01-2026,Summary Financials,Total New Subscribers,1167
01-02-2026,Summary Financials,Total New Subscribers,1276
01-03-2026,Summary Financials,Total New Subscribers,1395
01-04-2026,Summary Financials,Total New Subscribers,1525
01-05-2026,Summary Financials,Total New Subscribers,1667
01-06-2026,Summary Financials,Total New Subscribers,1823
01-07-2026,Summary Financials,Total New Subscribers,1993
01-08-2026,Summary Financials,Total New Subscribers,2179
01-09-2026,Summary Financials,Total New Subscribers,2383
01-10-2026,Summary Financials,Total New Subscribers,2607
01-11-2026,Summary Financials,Total New Subscribers,2852
01-12-2026,Summary Financials,Total New Subscribers,3120
01-01-2027,Summary Financials,Total New Subscribers,3414
01-02-2027,Summary Financials,Total New Subscribers,3737
01-03-2027,Summary Financials,Total New Subscribers,4091
01-04-2027,Summary Financials,Total New Subscribers,4478
01-05-2027,Summary Financials,Total New Subscribers,4903
01-06-2027,Summary Financials,Total New Subscribers,5369
01-07-2027,Summary Financials,Total New Subscribers,5880
01-08-2027,Summary Financials,Total New Subscribers,6440
01-09-2027,Summary Financials,Total New Subscribers,7054
01-10-2027,Summary Financials,Total New Subscribers,7727
01-11-2027,Summary Financials,Total New Subscribers,8465
01-12-2027,Summary Financials,Total New Subscribers,9275
01-01-2028,Summary Financials,Total New Subscribers,10163
01-02-2028,Summary Financials,Total New Subscribers,11137
01-03-2028,Summary Financials,Total New Subscribers,12205
01-04-2028,Summary Financials,Total New Subscribers,13377
01-05-2028,Summary Financials,Total New Subscribers,14663
01-06-2028,Summary Financials,Total New Subscribers,16074
01-07-2028,Summary Financials,Total New Subscribers,17622
01-08-2028,Summary Financials,Total New Subscribers,19321
01-09-2028,Summary Financials,Total New Subscribers,21185
01-10-2028,Summary Financials,Total New Subscribers,23230
01-11-2028,Summary Financials,Total New Subscribers,25475
01-12-2028,Summary Financials,Total New Subscribers,27939
01-02-2024,Summary Financials,% growth,0.089655172
01-03-2024,Summary Financials,% growth,0.088607595
01-04-2024,Summary Financials,% growth,0.087209302
01-05-2024,Summary Financials,% growth,0.090909091
01-06-2024,Summary Financials,% growth,0.088235294
01-07-2024,Summary Financials,% growth,0.09009009
01-08-2024,Summary Financials,% growth,0.090909091
01-09-2024,Summary Financials,% growth,0.090909091
01-10-2024,Summary Financials,% growth,0.090277778
01-11-2024,Summary Financials,% growth,0.089171975
01-12-2024,Summary Financials,% growth,0.090643275
01-01-2025,Summary Financials,% growth,0.091152815
01-02-2025,Summary Financials,% growth,0.090909091
01-03-2025,Summary Financials,% growth,0.09009009
01-04-2025,Summary Financials,% growth,0.090909091
01-05-2025,Summary Financials,% growth,0.09280303
01-06-2025,Summary Financials,% growth,0.090121317
01-07-2025,Summary Financials,% growth,0.092209857
01-08-2025,Summary Financials,% growth,0.091703057
01-09-2025,Summary Financials,% growth,0.092
01-10-2025,Summary Financials,% growth,0.092796093
01-11-2025,Summary Financials,% growth,0.09273743
01-12-2025,Summary Financials,% growth,0.09202454
01-01-2026,Summary Financials,% growth,0.092696629
01-02-2026,Summary Financials,% growth,0.093401885
01-03-2026,Summary Financials,% growth,0.093260188
01-04-2026,Summary Financials,% growth,0.093189964
01-05-2026,Summary Financials,% growth,0.093114754
01-06-2026,Summary Financials,% growth,0.093581284
01-07-2026,Summary Financials,% growth,0.09325288
01-08-2026,Summary Financials,% growth,0.093326643
01-09-2026,Summary Financials,% growth,0.093620927
01-10-2026,Summary Financials,% growth,0.093999161
01-11-2026,Summary Financials,% growth,0.093977752
01-12-2026,Summary Financials,% growth,0.093969144
01-01-2027,Summary Financials,% growth,0.094230769
01-02-2027,Summary Financials,% growth,0.094610428
01-03-2027,Summary Financials,% growth,0.094728392
01-04-2027,Summary Financials,% growth,0.094597898
01-05-2027,Summary Financials,% growth,0.094908441
01-06-2027,Summary Financials,% growth,0.095043851
01-07-2027,Summary Financials,% growth,0.09517601
01-08-2027,Summary Financials,% growth,0.095238095
01-09-2027,Summary Financials,% growth,0.095341615
01-10-2027,Summary Financials,% growth,0.095406861
01-11-2027,Summary Financials,% growth,0.095509253
01-12-2027,Summary Financials,% growth,0.095688128
01-01-2028,Summary Financials,% growth,0.09574124
01-02-2028,Summary Financials,% growth,0.095837843
01-03-2028,Summary Financials,% growth,0.095896561
01-04-2028,Summary Financials,% growth,0.096026219
01-05-2028,Summary Financials,% growth,0.096135157
01-06-2028,Summary Financials,% growth,0.096228603
01-07-2028,Summary Financials,% growth,0.096304591
01-08-2028,Summary Financials,% growth,0.096413574
01-09-2028,Summary Financials,% growth,0.096475338
01-10-2028,Summary Financials,% growth,0.096530564
01-11-2028,Summary Financials,% growth,0.096642273
01-12-2028,Summary Financials,% growth,0.096722277
01-01-2024,Summary Financials,ARR,50550
01-02-2024,Summary Financials,ARR,100620
01-03-2024,Summary Financials,ARR,151290
01-04-2024,Summary Financials,ARR,202560
01-05-2024,Summary Financials,ARR,255480
01-06-2024,Summary Financials,ARR,310410
01-07-2024,Summary Financials,ARR,368070
01-08-2024,Summary Financials,ARR,428790
01-09-2024,Summary Financials,ARR,493290
01-10-2024,Summary Financials,ARR,561900
01-11-2024,Summary Financials,ARR,634980
01-12-2024,Summary Financials,ARR,713220
01-01-2025,Summary Financials,ARR,791430
01-02-2025,Summary Financials,ARR,875550
01-03-2025,Summary Financials,ARR,966270
01-04-2025,Summary Financials,ARR,1064640
01-05-2025,Summary Financials,ARR,1171020
01-06-2025,Summary Financials,ARR,1286130
01-07-2025,Summary Financials,ARR,1411020
01-08-2025,Summary Financials,ARR,1546740
01-09-2025,Summary Financials,ARR,1693980
01-10-2025,Summary Financials,ARR,1854510
01-11-2025,Summary Financials,ARR,2029050
01-12-2025,Summary Financials,ARR,2218290
01-01-2026,Summary Financials,ARR,2412810
01-02-2026,Summary Financials,ARR,2624550
01-03-2026,Summary Financials,ARR,2855280
01-04-2026,Summary Financials,ARR,3107130
01-05-2026,Summary Financials,ARR,3381150
01-06-2026,Summary Financials,ARR,3680160
01-07-2026,Summary Financials,ARR,4006290
01-08-2026,Summary Financials,ARR,4361700
01-09-2026,Summary Financials,ARR,4749210
01-10-2026,Summary Financials,ARR,5171640
01-11-2026,Summary Financials,ARR,5633220
01-12-2026,Summary Financials,ARR,6136830
01-01-2027,Summary Financials,ARR,6686040
01-02-2027,Summary Financials,ARR,7286130
01-03-2027,Summary Financials,ARR,7941720
01-04-2027,Summary Financials,ARR,8657100
01-05-2027,Summary Financials,ARR,9438990
01-06-2027,Summary Financials,ARR,10293420
01-07-2027,Summary Financials,ARR,11227170
01-08-2027,Summary Financials,ARR,12248040
01-09-2027,Summary Financials,ARR,13363860
01-10-2027,Summary Financials,ARR,14583180
01-11-2027,Summary Financials,ARR,15916320
01-12-2027,Summary Financials,ARR,17374290
01-01-2028,Summary Financials,ARR,18968850
01-02-2028,Summary Financials,ARR,20713200
01-03-2028,Summary Financials,ARR,22620540
01-04-2028,Summary Financials,ARR,24707550
01-05-2028,Summary Financials,ARR,26991030
01-06-2028,Summary Financials,ARR,29489880
01-07-2028,Summary Financials,ARR,32224410
01-08-2028,Summary Financials,ARR,35217810
01-09-2028,Summary Financials,ARR,38494350
01-10-2028,Summary Financials,ARR,42080820
01-11-2028,Summary Financials,ARR,46007190
01-12-2028,Summary Financials,ARR,50306640
01-02-2024,Summary Financials,% growth,0.990504451
01-03-2024,Summary Financials,% growth,0.503577818
01-04-2024,Summary Financials,% growth,0.338885584
01-05-2024,Summary Financials,% growth,0.261255924
01-06-2024,Summary Financials,% growth,0.215007046
01-07-2024,Summary Financials,% growth,0.185754325
01-08-2024,Summary Financials,% growth,0.16496862
01-09-2024,Summary Financials,% growth,0.150423284
01-10-2024,Summary Financials,% growth,0.139086541
01-11-2024,Summary Financials,% growth,0.130058729
01-12-2024,Summary Financials,% growth,0.123216479
01-01-2025,Summary Financials,% growth,0.109657609
01-02-2025,Summary Financials,% growth,0.106288617
01-03-2025,Summary Financials,% growth,0.103614871
01-04-2025,Summary Financials,% growth,0.101803844
01-05-2025,Summary Financials,% growth,0.0999211
01-06-2025,Summary Financials,% growth,0.098298919
01-07-2025,Summary Financials,% growth,0.097105269
01-08-2025,Summary Financials,% growth,0.096185738
01-09-2025,Summary Financials,% growth,0.095193762
01-10-2025,Summary Financials,% growth,0.094764991
01-11-2025,Summary Financials,% growth,0.094116505
01-12-2025,Summary Financials,% growth,0.093265321
01-01-2026,Summary Financials,% growth,0.087689166
01-02-2026,Summary Financials,% growth,0.087756599
01-03-2026,Summary Financials,% growth,0.087912214
01-04-2026,Summary Financials,% growth,0.08820501
01-05-2026,Summary Financials,% growth,0.08819071
01-06-2026,Summary Financials,% growth,0.088434408
01-07-2026,Summary Financials,% growth,0.08861843
01-08-2026,Summary Financials,% growth,0.088712999
01-09-2026,Summary Financials,% growth,0.088843799
01-10-2026,Summary Financials,% growth,0.088947425
01-11-2026,Summary Financials,% growth,0.089252152
01-12-2026,Summary Financials,% growth,0.089400023
01-01-2027,Summary Financials,% growth,0.089494087
01-02-2027,Summary Financials,% growth,0.089752679
01-03-2027,Summary Financials,% growth,0.089977807
01-04-2027,Summary Financials,% growth,0.090078724
01-05-2027,Summary Financials,% growth,0.090317774
01-06-2027,Summary Financials,% growth,0.090521338
01-07-2027,Summary Financials,% growth,0.090713291
01-08-2027,Summary Financials,% growth,0.090928524
01-09-2027,Summary Financials,% growth,0.091101923
01-10-2027,Summary Financials,% growth,0.091240106
01-11-2027,Summary Financials,% growth,0.091416275
01-12-2027,Summary Financials,% growth,0.091602205
01-01-2028,Summary Financials,% growth,0.091776988
01-02-2028,Summary Financials,% growth,0.091958659
01-03-2028,Summary Financials,% growth,0.092083309
01-04-2028,Summary Financials,% growth,0.092261723
01-05-2028,Summary Financials,% growth,0.092420333
01-06-2028,Summary Financials,% growth,0.092580757
01-07-2028,Summary Financials,% growth,0.092727743
01-08-2028,Summary Financials,% growth,0.092892314
01-09-2028,Summary Financials,% growth,0.093036449
01-10-2028,Summary Financials,% growth,0.093168738
01-11-2028,Summary Financials,% growth,0.093305454
01-12-2028,Summary Financials,% growth,0.093451697
01-01-2024,Summary Financials,Bookings,20850
01-02-2024,Summary Financials,Bookings,24720
01-03-2024,Summary Financials,Bookings,28530
01-04-2024,Summary Financials,Bookings,32280
01-05-2024,Summary Financials,Bookings,36360
01-06-2024,Summary Financials,Bookings,40470
01-07-2024,Summary Financials,Bookings,44670
01-08-2024,Summary Financials,Bookings,49290
01-09-2024,Summary Financials,Bookings,54060
01-10-2024,Summary Financials,Bookings,59310
01-11-2024,Summary Financials,Bookings,64740
01-12-2024,Summary Financials,Bookings,70710
01-01-2025,Summary Financials,Bookings,88860
01-02-2025,Summary Financials,Bookings,96420
01-03-2025,Summary Financials,Bookings,104640
01-04-2025,Summary Financials,Bookings,113580
01-05-2025,Summary Financials,Bookings,123270
01-06-2025,Summary Financials,Bookings,133440
01-07-2025,Summary Financials,Bookings,144480
01-08-2025,Summary Financials,Bookings,156780
01-09-2025,Summary Financials,Bookings,170040
01-10-2025,Summary Financials,Bookings,184710
01-11-2025,Summary Financials,Bookings,200190
01-12-2025,Summary Financials,Bookings,217170
01-01-2026,Summary Financials,Bookings,235800
01-02-2026,Summary Financials,Bookings,255810
01-03-2026,Summary Financials,Bookings,277650
01-04-2026,Summary Financials,Bookings,301470
01-05-2026,Summary Financials,Bookings,327330
01-06-2026,Summary Financials,Bookings,355410
01-07-2026,Summary Financials,Bookings,385860
01-08-2026,Summary Financials,Bookings,418860
01-09-2026,Summary Financials,Bookings,454920
01-10-2026,Summary Financials,Bookings,494550
01-11-2026,Summary Financials,Bookings,537690
01-12-2026,Summary Financials,Bookings,584250
01-01-2027,Summary Financials,Bookings,634830
01-02-2027,Summary Financials,Bookings,690420
01-03-2027,Summary Financials,Bookings,751020
01-04-2027,Summary Financials,Bookings,816630
01-05-2027,Summary Financials,Bookings,888690
01-06-2027,Summary Financials,Bookings,967290
01-07-2027,Summary Financials,Bookings,1052610
01-08-2027,Summary Financials,Bookings,1145850
01-09-2027,Summary Financials,Bookings,1247580
01-10-2027,Summary Financials,Bookings,1358760
01-11-2027,Summary Financials,Bookings,1480140
01-12-2027,Summary Financials,Bookings,1612500
01-01-2028,Summary Financials,Bookings,1756710
01-02-2028,Summary Financials,Bookings,1914420
01-03-2028,Summary Financials,Bookings,2086290
01-04-2028,Summary Financials,Bookings,2274480
01-05-2028,Summary Financials,Bookings,2479950
01-06-2028,Summary Financials,Bookings,2704440
01-07-2028,Summary Financials,Bookings,2949450
01-08-2028,Summary Financials,Bookings,3217380
01-09-2028,Summary Financials,Bookings,3510060
01-10-2028,Summary Financials,Bookings,3829860
01-11-2028,Summary Financials,Bookings,4179690
01-12-2028,Summary Financials,Bookings,4562370
01-02-2024,Summary Financials,% growth,0.185611511
01-03-2024,Summary Financials,% growth,0.154126214
01-04-2024,Summary Financials,% growth,0.131440589
01-05-2024,Summary Financials,% growth,0.126394052
01-06-2024,Summary Financials,% growth,0.113036304
01-07-2024,Summary Financials,% growth,0.103780578
01-08-2024,Summary Financials,% growth,0.103425118
01-09-2024,Summary Financials,% growth,0.096774194
01-10-2024,Summary Financials,% growth,0.097114317
01-11-2024,Summary Financials,% growth,0.091552858
01-12-2024,Summary Financials,% growth,0.092215014
01-01-2025,Summary Financials,% growth,0.256682223
01-02-2025,Summary Financials,% growth,0.08507765
01-03-2025,Summary Financials,% growth,0.085252022
01-04-2025,Summary Financials,% growth,0.08543578
01-05-2025,Summary Financials,% growth,0.085314316
01-06-2025,Summary Financials,% growth,0.082501825
01-07-2025,Summary Financials,% growth,0.082733813
01-08-2025,Summary Financials,% growth,0.08513289
01-09-2025,Summary Financials,% growth,0.084577114
01-10-2025,Summary Financials,% growth,0.086273818
01-11-2025,Summary Financials,% growth,0.083807049
01-12-2025,Summary Financials,% growth,0.084819422
01-01-2026,Summary Financials,% growth,0.085785329
01-02-2026,Summary Financials,% growth,0.084860051
01-03-2026,Summary Financials,% growth,0.085375865
01-04-2026,Summary Financials,% growth,0.085791464
01-05-2026,Summary Financials,% growth,0.08577968
01-06-2026,Summary Financials,% growth,0.085784988
01-07-2026,Summary Financials,% growth,0.085675698
01-08-2026,Summary Financials,% growth,0.085523247
01-09-2026,Summary Financials,% growth,0.086090818
01-10-2026,Summary Financials,% growth,0.087114218
01-11-2026,Summary Financials,% growth,0.087230816
01-12-2026,Summary Financials,% growth,0.086592646
01-01-2027,Summary Financials,% growth,0.086572529
01-02-2027,Summary Financials,% growth,0.08756675
01-03-2027,Summary Financials,% growth,0.08777266
01-04-2027,Summary Financials,% growth,0.087361189
01-05-2027,Summary Financials,% growth,0.088240697
01-06-2027,Summary Financials,% growth,0.08844479
01-07-2027,Summary Financials,% growth,0.088205192
01-08-2027,Summary Financials,% growth,0.088579816
01-09-2027,Summary Financials,% growth,0.088781254
01-10-2027,Summary Financials,% growth,0.08911653
01-11-2027,Summary Financials,% growth,0.089331449
01-12-2027,Summary Financials,% growth,0.089423973
01-01-2028,Summary Financials,% growth,0.089432558
01-02-2028,Summary Financials,% growth,0.089775774
01-03-2028,Summary Financials,% growth,0.089776538
01-04-2028,Summary Financials,% growth,0.090203184
01-05-2028,Summary Financials,% growth,0.090337132
01-06-2028,Summary Financials,% growth,0.090521986
01-07-2028,Summary Financials,% growth,0.090595465
01-08-2028,Summary Financials,% growth,0.090840665
01-09-2028,Summary Financials,% growth,0.090968428
01-10-2028,Summary Financials,% growth,0.091109554
01-11-2028,Summary Financials,% growth,0.091342764
01-12-2028,Summary Financials,% growth,0.091557029
01-01-2024,Summary Financials,Deferred Revenue (MRR),-16637.5
01-02-2024,Summary Financials,Deferred Revenue (MRR),-16335
01-03-2024,Summary Financials,Deferred Revenue (MRR),-15922.5
01-04-2024,Summary Financials,Deferred Revenue (MRR),-15400
01-05-2024,Summary Financials,Deferred Revenue (MRR),-15070
01-06-2024,Summary Financials,Deferred Revenue (MRR),-14602.5
01-07-2024,Summary Financials,Deferred Revenue (MRR),-13997.5
01-08-2024,Summary Financials,Deferred Revenue (MRR),-13557.5
01-09-2024,Summary Financials,Deferred Revenue (MRR),-12952.5
01-10-2024,Summary Financials,Deferred Revenue (MRR),-12485
01-11-2024,Summary Financials,Deferred Revenue (MRR),-11825
01-12-2024,Summary Financials,Deferred Revenue (MRR),-11275
01-01-2025,Summary Financials,Deferred Revenue (MRR),-22907.5
01-02-2025,Summary Financials,Deferred Revenue (MRR),-23457.5
01-03-2025,Summary Financials,Deferred Revenue (MRR),-24117.5
01-04-2025,Summary Financials,Deferred Revenue (MRR),-24860
01-05-2025,Summary Financials,Deferred Revenue (MRR),-25685
01-06-2025,Summary Financials,Deferred Revenue (MRR),-26262.5
01-07-2025,Summary Financials,Deferred Revenue (MRR),-26895
01-08-2025,Summary Financials,Deferred Revenue (MRR),-27885
01-09-2025,Summary Financials,Deferred Revenue (MRR),-28875
01-10-2025,Summary Financials,Deferred Revenue (MRR),-30167.5
01-11-2025,Summary Financials,Deferred Revenue (MRR),-31102.5
01-12-2025,Summary Financials,Deferred Revenue (MRR),-32312.5
01-01-2026,Summary Financials,Deferred Revenue (MRR),-34732.5
01-02-2026,Summary Financials,Deferred Revenue (MRR),-37097.5
01-03-2026,Summary Financials,Deferred Revenue (MRR),-39710
01-04-2026,Summary Financials,Deferred Revenue (MRR),-42542.5
01-05-2026,Summary Financials,Deferred Revenue (MRR),-45567.5
01-06-2026,Summary Financials,Deferred Revenue (MRR),-48730
01-07-2026,Summary Financials,Deferred Revenue (MRR),-52002.5
01-08-2026,Summary Financials,Deferred Revenue (MRR),-55385
01-09-2026,Summary Financials,Deferred Revenue (MRR),-59152.5
01-10-2026,Summary Financials,Deferred Revenue (MRR),-63580
01-11-2026,Summary Financials,Deferred Revenue (MRR),-68255
01-12-2026,Summary Financials,Deferred Revenue (MRR),-72847.5
01-01-2027,Summary Financials,Deferred Revenue (MRR),-77660
01-02-2027,Summary Financials,Deferred Revenue (MRR),-83242.5
01-03-2027,Summary Financials,Deferred Revenue (MRR),-89210
01-04-2027,Summary Financials,Deferred Revenue (MRR),-95205
01-05-2027,Summary Financials,Deferred Revenue (MRR),-102107.5
01-06-2027,Summary Financials,Deferred Revenue (MRR),-109505
01-07-2027,Summary Financials,Deferred Revenue (MRR),-117012.5
01-08-2027,Summary Financials,Deferred Revenue (MRR),-125180
01-09-2027,Summary Financials,Deferred Revenue (MRR),-133925
01-10-2027,Summary Financials,Deferred Revenue (MRR),-143495
01-11-2027,Summary Financials,Deferred Revenue (MRR),-153780
01-12-2027,Summary Financials,Deferred Revenue (MRR),-164642.5
01-01-2028,Summary Financials,Deferred Revenue (MRR),-175972.5
01-02-2028,Summary Financials,Deferred Revenue (MRR),-188320
01-03-2028,Summary Financials,Deferred Revenue (MRR),-201245
01-04-2028,Summary Financials,Deferred Revenue (MRR),-215517.5
01-05-2028,Summary Financials,Deferred Revenue (MRR),-230697.5
01-06-2028,Summary Financials,Deferred Revenue (MRR),-246950
01-07-2028,Summary Financials,Deferred Revenue (MRR),-264082.5
01-08-2028,Summary Financials,Deferred Revenue (MRR),-282562.5
01-09-2028,Summary Financials,Deferred Revenue (MRR),-302197.5
01-10-2028,Summary Financials,Deferred Revenue (MRR),-323125
01-11-2028,Summary Financials,Deferred Revenue (MRR),-345757.5
01-12-2028,Summary Financials,Deferred Revenue (MRR),-370150
01-01-2024,Summary Financials,Revenue (MRR),4212.5
01-02-2024,Summary Financials,Revenue (MRR),8385
01-03-2024,Summary Financials,Revenue (MRR),12607.5
01-04-2024,Summary Financials,Revenue (MRR),16880
01-05-2024,Summary Financials,Revenue (MRR),21290
01-06-2024,Summary Financials,Revenue (MRR),25867.5
01-07-2024,Summary Financials,Revenue (MRR),30672.5
01-08-2024,Summary Financials,Revenue (MRR),35732.5
01-09-2024,Summary Financials,Revenue (MRR),41107.5
01-10-2024,Summary Financials,Revenue (MRR),46825
01-11-2024,Summary Financials,Revenue (MRR),52915
01-12-2024,Summary Financials,Revenue (MRR),59435
01-01-2025,Summary Financials,Revenue (MRR),65952.5
01-02-2025,Summary Financials,Revenue (MRR),72962.5
01-03-2025,Summary Financials,Revenue (MRR),80522.5
01-04-2025,Summary Financials,Revenue (MRR),88720
01-05-2025,Summary Financials,Revenue (MRR),97585
01-06-2025,Summary Financials,Revenue (MRR),107177.5
01-07-2025,Summary Financials,Revenue (MRR),117585
01-08-2025,Summary Financials,Revenue (MRR),128895
01-09-2025,Summary Financials,Revenue (MRR),141165
01-10-2025,Summary Financials,Revenue (MRR),154542.5
01-11-2025,Summary Financials,Revenue (MRR),169087.5
01-12-2025,Summary Financials,Revenue (MRR),184857.5
01-01-2026,Summary Financials,Revenue (MRR),201067.5
01-02-2026,Summary Financials,Revenue (MRR),218712.5
01-03-2026,Summary Financials,Revenue (MRR),237940
01-04-2026,Summary Financials,Revenue (MRR),258927.5
01-05-2026,Summary Financials,Revenue (MRR),281762.5
01-06-2026,Summary Financials,Revenue (MRR),306680
01-07-2026,Summary Financials,Revenue (MRR),333857.5
01-08-2026,Summary Financials,Revenue (MRR),363475
01-09-2026,Summary Financials,Revenue (MRR),395767.5
01-10-2026,Summary Financials,Revenue (MRR),430970
01-11-2026,Summary Financials,Revenue (MRR),469435
01-12-2026,Summary Financials,Revenue (MRR),511402.5
01-01-2027,Summary Financials,Revenue (MRR),557170
01-02-2027,Summary Financials,Revenue (MRR),607177.5
01-03-2027,Summary Financials,Revenue (MRR),661810
01-04-2027,Summary Financials,Revenue (MRR),721425
01-05-2027,Summary Financials,Revenue (MRR),786582.5
01-06-2027,Summary Financials,Revenue (MRR),857785
01-07-2027,Summary Financials,Revenue (MRR),935597.5
01-08-2027,Summary Financials,Revenue (MRR),1020670
01-09-2027,Summary Financials,Revenue (MRR),1113655
01-10-2027,Summary Financials,Revenue (MRR),1215265
01-11-2027,Summary Financials,Revenue (MRR),1326360
01-12-2027,Summary Financials,Revenue (MRR),1447857.5
01-01-2028,Summary Financials,Revenue (MRR),1580737.5
01-02-2028,Summary Financials,Revenue (MRR),1726100
01-03-2028,Summary Financials,Revenue (MRR),1885045
01-04-2028,Summary Financials,Revenue (MRR),2058962.5
01-05-2028,Summary Financials,Revenue (MRR),2249252.5
01-06-2028,Summary Financials,Revenue (MRR),2457490
01-07-2028,Summary Financials,Revenue (MRR),2685367.5
01-08-2028,Summary Financials,Revenue (MRR),2934817.5
01-09-2028,Summary Financials,Revenue (MRR),3207862.5
01-10-2028,Summary Financials,Revenue (MRR),3506735
01-11-2028,Summary Financials,Revenue (MRR),3833932.5
01-12-2028,Summary Financials,Revenue (MRR),4192220
01-01-2024,Summary Financials,COGS,-674
01-02-2024,Summary Financials,COGS,-1341.6
01-03-2024,Summary Financials,COGS,-2017.2
01-04-2024,Summary Financials,COGS,-2700.8
01-05-2024,Summary Financials,COGS,-3406.4
01-06-2024,Summary Financials,COGS,-4138.8
01-07-2024,Summary Financials,COGS,-4907.6
01-08-2024,Summary Financials,COGS,-5717.2
01-09-2024,Summary Financials,COGS,-6577.2
01-10-2024,Summary Financials,COGS,-7492
01-11-2024,Summary Financials,COGS,-8466.4
01-12-2024,Summary Financials,COGS,-9509.6
01-01-2025,Summary Financials,COGS,-10222.6375
01-02-2025,Summary Financials,COGS,-11309.1875
01-03-2025,Summary Financials,COGS,-12480.9875
01-04-2025,Summary Financials,COGS,-13751.6
01-05-2025,Summary Financials,COGS,-15125.675
01-06-2025,Summary Financials,COGS,-16612.5125
01-07-2025,Summary Financials,COGS,-18225.675
01-08-2025,Summary Financials,COGS,-19978.725
01-09-2025,Summary Financials,COGS,-21880.575
01-10-2025,Summary Financials,COGS,-23954.0875
01-11-2025,Summary Financials,COGS,-26208.5625
01-12-2025,Summary Financials,COGS,-28652.9125
01-01-2026,Summary Financials,COGS,-30160.125
01-02-2026,Summary Financials,COGS,-32806.875
01-03-2026,Summary Financials,COGS,-35691
01-04-2026,Summary Financials,COGS,-38839.125
01-05-2026,Summary Financials,COGS,-42264.375
01-06-2026,Summary Financials,COGS,-46002
01-07-2026,Summary Financials,COGS,-50078.625
01-08-2026,Summary Financials,COGS,-54521.25
01-09-2026,Summary Financials,COGS,-59365.125
01-10-2026,Summary Financials,COGS,-64645.5
01-11-2026,Summary Financials,COGS,-70415.25
01-12-2026,Summary Financials,COGS,-76710.375
01-01-2027,Summary Financials,COGS,-80789.65
01-02-2027,Summary Financials,COGS,-88040.7375
01-03-2027,Summary Financials,COGS,-95962.45
01-04-2027,Summary Financials,COGS,-104606.625
01-05-2027,Summary Financials,COGS,-114054.4625
01-06-2027,Summary Financials,COGS,-124378.825
01-07-2027,Summary Financials,COGS,-135661.6375
01-08-2027,Summary Financials,COGS,-147997.15
01-09-2027,Summary Financials,COGS,-161479.975
01-10-2027,Summary Financials,COGS,-176213.425
01-11-2027,Summary Financials,COGS,-192322.2
01-12-2027,Summary Financials,COGS,-209939.3375
01-01-2028,Summary Financials,COGS,-221303.25
01-02-2028,Summary Financials,COGS,-241654
01-03-2028,Summary Financials,COGS,-263906.3
01-04-2028,Summary Financials,COGS,-288254.75
01-05-2028,Summary Financials,COGS,-314895.35
01-06-2028,Summary Financials,COGS,-344048.6
01-07-2028,Summary Financials,COGS,-375951.45
01-08-2028,Summary Financials,COGS,-410874.45
01-09-2028,Summary Financials,COGS,-449100.75
01-10-2028,Summary Financials,COGS,-490942.9
01-11-2028,Summary Financials,COGS,-536750.55
01-12-2028,Summary Financials,COGS,-586910.8
01-01-2024,Summary Financials,Gross Profit,3538.5
01-02-2024,Summary Financials,Gross Profit,7043.4
01-03-2024,Summary Financials,Gross Profit,10590.3
01-04-2024,Summary Financials,Gross Profit,14179.2
01-05-2024,Summary Financials,Gross Profit,17883.6
01-06-2024,Summary Financials,Gross Profit,21728.7
01-07-2024,Summary Financials,Gross Profit,25764.9
01-08-2024,Summary Financials,Gross Profit,30015.3
01-09-2024,Summary Financials,Gross Profit,34530.3
01-10-2024,Summary Financials,Gross Profit,39333
01-11-2024,Summary Financials,Gross Profit,44448.6
01-12-2024,Summary Financials,Gross Profit,49925.4
01-01-2025,Summary Financials,Gross Profit,55729.8625
01-02-2025,Summary Financials,Gross Profit,61653.3125
01-03-2025,Summary Financials,Gross Profit,68041.5125
01-04-2025,Summary Financials,Gross Profit,74968.4
01-05-2025,Summary Financials,Gross Profit,82459.325
01-06-2025,Summary Financials,Gross Profit,90564.9875
01-07-2025,Summary Financials,Gross Profit,99359.325
01-08-2025,Summary Financials,Gross Profit,108916.275
01-09-2025,Summary Financials,Gross Profit,119284.425
01-10-2025,Summary Financials,Gross Profit,130588.4125
01-11-2025,Summary Financials,Gross Profit,142878.9375
01-12-2025,Summary Financials,Gross Profit,156204.5875
01-01-2026,Summary Financials,Gross Profit,170907.375
01-02-2026,Summary Financials,Gross Profit,185905.625
01-03-2026,Summary Financials,Gross Profit,202249
01-04-2026,Summary Financials,Gross Profit,220088.375
01-05-2026,Summary Financials,Gross Profit,239498.125
01-06-2026,Summary Financials,Gross Profit,260678
01-07-2026,Summary Financials,Gross Profit,283778.875
01-08-2026,Summary Financials,Gross Profit,308953.75
01-09-2026,Summary Financials,Gross Profit,336402.375
01-10-2026,Summary Financials,Gross Profit,366324.5
01-11-2026,Summary Financials,Gross Profit,399019.75
01-12-2026,Summary Financials,Gross Profit,434692.125
01-01-2027,Summary Financials,Gross Profit,476380.35
01-02-2027,Summary Financials,Gross Profit,519136.7625
01-03-2027,Summary Financials,Gross Profit,565847.55
01-04-2027,Summary Financials,Gross Profit,616818.375
01-05-2027,Summary Financials,Gross Profit,672528.0375
01-06-2027,Summary Financials,Gross Profit,733406.175
01-07-2027,Summary Financials,Gross Profit,799935.8625
01-08-2027,Summary Financials,Gross Profit,872672.85
01-09-2027,Summary Financials,Gross Profit,952175.025
01-10-2027,Summary Financials,Gross Profit,1039051.575
01-11-2027,Summary Financials,Gross Profit,1134037.8
01-12-2027,Summary Financials,Gross Profit,1237918.163
01-01-2028,Summary Financials,Gross Profit,1359434.25
01-02-2028,Summary Financials,Gross Profit,1484446
01-03-2028,Summary Financials,Gross Profit,1621138.7
01-04-2028,Summary Financials,Gross Profit,1770707.75
01-05-2028,Summary Financials,Gross Profit,1934357.15
01-06-2028,Summary Financials,Gross Profit,2113441.4
01-07-2028,Summary Financials,Gross Profit,2309416.05
01-08-2028,Summary Financials,Gross Profit,2523943.05
01-09-2028,Summary Financials,Gross Profit,2758761.75
01-10-2028,Summary Financials,Gross Profit,3015792.1
01-11-2028,Summary Financials,Gross Profit,3297181.95
01-12-2028,Summary Financials,Gross Profit,3605309.2
01-01-2024,Summary Financials,% margin,0.84
01-02-2024,Summary Financials,% margin,0.84
01-03-2024,Summary Financials,% margin,0.84
01-04-2024,Summary Financials,% margin,0.84
01-05-2024,Summary Financials,% margin,0.84
01-06-2024,Summary Financials,% margin,0.84
01-07-2024,Summary Financials,% margin,0.84
01-08-2024,Summary Financials,% margin,0.84
01-09-2024,Summary Financials,% margin,0.84
01-10-2024,Summary Financials,% margin,0.84
01-11-2024,Summary Financials,% margin,0.84
01-12-2024,Summary Financials,% margin,0.84
01-01-2025,Summary Financials,% margin,0.845
01-02-2025,Summary Financials,% margin,0.845
01-03-2025,Summary Financials,% margin,0.845
01-04-2025,Summary Financials,% margin,0.845
01-05-2025,Summary Financials,% margin,0.845
01-06-2025,Summary Financials,% margin,0.845
01-07-2025,Summary Financials,% margin,0.845
01-08-2025,Summary Financials,% margin,0.845
01-09-2025,Summary Financials,% margin,0.845
01-10-2025,Summary Financials,% margin,0.845
01-11-2025,Summary Financials,% margin,0.845
01-12-2025,Summary Financials,% margin,0.845
01-01-2026,Summary Financials,% margin,0.85
01-02-2026,Summary Financials,% margin,0.85
01-03-2026,Summary Financials,% margin,0.85
01-04-2026,Summary Financials,% margin,0.85
01-05-2026,Summary Financials,% margin,0.85
01-06-2026,Summary Financials,% margin,0.85
01-07-2026,Summary Financials,% margin,0.85
01-08-2026,Summary Financials,% margin,0.85
01-09-2026,Summary Financials,% margin,0.85
01-10-2026,Summary Financials,% margin,0.85
01-11-2026,Summary Financials,% margin,0.85
01-12-2026,Summary Financials,% margin,0.85
01-01-2027,Summary Financials,% margin,0.855
01-02-2027,Summary Financials,% margin,0.855
01-03-2027,Summary Financials,% margin,0.855
01-04-2027,Summary Financials,% margin,0.855
01-05-2027,Summary Financials,% margin,0.855
01-06-2027,Summary Financials,% margin,0.855
01-07-2027,Summary Financials,% margin,0.855
01-08-2027,Summary Financials,% margin,0.855
01-09-2027,Summary Financials,% margin,0.855
01-10-2027,Summary Financials,% margin,0.855
01-11-2027,Summary Financials,% margin,0.855
01-12-2027,Summary Financials,% margin,0.855
01-01-2028,Summary Financials,% margin,0.86
01-02-2028,Summary Financials,% margin,0.86
01-03-2028,Summary Financials,% margin,0.86
01-04-2028,Summary Financials,% margin,0.86
01-05-2028,Summary Financials,% margin,0.86
01-06-2028,Summary Financials,% margin,0.86
01-07-2028,Summary Financials,% margin,0.86
01-08-2028,Summary Financials,% margin,0.86
01-09-2028,Summary Financials,% margin,0.86
01-10-2028,Summary Financials,% margin,0.86
01-11-2028,Summary Financials,% margin,0.86
01-12-2028,Summary Financials,% margin,0.86
01-01-2024,Summary Financials,Payroll,-54000
01-02-2024,Summary Financials,Payroll,-54000
01-03-2024,Summary Financials,Payroll,-54000
01-04-2024,Summary Financials,Payroll,-72000
01-05-2024,Summary Financials,Payroll,-72000
01-06-2024,Summary Financials,Payroll,-72000
01-07-2024,Summary Financials,Payroll,-96000
01-08-2024,Summary Financials,Payroll,-96000
01-09-2024,Summary Financials,Payroll,-96000
01-10-2024,Summary Financials,Payroll,-132000
01-11-2024,Summary Financials,Payroll,-132000
01-12-2024,Summary Financials,Payroll,-138000
01-01-2025,Summary Financials,Payroll,-160320
01-02-2025,Summary Financials,Payroll,-160320
01-03-2025,Summary Financials,Payroll,-160320
01-04-2025,Summary Financials,Payroll,-203760
01-05-2025,Summary Financials,Payroll,-203760
01-06-2025,Summary Financials,Payroll,-203760
01-07-2025,Summary Financials,Payroll,-229680
01-08-2025,Summary Financials,Payroll,-247680
01-09-2025,Summary Financials,Payroll,-247680
01-10-2025,Summary Financials,Payroll,-274560
01-11-2025,Summary Financials,Payroll,-292560
01-12-2025,Summary Financials,Payroll,-299040
01-01-2026,Summary Financials,Payroll,-318825.6
01-02-2026,Summary Financials,Payroll,-342825.6
01-03-2026,Summary Financials,Payroll,-348825.6
01-04-2026,Summary Financials,Payroll,-394300.8
01-05-2026,Summary Financials,Payroll,-394300.8
01-06-2026,Summary Financials,Payroll,-418300.8
01-07-2026,Summary Financials,Payroll,-462374.4
01-08-2026,Summary Financials,Payroll,-469814.4
01-09-2026,Summary Financials,Payroll,-499814.4
01-10-2026,Summary Financials,Payroll,-543964.8
01-11-2026,Summary Financials,Payroll,-569404.8
01-12-2026,Summary Financials,Payroll,-599923.2
01-01-2027,Summary Financials,Payroll,-643506.048
01-02-2027,Summary Financials,Payroll,-675426.048
01-03-2027,Summary Financials,Payroll,-705906.048
01-04-2027,Summary Financials,Payroll,-775544.064
01-05-2027,Summary Financials,Payroll,-811544.064
01-06-2027,Summary Financials,Payroll,-861464.064
01-07-2027,Summary Financials,Payroll,-936989.952
01-08-2027,Summary Financials,Payroll,-991585.152
01-09-2027,Summary Financials,Payroll,-1047985.152
01-10-2027,Summary Financials,Payroll,-1147517.184
01-11-2027,Summary Financials,Payroll,-1209552.384
01-12-2027,Summary Financials,Payroll,-1289993.856
01-01-2028,Summary Financials,Payroll,-1395480.484
01-02-2028,Summary Financials,Payroll,-1500034.084
01-03-2028,Summary Financials,Payroll,-1604472.484
01-04-2028,Summary Financials,Payroll,-1742043.525
01-05-2028,Summary Financials,Payroll,-1852923.525
01-06-2028,Summary Financials,Payroll,-1994917.125
01-07-2028,Summary Financials,Payroll,-2174959.196
01-08-2028,Summary Financials,Payroll,-2335326.812
01-09-2028,Summary Financials,Payroll,-2507838.812
01-10-2028,Summary Financials,Payroll,-2737801.375
01-11-2028,Summary Financials,Payroll,-2958764.191
01-12-2028,Summary Financials,Payroll,-3181199.508
01-01-2024,Summary Financials,G&A,-210.625
01-02-2024,Summary Financials,G&A,-419.25
01-03-2024,Summary Financials,G&A,-630.375
01-04-2024,Summary Financials,G&A,-844
01-05-2024,Summary Financials,G&A,-1064.5
01-06-2024,Summary Financials,G&A,-1293.375
01-07-2024,Summary Financials,G&A,-1533.625
01-08-2024,Summary Financials,G&A,-1786.625
01-09-2024,Summary Financials,G&A,-2055.375
01-10-2024,Summary Financials,G&A,-2341.25
01-11-2024,Summary Financials,G&A,-2645.75
01-12-2024,Summary Financials,G&A,-2971.75
01-01-2025,Summary Financials,G&A,-3297.625
01-02-2025,Summary Financials,G&A,-3648.125
01-03-2025,Summary Financials,G&A,-4026.125
01-04-2025,Summary Financials,G&A,-4436
01-05-2025,Summary Financials,G&A,-4879.25
01-06-2025,Summary Financials,G&A,-5358.875
01-07-2025,Summary Financials,G&A,-5879.25
01-08-2025,Summary Financials,G&A,-6444.75
01-09-2025,Summary Financials,G&A,-7058.25
01-10-2025,Summary Financials,G&A,-7727.125
01-11-2025,Summary Financials,G&A,-8454.375
01-12-2025,Summary Financials,G&A,-9242.875
01-01-2026,Summary Financials,G&A,-10053.375
01-02-2026,Summary Financials,G&A,-10935.625
01-03-2026,Summary Financials,G&A,-11897
01-04-2026,Summary Financials,G&A,-12946.375
01-05-2026,Summary Financials,G&A,-14088.125
01-06-2026,Summary Financials,G&A,-15334
01-07-2026,Summary Financials,G&A,-16692.875
01-08-2026,Summary Financials,G&A,-18173.75
01-09-2026,Summary Financials,G&A,-19788.375
01-10-2026,Summary Financials,G&A,-21548.5
01-11-2026,Summary Financials,G&A,-23471.75
01-12-2026,Summary Financials,G&A,-25570.125
01-01-2027,Summary Financials,G&A,-27858.5
01-02-2027,Summary Financials,G&A,-30358.875
01-03-2027,Summary Financials,G&A,-33090.5
01-04-2027,Summary Financials,G&A,-36071.25
01-05-2027,Summary Financials,G&A,-39329.125
01-06-2027,Summary Financials,G&A,-42889.25
01-07-2027,Summary Financials,G&A,-46779.875
01-08-2027,Summary Financials,G&A,-51033.5
01-09-2027,Summary Financials,G&A,-55682.75
01-10-2027,Summary Financials,G&A,-60763.25
01-11-2027,Summary Financials,G&A,-66318
01-12-2027,Summary Financials,G&A,-72392.875
01-01-2028,Summary Financials,G&A,-79036.875
01-02-2028,Summary Financials,G&A,-86305
01-03-2028,Summary Financials,G&A,-94252.25
01-04-2028,Summary Financials,G&A,-102948.125
01-05-2028,Summary Financials,G&A,-112462.625
01-06-2028,Summary Financials,G&A,-122874.5
01-07-2028,Summary Financials,G&A,-134268.375
01-08-2028,Summary Financials,G&A,-146740.875
01-09-2028,Summary Financials,G&A,-160393.125
01-10-2028,Summary Financials,G&A,-175336.75
01-11-2028,Summary Financials,G&A,-191696.625
01-12-2028,Summary Financials,G&A,-209611
01-01-2024,Summary Financials,S&M,-20000
01-02-2024,Summary Financials,S&M,-21700
01-03-2024,Summary Financials,S&M,-23500
01-04-2024,Summary Financials,S&M,-24398
01-05-2024,Summary Financials,S&M,-26508
01-06-2024,Summary Financials,S&M,-28713
01-07-2024,Summary Financials,S&M,-29870.76
01-08-2024,Summary Financials,S&M,-32443.84
01-09-2024,Summary Financials,S&M,-35197.42
01-10-2024,Summary Financials,S&M,-36698.0821
01-11-2024,Summary Financials,S&M,-39776.3118
01-12-2024,Summary Financials,S&M,-43208.5511
01-01-2025,Summary Financials,S&M,-45005.78856
01-02-2025,Summary Financials,S&M,-48879.93312
01-03-2025,Summary Financials,S&M,-52998.42955
01-04-2025,Summary Financials,S&M,-55199.67763
01-05-2025,Summary Financials,S&M,-60029.26005
01-06-2025,Summary Financials,S&M,-65090.97675
01-07-2025,Summary Financials,S&M,-67814.6623
01-08-2025,Summary Financials,S&M,-73655.84897
01-09-2025,Summary Financials,S&M,-80031.17598
01-10-2025,Summary Financials,S&M,-83423.11537
01-11-2025,Summary Financials,S&M,-90687.52036
01-12-2025,Summary Financials,S&M,-98532.52429
01-01-2026,Summary Financials,S&M,-102644.6138
01-02-2026,Summary Financials,S&M,-111684.029
01-03-2026,Summary Financials,S&M,-121477.2714
01-04-2026,Summary Financials,S&M,-126558.3096
01-05-2026,Summary Financials,S&M,-137644.3617
01-06-2026,Summary Financials,S&M,-149790.8055
01-07-2026,Summary Financials,S&M,-156037.3361
01-08-2026,Summary Financials,S&M,-169714.566
01-09-2026,Summary Financials,S&M,-184644.7446
01-10-2026,Summary Financials,S&M,-192496.6633
01-11-2026,Summary Financials,S&M,-209534.7553
01-12-2026,Summary Financials,S&M,-228053.4481
01-01-2027,Summary Financials,S&M,-237690.921
01-02-2027,Summary Financials,S&M,-258872.7802
01-03-2027,Summary Financials,S&M,-281983.9531
01-04-2027,Summary Financials,S&M,-293910.1452
01-05-2027,Summary Financials,S&M,-320223.829
01-06-2027,Summary Financials,S&M,-348975.3003
01-07-2027,Summary Financials,S&M,-363890.0591
01-08-2027,Summary Financials,S&M,-396598.6419
01-09-2027,Summary Financials,S&M,-432349.6685
01-10-2027,Summary Financials,S&M,-450836.3423
01-11-2027,Summary Financials,S&M,-491533.2454
01-12-2027,Summary Financials,S&M,-536047.772
01-01-2028,Summary Financials,S&M,-559014.2698
01-02-2028,Summary Financials,S&M,-609687.5756
01-03-2028,Summary Financials,S&M,-665049.9386
01-04-2028,Summary Financials,S&M,-693604.6847
01-05-2028,Summary Financials,S&M,-756812.0471
01-06-2028,Summary Financials,S&M,-825864.7392
01-07-2028,Summary Financials,S&M,-861344.0535
01-08-2028,Summary Financials,S&M,-940135.2205
01-09-2028,Summary Financials,S&M,-1026239.112
01-10-2028,Summary Financials,S&M,-1070371.035
01-11-2028,Summary Financials,S&M,-1168625.386
01-12-2028,Summary Financials,S&M,-1276110.815
01-01-2024,Summary Financials,Facilities,-14000
01-02-2024,Summary Financials,Facilities,-14000
01-03-2024,Summary Financials,Facilities,-14000
01-04-2024,Summary Financials,Facilities,-14000
01-05-2024,Summary Financials,Facilities,-14000
01-06-2024,Summary Financials,Facilities,-14000
01-07-2024,Summary Financials,Facilities,-14000
01-08-2024,Summary Financials,Facilities,-14000
01-09-2024,Summary Financials,Facilities,-14000
01-10-2024,Summary Financials,Facilities,-14000
01-11-2024,Summary Financials,Facilities,-14000
01-12-2024,Summary Financials,Facilities,-14000
01-01-2025,Summary Financials,Facilities,-14000
01-02-2025,Summary Financials,Facilities,-14000
01-03-2025,Summary Financials,Facilities,-14000
01-04-2025,Summary Financials,Facilities,-14000
01-05-2025,Summary Financials,Facilities,-14000
01-06-2025,Summary Financials,Facilities,-14000
01-07-2025,Summary Financials,Facilities,-14000
01-08-2025,Summary Financials,Facilities,-14000
01-09-2025,Summary Financials,Facilities,-14000
01-10-2025,Summary Financials,Facilities,-14000
01-11-2025,Summary Financials,Facilities,-14000
01-12-2025,Summary Financials,Facilities,-28000
01-01-2026,Summary Financials,Facilities,-28000
01-02-2026,Summary Financials,Facilities,-28000
01-03-2026,Summary Financials,Facilities,-28000
01-04-2026,Summary Financials,Facilities,-28000
01-05-2026,Summary Financials,Facilities,-28000
01-06-2026,Summary Financials,Facilities,-28000
01-07-2026,Summary Financials,Facilities,-28000
01-08-2026,Summary Financials,Facilities,-28000
01-09-2026,Summary Financials,Facilities,-28000
01-10-2026,Summary Financials,Facilities,-28000
01-11-2026,Summary Financials,Facilities,-28000
01-12-2026,Summary Financials,Facilities,-28000
01-01-2027,Summary Financials,Facilities,-28000
01-02-2027,Summary Financials,Facilities,-28000
01-03-2027,Summary Financials,Facilities,-28000
01-04-2027,Summary Financials,Facilities,-28000
01-05-2027,Summary Financials,Facilities,-28000
01-06-2027,Summary Financials,Facilities,-28000
01-07-2027,Summary Financials,Facilities,-28000
01-08-2027,Summary Financials,Facilities,-28000
01-09-2027,Summary Financials,Facilities,-28000
01-10-2027,Summary Financials,Facilities,-28000
01-11-2027,Summary Financials,Facilities,-28000
01-12-2027,Summary Financials,Facilities,-28000
01-01-2028,Summary Financials,Facilities,-28000
01-02-2028,Summary Financials,Facilities,-28000
01-03-2028,Summary Financials,Facilities,-28000
01-04-2028,Summary Financials,Facilities,-28000
01-05-2028,Summary Financials,Facilities,-28000
01-06-2028,Summary Financials,Facilities,-28000
01-07-2028,Summary Financials,Facilities,-28000
01-08-2028,Summary Financials,Facilities,-28000
01-09-2028,Summary Financials,Facilities,-28000
01-10-2028,Summary Financials,Facilities,-28000
01-11-2028,Summary Financials,Facilities,-28000
01-12-2028,Summary Financials,Facilities,-28000
01-01-2024,Summary Financials,Miscellaneous,-210.625
01-02-2024,Summary Financials,Miscellaneous,-419.25
01-03-2024,Summary Financials,Miscellaneous,-630.375
01-04-2024,Summary Financials,Miscellaneous,-844
01-05-2024,Summary Financials,Miscellaneous,-1064.5
01-06-2024,Summary Financials,Miscellaneous,-1293.375
01-07-2024,Summary Financials,Miscellaneous,-1533.625
01-08-2024,Summary Financials,Miscellaneous,-1786.625
01-09-2024,Summary Financials,Miscellaneous,-2055.375
01-10-2024,Summary Financials,Miscellaneous,-2341.25
01-11-2024,Summary Financials,Miscellaneous,-2645.75
01-12-2024,Summary Financials,Miscellaneous,-2971.75
01-01-2025,Summary Financials,Miscellaneous,-3297.625
01-02-2025,Summary Financials,Miscellaneous,-3648.125
01-03-2025,Summary Financials,Miscellaneous,-4026.125
01-04-2025,Summary Financials,Miscellaneous,-4436
01-05-2025,Summary Financials,Miscellaneous,-4879.25
01-06-2025,Summary Financials,Miscellaneous,-5358.875
01-07-2025,Summary Financials,Miscellaneous,-5879.25
01-08-2025,Summary Financials,Miscellaneous,-6444.75
01-09-2025,Summary Financials,Miscellaneous,-7058.25
01-10-2025,Summary Financials,Miscellaneous,-7727.125
01-11-2025,Summary Financials,Miscellaneous,-8454.375
01-12-2025,Summary Financials,Miscellaneous,-9242.875
01-01-2026,Summary Financials,Miscellaneous,-10053.375
01-02-2026,Summary Financials,Miscellaneous,-10935.625
01-03-2026,Summary Financials,Miscellaneous,-11897
01-04-2026,Summary Financials,Miscellaneous,-12946.375
01-05-2026,Summary Financials,Miscellaneous,-14088.125
01-06-2026,Summary Financials,Miscellaneous,-15334
01-07-2026,Summary Financials,Miscellaneous,-16692.875
01-08-2026,Summary Financials,Miscellaneous,-18173.75
01-09-2026,Summary Financials,Miscellaneous,-19788.375
01-10-2026,Summary Financials,Miscellaneous,-21548.5
01-11-2026,Summary Financials,Miscellaneous,-23471.75
01-12-2026,Summary Financials,Miscellaneous,-25570.125
01-01-2027,Summary Financials,Miscellaneous,-27858.5
01-02-2027,Summary Financials,Miscellaneous,-30358.875
01-03-2027,Summary Financials,Miscellaneous,-33090.5
01-04-2027,Summary Financials,Miscellaneous,-36071.25
01-05-2027,Summary Financials,Miscellaneous,-39329.125
01-06-2027,Summary Financials,Miscellaneous,-42889.25
01-07-2027,Summary Financials,Miscellaneous,-46779.875
01-08-2027,Summary Financials,Miscellaneous,-51033.5
01-09-2027,Summary Financials,Miscellaneous,-55682.75
01-10-2027,Summary Financials,Miscellaneous,-60763.25
01-11-2027,Summary Financials,Miscellaneous,-66318
01-12-2027,Summary Financials,Miscellaneous,-72392.875
01-01-2028,Summary Financials,Miscellaneous,-79036.875
01-02-2028,Summary Financials,Miscellaneous,-86305
01-03-2028,Summary Financials,Miscellaneous,-94252.25
01-04-2028,Summary Financials,Miscellaneous,-102948.125
01-05-2028,Summary Financials,Miscellaneous,-112462.625
01-06-2028,Summary Financials,Miscellaneous,-122874.5
01-07-2028,Summary Financials,Miscellaneous,-134268.375
01-08-2028,Summary Financials,Miscellaneous,-146740.875
01-09-2028,Summary Financials,Miscellaneous,-160393.125
01-10-2028,Summary Financials,Miscellaneous,-175336.75
01-11-2028,Summary Financials,Miscellaneous,-191696.625
01-12-2028,Summary Financials,Miscellaneous,-209611
01-01-2024,Summary Financials,OPEX,-88421.25
01-02-2024,Summary Financials,OPEX,-90538.5
01-03-2024,Summary Financials,OPEX,-92760.75
01-04-2024,Summary Financials,OPEX,-112086
01-05-2024,Summary Financials,OPEX,-114637
01-06-2024,Summary Financials,OPEX,-117299.75
01-07-2024,Summary Financials,OPEX,-142938.01
01-08-2024,Summary Financials,OPEX,-146017.09
01-09-2024,Summary Financials,OPEX,-149308.17
01-10-2024,Summary Financials,OPEX,-187380.5821
01-11-2024,Summary Financials,OPEX,-191067.8118
01-12-2024,Summary Financials,OPEX,-201152.0511
01-01-2025,Summary Financials,OPEX,-225921.0386
01-02-2025,Summary Financials,OPEX,-230496.1831
01-03-2025,Summary Financials,OPEX,-235370.6796
01-04-2025,Summary Financials,OPEX,-281831.6776
01-05-2025,Summary Financials,OPEX,-287547.7601
01-06-2025,Summary Financials,OPEX,-293568.7268
01-07-2025,Summary Financials,OPEX,-323253.1623
01-08-2025,Summary Financials,OPEX,-348225.349
01-09-2025,Summary Financials,OPEX,-355827.676
01-10-2025,Summary Financials,OPEX,-387437.3654
01-11-2025,Summary Financials,OPEX,-414156.2704
01-12-2025,Summary Financials,OPEX,-444058.2743
01-01-2026,Summary Financials,OPEX,-469576.9638
01-02-2026,Summary Financials,OPEX,-504380.879
01-03-2026,Summary Financials,OPEX,-522096.8714
01-04-2026,Summary Financials,OPEX,-574751.8596
01-05-2026,Summary Financials,OPEX,-588121.4117
01-06-2026,Summary Financials,OPEX,-626759.6055
01-07-2026,Summary Financials,OPEX,-679797.4861
01-08-2026,Summary Financials,OPEX,-703876.466
01-09-2026,Summary Financials,OPEX,-752035.8946
01-10-2026,Summary Financials,OPEX,-807558.4633
01-11-2026,Summary Financials,OPEX,-853883.0553
01-12-2026,Summary Financials,OPEX,-907116.8981
01-01-2027,Summary Financials,OPEX,-964913.969
01-02-2027,Summary Financials,OPEX,-1023016.578
01-03-2027,Summary Financials,OPEX,-1082071.001
01-04-2027,Summary Financials,OPEX,-1169596.709
01-05-2027,Summary Financials,OPEX,-1238426.143
01-06-2027,Summary Financials,OPEX,-1324217.864
01-07-2027,Summary Financials,OPEX,-1422439.761
01-08-2027,Summary Financials,OPEX,-1518250.794
01-09-2027,Summary Financials,OPEX,-1619700.32
01-10-2027,Summary Financials,OPEX,-1747880.026
01-11-2027,Summary Financials,OPEX,-1861721.629
01-12-2027,Summary Financials,OPEX,-1998827.378
01-01-2028,Summary Financials,OPEX,-2140568.504
01-02-2028,Summary Financials,OPEX,-2310331.659
01-03-2028,Summary Financials,OPEX,-2486026.922
01-04-2028,Summary Financials,OPEX,-2669544.46
01-05-2028,Summary Financials,OPEX,-2862660.822
01-06-2028,Summary Financials,OPEX,-3094530.864
01-07-2028,Summary Financials,OPEX,-3332840
01-08-2028,Summary Financials,OPEX,-3596943.783
01-09-2028,Summary Financials,OPEX,-3882864.174
01-10-2028,Summary Financials,OPEX,-4186845.91
01-11-2028,Summary Financials,OPEX,-4538782.827
01-12-2028,Summary Financials,OPEX,-4904532.323
01-01-2024,Summary Financials,Operating Profit,-84882.75
01-02-2024,Summary Financials,Operating Profit,-83495.1
01-03-2024,Summary Financials,Operating Profit,-82170.45
01-04-2024,Summary Financials,Operating Profit,-97906.8
01-05-2024,Summary Financials,Operating Profit,-96753.4
01-06-2024,Summary Financials,Operating Profit,-95571.05
01-07-2024,Summary Financials,Operating Profit,-117173.11
01-08-2024,Summary Financials,Operating Profit,-116001.79
01-09-2024,Summary Financials,Operating Profit,-114777.87
01-10-2024,Summary Financials,Operating Profit,-148047.5821
01-11-2024,Summary Financials,Operating Profit,-146619.2118
01-12-2024,Summary Financials,Operating Profit,-151226.6511
01-01-2025,Summary Financials,Operating Profit,-170191.1761
01-02-2025,Summary Financials,Operating Profit,-168842.8706
01-03-2025,Summary Financials,Operating Profit,-167329.1671
01-04-2025,Summary Financials,Operating Profit,-206863.2776
01-05-2025,Summary Financials,Operating Profit,-205088.4351
01-06-2025,Summary Financials,Operating Profit,-203003.7393
01-07-2025,Summary Financials,Operating Profit,-223893.8373
01-08-2025,Summary Financials,Operating Profit,-239309.074
01-09-2025,Summary Financials,Operating Profit,-236543.251
01-10-2025,Summary Financials,Operating Profit,-256848.9529
01-11-2025,Summary Financials,Operating Profit,-271277.3329
01-12-2025,Summary Financials,Operating Profit,-287853.6868
01-01-2026,Summary Financials,Operating Profit,-298669.5888
01-02-2026,Summary Financials,Operating Profit,-318475.254
01-03-2026,Summary Financials,Operating Profit,-319847.8714
01-04-2026,Summary Financials,Operating Profit,-354663.4846
01-05-2026,Summary Financials,Operating Profit,-348623.2867
01-06-2026,Summary Financials,Operating Profit,-366081.6055
01-07-2026,Summary Financials,Operating Profit,-396018.6111
01-08-2026,Summary Financials,Operating Profit,-394922.716
01-09-2026,Summary Financials,Operating Profit,-415633.5196
01-10-2026,Summary Financials,Operating Profit,-441233.9633
01-11-2026,Summary Financials,Operating Profit,-454863.3053
01-12-2026,Summary Financials,Operating Profit,-472424.7731
01-01-2027,Summary Financials,Operating Profit,-488533.619
01-02-2027,Summary Financials,Operating Profit,-503879.8157
01-03-2027,Summary Financials,Operating Profit,-516223.4511
01-04-2027,Summary Financials,Operating Profit,-552778.3342
01-05-2027,Summary Financials,Operating Profit,-565898.1055
01-06-2027,Summary Financials,Operating Profit,-590811.6893
01-07-2027,Summary Financials,Operating Profit,-622503.8986
01-08-2027,Summary Financials,Operating Profit,-645577.9439
01-09-2027,Summary Financials,Operating Profit,-667525.2955
01-10-2027,Summary Financials,Operating Profit,-708828.4513
01-11-2027,Summary Financials,Operating Profit,-727683.8294
01-12-2027,Summary Financials,Operating Profit,-760909.2155
01-01-2028,Summary Financials,Operating Profit,-781134.2536
01-02-2028,Summary Financials,Operating Profit,-825885.6595
01-03-2028,Summary Financials,Operating Profit,-864888.2225
01-04-2028,Summary Financials,Operating Profit,-898836.7098
01-05-2028,Summary Financials,Operating Profit,-928303.6723
01-06-2028,Summary Financials,Operating Profit,-981089.4643
01-07-2028,Summary Financials,Operating Profit,-1023423.95
01-08-2028,Summary Financials,Operating Profit,-1073000.733
01-09-2028,Summary Financials,Operating Profit,-1124102.424
01-10-2028,Summary Financials,Operating Profit,-1171053.81
01-11-2028,Summary Financials,Operating Profit,-1241600.877
01-12-2028,Summary Financials,Operating Profit,-1299223.123
01-01-2024,Summary Financials,% margin,-20.15020772
01-02-2024,Summary Financials,% margin,-9.957674419
01-03-2024,Summary Financials,% margin,-6.517584771
01-04-2024,Summary Financials,% margin,-5.800165877
01-05-2024,Summary Financials,% margin,-4.544546736
01-06-2024,Summary Financials,% margin,-3.694638059
01-07-2024,Summary Financials,% margin,-3.820135626
01-08-2024,Summary Financials,% margin,-3.246394459
01-09-2024,Summary Financials,% margin,-2.792139391
01-10-2024,Summary Financials,% margin,-3.16172092
01-11-2024,Summary Financials,% margin,-2.770844029
01-12-2024,Summary Financials,% margin,-2.544403989
01-01-2025,Summary Financials,% margin,-2.580511369
01-02-2025,Summary Financials,% margin,-2.314104788
01-03-2025,Summary Financials,% margin,-2.078042374
01-04-2025,Summary Financials,% margin,-2.331641993
01-05-2025,Summary Financials,% margin,-2.101638931
01-06-2025,Summary Financials,% margin,-1.894089144
01-07-2025,Summary Financials,% margin,-1.904102031
01-08-2025,Summary Financials,% margin,-1.856620303
01-09-2025,Summary Financials,% margin,-1.675650841
01-10-2025,Summary Financials,% margin,-1.661995586
01-11-2025,Summary Financials,% margin,-1.604360659
01-12-2025,Summary Financials,% margin,-1.557165313
01-01-2026,Summary Financials,% margin,-1.485419517
01-02-2026,Summary Financials,% margin,-1.456136499
01-03-2026,Summary Financials,% margin,-1.344237503
01-04-2026,Summary Financials,% margin,-1.369740505
01-05-2026,Summary Financials,% margin,-1.237294838
01-06-2026,Summary Financials,% margin,-1.193692466
01-07-2026,Summary Financials,% margin,-1.186190549
01-08-2026,Summary Financials,% margin,-1.086519612
01-09-2026,Summary Financials,% margin,-1.050196187
01-10-2026,Summary Financials,% margin,-1.023815958
01-11-2026,Summary Financials,% margin,-0.968959079
01-12-2026,Summary Financials,% margin,-0.923782682
01-01-2027,Summary Financials,% margin,-0.876812497
01-02-2027,Summary Financials,% margin,-0.829872345
01-03-2027,Summary Financials,% margin,-0.780017605
01-04-2027,Summary Financials,% margin,-0.766231187
01-05-2027,Summary Financials,% margin,-0.719438972
01-06-2027,Summary Financials,% margin,-0.688764305
01-07-2027,Summary Financials,% margin,-0.665354384
01-08-2027,Summary Financials,% margin,-0.632504085
01-09-2027,Summary Financials,% margin,-0.599400439
01-10-2027,Summary Financials,% margin,-0.583270687
01-11-2027,Summary Financials,% margin,-0.548632219
01-12-2027,Summary Financials,% margin,-0.525541509
01-01-2028,Summary Financials,% margin,-0.494158109
01-02-2028,Summary Financials,% margin,-0.478469185
01-03-2028,Summary Financials,% margin,-0.45881569
01-04-2028,Summary Financials,% margin,-0.436548363
01-05-2028,Summary Financials,% margin,-0.412716523
01-06-2028,Summary Financials,% margin,-0.399224194
01-07-2028,Summary Financials,% margin,-0.381111319
01-08-2028,Summary Financials,% margin,-0.365610718
01-09-2028,Summary Financials,% margin,-0.350421012
01-10-2028,Summary Financials,% margin,-0.333944199
01-11-2028,Summary Financials,% margin,-0.323845263
01-12-2028,Summary Financials,% margin,-0.309912916
01-01-2024,Summary Financials,Taxable Income,0
01-02-2024,Summary Financials,Taxable Income,0
01-03-2024,Summary Financials,Taxable Income,0
01-04-2024,Summary Financials,Taxable Income,0
01-05-2024,Summary Financials,Taxable Income,0
01-06-2024,Summary Financials,Taxable Income,0
01-07-2024,Summary Financials,Taxable Income,0
01-08-2024,Summary Financials,Taxable Income,0
01-09-2024,Summary Financials,Taxable Income,0
01-10-2024,Summary Financials,Taxable Income,0
01-11-2024,Summary Financials,Taxable Income,0
01-12-2024,Summary Financials,Taxable Income,0
01-01-2025,Summary Financials,Taxable Income,0
01-02-2025,Summary Financials,Taxable Income,0
01-03-2025,Summary Financials,Taxable Income,0
01-04-2025,Summary Financials,Taxable Income,0
01-05-2025,Summary Financials,Taxable Income,0
01-06-2025,Summary Financials,Taxable Income,0
01-07-2025,Summary Financials,Taxable Income,0
01-08-2025,Summary Financials,Taxable Income,0
01-09-2025,Summary Financials,Taxable Income,0
01-10-2025,Summary Financials,Taxable Income,0
01-11-2025,Summary Financials,Taxable Income,0
01-12-2025,Summary Financials,Taxable Income,0
01-01-2026,Summary Financials,Taxable Income,0
01-02-2026,Summary Financials,Taxable Income,0
01-03-2026,Summary Financials,Taxable Income,0
01-04-2026,Summary Financials,Taxable Income,0
01-05-2026,Summary Financials,Taxable Income,0
01-06-2026,Summary Financials,Taxable Income,0
01-07-2026,Summary Financials,Taxable Income,0
01-08-2026,Summary Financials,Taxable Income,0
01-09-2026,Summary Financials,Taxable Income,0
01-10-2026,Summary Financials,Taxable Income,0
01-11-2026,Summary Financials,Taxable Income,0
01-12-2026,Summary Financials,Taxable Income,0
01-01-2027,Summary Financials,Taxable Income,0
01-02-2027,Summary Financials,Taxable Income,0
01-03-2027,Summary Financials,Taxable Income,0
01-04-2027,Summary Financials,Taxable Income,0
01-05-2027,Summary Financials,Taxable Income,0
01-06-2027,Summary Financials,Taxable Income,0
01-07-2027,Summary Financials,Taxable Income,0
01-08-2027,Summary Financials,Taxable Income,0
01-09-2027,Summary Financials,Taxable Income,0
01-10-2027,Summary Financials,Taxable Income,0
01-11-2027,Summary Financials,Taxable Income,0
01-12-2027,Summary Financials,Taxable Income,0
01-01-2028,Summary Financials,Taxable Income,0
01-02-2028,Summary Financials,Taxable Income,0
01-03-2028,Summary Financials,Taxable Income,0
01-04-2028,Summary Financials,Taxable Income,0
01-05-2028,Summary Financials,Taxable Income,0
01-06-2028,Summary Financials,Taxable Income,0
01-07-2028,Summary Financials,Taxable Income,0
01-08-2028,Summary Financials,Taxable Income,0
01-09-2028,Summary Financials,Taxable Income,0
01-10-2028,Summary Financials,Taxable Income,0
01-11-2028,Summary Financials,Taxable Income,0
01-12-2028,Summary Financials,Taxable Income,0
01-01-2024,Summary Financials,Taxes (%),0.21
01-02-2024,Summary Financials,Taxes (%),0.21
01-03-2024,Summary Financials,Taxes (%),0.21
01-04-2024,Summary Financials,Taxes (%),0.21
01-05-2024,Summary Financials,Taxes (%),0.21
01-06-2024,Summary Financials,Taxes (%),0.21
01-07-2024,Summary Financials,Taxes (%),0.21
01-08-2024,Summary Financials,Taxes (%),0.21
01-09-2024,Summary Financials,Taxes (%),0.21
01-10-2024,Summary Financials,Taxes (%),0.21
01-11-2024,Summary Financials,Taxes (%),0.21
01-12-2024,Summary Financials,Taxes (%),0.21
01-01-2025,Summary Financials,Taxes (%),0.21
01-02-2025,Summary Financials,Taxes (%),0.21
01-03-2025,Summary Financials,Taxes (%),0.21
01-04-2025,Summary Financials,Taxes (%),0.21
01-05-2025,Summary Financials,Taxes (%),0.21
01-06-2025,Summary Financials,Taxes (%),0.21
01-07-2025,Summary Financials,Taxes (%),0.21
01-08-2025,Summary Financials,Taxes (%),0.21
01-09-2025,Summary Financials,Taxes (%),0.21
01-10-2025,Summary Financials,Taxes (%),0.21
01-11-2025,Summary Financials,Taxes (%),0.21
01-12-2025,Summary Financials,Taxes (%),0.21
01-01-2026,Summary Financials,Taxes (%),0.21
01-02-2026,Summary Financials,Taxes (%),0.21
01-03-2026,Summary Financials,Taxes (%),0.21
01-04-2026,Summary Financials,Taxes (%),0.21
01-05-2026,Summary Financials,Taxes (%),0.21
01-06-2026,Summary Financials,Taxes (%),0.21
01-07-2026,Summary Financials,Taxes (%),0.21
01-08-2026,Summary Financials,Taxes (%),0.21
01-09-2026,Summary Financials,Taxes (%),0.21
01-10-2026,Summary Financials,Taxes (%),0.21
01-11-2026,Summary Financials,Taxes (%),0.21
01-12-2026,Summary Financials,Taxes (%),0.21
01-01-2027,Summary Financials,Taxes (%),0.21
01-02-2027,Summary Financials,Taxes (%),0.21
01-03-2027,Summary Financials,Taxes (%),0.21
01-04-2027,Summary Financials,Taxes (%),0.21
01-05-2027,Summary Financials,Taxes (%),0.21
01-06-2027,Summary Financials,Taxes (%),0.21
01-07-2027,Summary Financials,Taxes (%),0.21
01-08-2027,Summary Financials,Taxes (%),0.21
01-09-2027,Summary Financials,Taxes (%),0.21
01-10-2027,Summary Financials,Taxes (%),0.21
01-11-2027,Summary Financials,Taxes (%),0.21
01-12-2027,Summary Financials,Taxes (%),0.21
01-01-2028,Summary Financials,Taxes (%),0.21
01-02-2028,Summary Financials,Taxes (%),0.21
01-03-2028,Summary Financials,Taxes (%),0.21
01-04-2028,Summary Financials,Taxes (%),0.21
01-05-2028,Summary Financials,Taxes (%),0.21
01-06-2028,Summary Financials,Taxes (%),0.21
01-07-2028,Summary Financials,Taxes (%),0.21
01-08-2028,Summary Financials,Taxes (%),0.21
01-09-2028,Summary Financials,Taxes (%),0.21
01-10-2028,Summary Financials,Taxes (%),0.21
01-11-2028,Summary Financials,Taxes (%),0.21
01-12-2028,Summary Financials,Taxes (%),0.21
01-01-2024,Summary Financials,Tax Expense,0
01-02-2024,Summary Financials,Tax Expense,0
01-03-2024,Summary Financials,Tax Expense,0
01-04-2024,Summary Financials,Tax Expense,0
01-05-2024,Summary Financials,Tax Expense,0
01-06-2024,Summary Financials,Tax Expense,0
01-07-2024,Summary Financials,Tax Expense,0
01-08-2024,Summary Financials,Tax Expense,0
01-09-2024,Summary Financials,Tax Expense,0
01-10-2024,Summary Financials,Tax Expense,0
01-11-2024,Summary Financials,Tax Expense,0
01-12-2024,Summary Financials,Tax Expense,0
01-01-2025,Summary Financials,Tax Expense,0
01-02-2025,Summary Financials,Tax Expense,0
01-03-2025,Summary Financials,Tax Expense,0
01-04-2025,Summary Financials,Tax Expense,0
01-05-2025,Summary Financials,Tax Expense,0
01-06-2025,Summary Financials,Tax Expense,0
01-07-2025,Summary Financials,Tax Expense,0
01-08-2025,Summary Financials,Tax Expense,0
01-09-2025,Summary Financials,Tax Expense,0
01-10-2025,Summary Financials,Tax Expense,0
01-11-2025,Summary Financials,Tax Expense,0
01-12-2025,Summary Financials,Tax Expense,0
01-01-2026,Summary Financials,Tax Expense,0
01-02-2026,Summary Financials,Tax Expense,0
01-03-2026,Summary Financials,Tax Expense,0
01-04-2026,Summary Financials,Tax Expense,0
01-05-2026,Summary Financials,Tax Expense,0
01-06-2026,Summary Financials,Tax Expense,0
01-07-2026,Summary Financials,Tax Expense,0
01-08-2026,Summary Financials,Tax Expense,0
01-09-2026,Summary Financials,Tax Expense,0
01-10-2026,Summary Financials,Tax Expense,0
01-11-2026,Summary Financials,Tax Expense,0
01-12-2026,Summary Financials,Tax Expense,0
01-01-2027,Summary Financials,Tax Expense,0
01-02-2027,Summary Financials,Tax Expense,0
01-03-2027,Summary Financials,Tax Expense,0
01-04-2027,Summary Financials,Tax Expense,0
01-05-2027,Summary Financials,Tax Expense,0
01-06-2027,Summary Financials,Tax Expense,0
01-07-2027,Summary Financials,Tax Expense,0
01-08-2027,Summary Financials,Tax Expense,0
01-09-2027,Summary Financials,Tax Expense,0
01-10-2027,Summary Financials,Tax Expense,0
01-11-2027,Summary Financials,Tax Expense,0
01-12-2027,Summary Financials,Tax Expense,0
01-01-2028,Summary Financials,Tax Expense,0
01-02-2028,Summary Financials,Tax Expense,0
01-03-2028,Summary Financials,Tax Expense,0
01-04-2028,Summary Financials,Tax Expense,0
01-05-2028,Summary Financials,Tax Expense,0
01-06-2028,Summary Financials,Tax Expense,0
01-07-2028,Summary Financials,Tax Expense,0
01-08-2028,Summary Financials,Tax Expense,0
01-09-2028,Summary Financials,Tax Expense,0
01-10-2028,Summary Financials,Tax Expense,0
01-11-2028,Summary Financials,Tax Expense,0
01-12-2028,Summary Financials,Tax Expense,0
01-01-2024,Summary Financials,Net Income,-84882.75
01-02-2024,Summary Financials,Net Income,-83495.1
01-03-2024,Summary Financials,Net Income,-82170.45
01-04-2024,Summary Financials,Net Income,-97906.8
01-05-2024,Summary Financials,Net Income,-96753.4
01-06-2024,Summary Financials,Net Income,-95571.05
01-07-2024,Summary Financials,Net Income,-117173.11
01-08-2024,Summary Financials,Net Income,-116001.79
01-09-2024,Summary Financials,Net Income,-114777.87
01-10-2024,Summary Financials,Net Income,-148047.5821
01-11-2024,Summary Financials,Net Income,-146619.2118
01-12-2024,Summary Financials,Net Income,-151226.6511
01-01-2025,Summary Financials,Net Income,-170191.1761
01-02-2025,Summary Financials,Net Income,-168842.8706
01-03-2025,Summary Financials,Net Income,-167329.1671
01-04-2025,Summary Financials,Net Income,-206863.2776
01-05-2025,Summary Financials,Net Income,-205088.4351
01-06-2025,Summary Financials,Net Income,-203003.7393
01-07-2025,Summary Financials,Net Income,-223893.8373
01-08-2025,Summary Financials,Net Income,-239309.074
01-09-2025,Summary Financials,Net Income,-236543.251
01-10-2025,Summary Financials,Net Income,-256848.9529
01-11-2025,Summary Financials,Net Income,-271277.3329
01-12-2025,Summary Financials,Net Income,-287853.6868
01-01-2026,Summary Financials,Net Income,-298669.5888
01-02-2026,Summary Financials,Net Income,-318475.254
01-03-2026,Summary Financials,Net Income,-319847.8714
01-04-2026,Summary Financials,Net Income,-354663.4846
01-05-2026,Summary Financials,Net Income,-348623.2867
01-06-2026,Summary Financials,Net Income,-366081.6055
01-07-2026,Summary Financials,Net Income,-396018.6111
01-08-2026,Summary Financials,Net Income,-394922.716
01-09-2026,Summary Financials,Net Income,-415633.5196
01-10-2026,Summary Financials,Net Income,-441233.9633
01-11-2026,Summary Financials,Net Income,-454863.3053
01-12-2026,Summary Financials,Net Income,-472424.7731
01-01-2027,Summary Financials,Net Income,-488533.619
01-02-2027,Summary Financials,Net Income,-503879.8157
01-03-2027,Summary Financials,Net Income,-516223.4511
01-04-2027,Summary Financials,Net Income,-552778.3342
01-05-2027,Summary Financials,Net Income,-565898.1055
01-06-2027,Summary Financials,Net Income,-590811.6893
01-07-2027,Summary Financials,Net Income,-622503.8986
01-08-2027,Summary Financials,Net Income,-645577.9439
01-09-2027,Summary Financials,Net Income,-667525.2955
01-10-2027,Summary Financials,Net Income,-708828.4513
01-11-2027,Summary Financials,Net Income,-727683.8294
01-12-2027,Summary Financials,Net Income,-760909.2155
01-01-2028,Summary Financials,Net Income,-781134.2536
01-02-2028,Summary Financials,Net Income,-825885.6595
01-03-2028,Summary Financials,Net Income,-864888.2225
01-04-2028,Summary Financials,Net Income,-898836.7098
01-05-2028,Summary Financials,Net Income,-928303.6723
01-06-2028,Summary Financials,Net Income,-981089.4643
01-07-2028,Summary Financials,Net Income,-1023423.95
01-08-2028,Summary Financials,Net Income,-1073000.733
01-09-2028,Summary Financials,Net Income,-1124102.424
01-10-2028,Summary Financials,Net Income,-1171053.81
01-11-2028,Summary Financials,Net Income,-1241600.877
01-12-2028,Summary Financials,Net Income,-1299223.123
01-01-2024,Summary Financials,Cash & Cash Equivalents,937624.1667
01-02-2024,Summary Financials,Cash & Cash Equivalents,876277.75
01-03-2024,Summary Financials,Cash & Cash Equivalents,815913.15
01-04-2024,Summary Financials,Cash & Cash Equivalents,738346.5667
01-05-2024,Summary Financials,Cash & Cash Equivalents,662543.1667
01-06-2024,Summary Financials,Cash & Cash Equivalents,587677.95
01-07-2024,Summary Financials,Cash & Cash Equivalents,489068.6567
01-08-2024,Summary Financials,Cash & Cash Equivalents,393067.4333
01-09-2024,Summary Financials,Cash & Cash Equivalents,298086.23
01-10-2024,Summary Financials,Cash & Cash Equivalents,166994.4312
01-11-2024,Summary Financials,Cash & Cash Equivalents,21438652.94
01-12-2024,Summary Financials,Cash & Cash Equivalents,21306612.23
01-01-2025,Summary Financials,Cash & Cash Equivalents,21163279.3
01-02-2025,Summary Financials,Cash & Cash Equivalents,21025978.8
01-03-2025,Summary Financials,Cash & Cash Equivalents,20891486.33
01-04-2025,Summary Financials,Cash & Cash Equivalents,20713614.3
01-05-2025,Summary Financials,Cash & Cash Equivalents,20543903.27
01-06-2025,Summary Financials,Cash & Cash Equivalents,20377649.83
01-07-2025,Summary Financials,Cash & Cash Equivalents,20184974.76
01-08-2025,Summary Financials,Cash & Cash Equivalents,19985237.68
01-09-2025,Summary Financials,Cash & Cash Equivalents,19790248.43
01-10-2025,Summary Financials,Cash & Cash Equivalents,19568117.85
01-11-2025,Summary Financials,Cash & Cash Equivalents,19342100.15
01-12-2025,Summary Financials,Cash & Cash Equivalents,19101908.43
01-01-2026,Summary Financials,Cash & Cash Equivalents,18841685.02
01-02-2026,Summary Financials,Cash & Cash Equivalents,18576423.03
01-03-2026,Summary Financials,Cash & Cash Equivalents,18313846.28
01-04-2026,Summary Financials,Cash & Cash Equivalents,18005358.23
01-05-2026,Summary Financials,Cash & Cash Equivalents,17721788.31
01-06-2026,Summary Financials,Cash & Cash Equivalents,17425699.64
01-07-2026,Summary Financials,Cash & Cash Equivalents,17084843.54
01-08-2026,Summary Financials,Cash & Cash Equivalents,16768802.37
01-09-2026,Summary Financials,Cash & Cash Equivalents,16437940.07
01-10-2026,Summary Financials,Cash & Cash Equivalents,16062355.23
01-11-2026,Summary Financials,Cash & Cash Equivalents,15703954.59
01-12-2026,Summary Financials,Cash & Cash Equivalents,15335153.48
01-01-2027,Summary Financials,Cash & Cash Equivalents,14924412.49
01-02-2027,Summary Financials,Cash & Cash Equivalents,14537446.9
01-03-2027,Summary Financials,Cash & Cash Equivalents,14147219.33
01-04-2027,Summary Financials,Cash & Cash Equivalents,13686501.26
01-05-2027,Summary Financials,Cash & Cash Equivalents,13262673.92
01-06-2027,Summary Financials,Cash & Cash Equivalents,12825038.1
01-07-2027,Summary Financials,Cash & Cash Equivalents,12311135.85
01-08-2027,Summary Financials,Cash & Cash Equivalents,11837811.36
01-09-2027,Summary Financials,Cash & Cash Equivalents,11355662.76
01-10-2027,Summary Financials,Cash & Cash Equivalents,10773637.61
01-11-2027,Summary Financials,Cash & Cash Equivalents,10254540.65
01-12-2027,Summary Financials,Cash & Cash Equivalents,9718212.698
01-01-2028,Summary Financials,Cash & Cash Equivalents,9083760.828
01-02-2028,Summary Financials,Cash & Cash Equivalents,8509185.585
01-03-2028,Summary Financials,Cash & Cash Equivalents,7914418.529
01-04-2028,Summary Financials,Cash & Cash Equivalents,7182925.819
01-05-2028,Summary Financials,Cash & Cash Equivalents,6556361.247
01-06-2028,Summary Financials,Cash & Cash Equivalents,5899963.783
01-07-2028,Summary Financials,Cash & Cash Equivalents,5064574.55
01-08-2028,Summary Financials,Cash & Cash Equivalents,4352297.317
01-09-2028,Summary Financials,Cash & Cash Equivalents,3615946.493
01-10-2028,Summary Financials,Cash & Cash Equivalents,2651260.3
01-11-2028,Summary Financials,Cash & Cash Equivalents,1838306.957
01-12-2028,Summary Financials,Cash & Cash Equivalents,1000000
01-01-2024,Summary Financials,Accounts Receivable,702.0833333
01-02-2024,Summary Financials,Accounts Receivable,1397.5
01-03-2024,Summary Financials,Accounts Receivable,2101.25
01-04-2024,Summary Financials,Accounts Receivable,2813.333333
01-05-2024,Summary Financials,Accounts Receivable,3548.333333
01-06-2024,Summary Financials,Accounts Receivable,4311.25
01-07-2024,Summary Financials,Accounts Receivable,5112.083333
01-08-2024,Summary Financials,Accounts Receivable,5955.416667
01-09-2024,Summary Financials,Accounts Receivable,6851.25
01-10-2024,Summary Financials,Accounts Receivable,7804.166667
01-11-2024,Summary Financials,Accounts Receivable,8819.166667
01-12-2024,Summary Financials,Accounts Receivable,9905.833333
01-01-2025,Summary Financials,Accounts Receivable,10992.08333
01-02-2025,Summary Financials,Accounts Receivable,12160.41667
01-03-2025,Summary Financials,Accounts Receivable,13420.41667
01-04-2025,Summary Financials,Accounts Receivable,14786.66667
01-05-2025,Summary Financials,Accounts Receivable,16264.16667
01-06-2025,Summary Financials,Accounts Receivable,17862.91667
01-07-2025,Summary Financials,Accounts Receivable,19597.5
01-08-2025,Summary Financials,Accounts Receivable,21482.5
01-09-2025,Summary Financials,Accounts Receivable,23527.5
01-10-2025,Summary Financials,Accounts Receivable,25757.08333
01-11-2025,Summary Financials,Accounts Receivable,28181.25
01-12-2025,Summary Financials,Accounts Receivable,30809.58333
01-01-2026,Summary Financials,Accounts Receivable,33511.25
01-02-2026,Summary Financials,Accounts Receivable,36452.08333
01-03-2026,Summary Financials,Accounts Receivable,39656.66667
01-04-2026,Summary Financials,Accounts Receivable,43154.58333
01-05-2026,Summary Financials,Accounts Receivable,46960.41667
01-06-2026,Summary Financials,Accounts Receivable,51113.33333
01-07-2026,Summary Financials,Accounts Receivable,55642.91667
01-08-2026,Summary Financials,Accounts Receivable,60579.16667
01-09-2026,Summary Financials,Accounts Receivable,65961.25
01-10-2026,Summary Financials,Accounts Receivable,71828.33333
01-11-2026,Summary Financials,Accounts Receivable,78239.16667
01-12-2026,Summary Financials,Accounts Receivable,85233.75
01-01-2027,Summary Financials,Accounts Receivable,92861.66667
01-02-2027,Summary Financials,Accounts Receivable,101196.25
01-03-2027,Summary Financials,Accounts Receivable,110301.6667
01-04-2027,Summary Financials,Accounts Receivable,120237.5
01-05-2027,Summary Financials,Accounts Receivable,131097.0833
01-06-2027,Summary Financials,Accounts Receivable,142964.1667
01-07-2027,Summary Financials,Accounts Receivable,155932.9167
01-08-2027,Summary Financials,Accounts Receivable,170111.6667
01-09-2027,Summary Financials,Accounts Receivable,185609.1667
01-10-2027,Summary Financials,Accounts Receivable,202544.1667
01-11-2027,Summary Financials,Accounts Receivable,221060
01-12-2027,Summary Financials,Accounts Receivable,241309.5833
01-01-2028,Summary Financials,Accounts Receivable,263456.25
01-02-2028,Summary Financials,Accounts Receivable,287683.3333
01-03-2028,Summary Financials,Accounts Receivable,314174.1667
01-04-2028,Summary Financials,Accounts Receivable,343160.4167
01-05-2028,Summary Financials,Accounts Receivable,374875.4167
01-06-2028,Summary Financials,Accounts Receivable,409581.6667
01-07-2028,Summary Financials,Accounts Receivable,447561.25
01-08-2028,Summary Financials,Accounts Receivable,489136.25
01-09-2028,Summary Financials,Accounts Receivable,534643.75
01-10-2028,Summary Financials,Accounts Receivable,584455.8333
01-11-2028,Summary Financials,Accounts Receivable,638988.75
01-12-2028,Summary Financials,Accounts Receivable,698703.3333
01-01-2024,Summary Financials,Total Assets,938326.25
01-02-2024,Summary Financials,Total Assets,877675.25
01-03-2024,Summary Financials,Total Assets,818014.4
01-04-2024,Summary Financials,Total Assets,741159.9
01-05-2024,Summary Financials,Total Assets,666091.5
01-06-2024,Summary Financials,Total Assets,591989.2
01-07-2024,Summary Financials,Total Assets,494180.74
01-08-2024,Summary Financials,Total Assets,399022.85
01-09-2024,Summary Financials,Total Assets,304937.48
01-10-2024,Summary Financials,Total Assets,174798.5979
01-11-2024,Summary Financials,Total Assets,21447472.11
01-12-2024,Summary Financials,Total Assets,21316518.06
01-01-2025,Summary Financials,Total Assets,21174271.38
01-02-2025,Summary Financials,Total Assets,21038139.21
01-03-2025,Summary Financials,Total Assets,20904906.75
01-04-2025,Summary Financials,Total Assets,20728400.97
01-05-2025,Summary Financials,Total Assets,20560167.43
01-06-2025,Summary Financials,Total Assets,20395512.74
01-07-2025,Summary Financials,Total Assets,20204572.26
01-08-2025,Summary Financials,Total Assets,20006720.18
01-09-2025,Summary Financials,Total Assets,19813775.93
01-10-2025,Summary Financials,Total Assets,19593874.93
01-11-2025,Summary Financials,Total Assets,19370281.4
01-12-2025,Summary Financials,Total Assets,19132718.01
01-01-2026,Summary Financials,Total Assets,18875196.27
01-02-2026,Summary Financials,Total Assets,18612875.12
01-03-2026,Summary Financials,Total Assets,18353502.95
01-04-2026,Summary Financials,Total Assets,18048512.81
01-05-2026,Summary Financials,Total Assets,17768748.72
01-06-2026,Summary Financials,Total Assets,17476812.97
01-07-2026,Summary Financials,Total Assets,17140486.46
01-08-2026,Summary Financials,Total Assets,16829381.54
01-09-2026,Summary Financials,Total Assets,16503901.32
01-10-2026,Summary Financials,Total Assets,16134183.56
01-11-2026,Summary Financials,Total Assets,15782193.75
01-12-2026,Summary Financials,Total Assets,15420387.23
01-01-2027,Summary Financials,Total Assets,15017274.16
01-02-2027,Summary Financials,Total Assets,14638643.15
01-03-2027,Summary Financials,Total Assets,14257520.99
01-04-2027,Summary Financials,Total Assets,13806738.76
01-05-2027,Summary Financials,Total Assets,13393771
01-06-2027,Summary Financials,Total Assets,12968002.27
01-07-2027,Summary Financials,Total Assets,12467068.77
01-08-2027,Summary Financials,Total Assets,12007923.02
01-09-2027,Summary Financials,Total Assets,11541271.93
01-10-2027,Summary Financials,Total Assets,10976181.78
01-11-2027,Summary Financials,Total Assets,10475600.65
01-12-2027,Summary Financials,Total Assets,9959522.282
01-01-2028,Summary Financials,Total Assets,9347217.078
01-02-2028,Summary Financials,Total Assets,8796868.918
01-03-2028,Summary Financials,Total Assets,8228592.696
01-04-2028,Summary Financials,Total Assets,7526086.236
01-05-2028,Summary Financials,Total Assets,6931236.664
01-06-2028,Summary Financials,Total Assets,6309545.45
01-07-2028,Summary Financials,Total Assets,5512135.8
01-08-2028,Summary Financials,Total Assets,4841433.567
01-09-2028,Summary Financials,Total Assets,4150590.243
01-10-2028,Summary Financials,Total Assets,3235716.134
01-11-2028,Summary Financials,Total Assets,2477295.707
01-12-2028,Summary Financials,Total Assets,1698703.333
01-01-2024,Summary Financials,Accounts Payable,2527.5
01-02-2024,Summary Financials,Accounts Payable,5031
01-03-2024,Summary Financials,Accounts Payable,7564.5
01-04-2024,Summary Financials,Accounts Payable,10128
01-05-2024,Summary Financials,Accounts Payable,12774
01-06-2024,Summary Financials,Accounts Payable,15520.5
01-07-2024,Summary Financials,Accounts Payable,18403.5
01-08-2024,Summary Financials,Accounts Payable,21439.5
01-09-2024,Summary Financials,Accounts Payable,24664.5
01-10-2024,Summary Financials,Accounts Payable,28095
01-11-2024,Summary Financials,Accounts Payable,31749
01-12-2024,Summary Financials,Accounts Payable,35661
01-01-2025,Summary Financials,Accounts Payable,39571.5
01-02-2025,Summary Financials,Accounts Payable,43777.5
01-03-2025,Summary Financials,Accounts Payable,48313.5
01-04-2025,Summary Financials,Accounts Payable,53232
01-05-2025,Summary Financials,Accounts Payable,58551
01-06-2025,Summary Financials,Accounts Payable,64306.5
01-07-2025,Summary Financials,Accounts Payable,70551
01-08-2025,Summary Financials,Accounts Payable,77337
01-09-2025,Summary Financials,Accounts Payable,84699
01-10-2025,Summary Financials,Accounts Payable,92725.5
01-11-2025,Summary Financials,Accounts Payable,101452.5
01-12-2025,Summary Financials,Accounts Payable,110914.5
01-01-2026,Summary Financials,Accounts Payable,120640.5
01-02-2026,Summary Financials,Accounts Payable,131227.5
01-03-2026,Summary Financials,Accounts Payable,142764
01-04-2026,Summary Financials,Accounts Payable,155356.5
01-05-2026,Summary Financials,Accounts Payable,169057.5
01-06-2026,Summary Financials,Accounts Payable,184008
01-07-2026,Summary Financials,Accounts Payable,200314.5
01-08-2026,Summary Financials,Accounts Payable,218085
01-09-2026,Summary Financials,Accounts Payable,237460.5
01-10-2026,Summary Financials,Accounts Payable,258582
01-11-2026,Summary Financials,Accounts Payable,281661
01-12-2026,Summary Financials,Accounts Payable,306841.5
01-01-2027,Summary Financials,Accounts Payable,334302
01-02-2027,Summary Financials,Accounts Payable,364306.5
01-03-2027,Summary Financials,Accounts Payable,397086
01-04-2027,Summary Financials,Accounts Payable,432855
01-05-2027,Summary Financials,Accounts Payable,471949.5
01-06-2027,Summary Financials,Accounts Payable,514671
01-07-2027,Summary Financials,Accounts Payable,561358.5
01-08-2027,Summary Financials,Accounts Payable,612402
01-09-2027,Summary Financials,Accounts Payable,668193
01-10-2027,Summary Financials,Accounts Payable,729159
01-11-2027,Summary Financials,Accounts Payable,795816
01-12-2027,Summary Financials,Accounts Payable,868714.5
01-01-2028,Summary Financials,Accounts Payable,948442.5
01-02-2028,Summary Financials,Accounts Payable,1035660
01-03-2028,Summary Financials,Accounts Payable,1131027
01-04-2028,Summary Financials,Accounts Payable,1235377.5
01-05-2028,Summary Financials,Accounts Payable,1349551.5
01-06-2028,Summary Financials,Accounts Payable,1474494
01-07-2028,Summary Financials,Accounts Payable,1611220.5
01-08-2028,Summary Financials,Accounts Payable,1760890.5
01-09-2028,Summary Financials,Accounts Payable,1924717.5
01-10-2028,Summary Financials,Accounts Payable,2104041
01-11-2028,Summary Financials,Accounts Payable,2300359.5
01-12-2028,Summary Financials,Accounts Payable,2515332
01-01-2024,Summary Financials,Other Current Liabilities,4044
01-02-2024,Summary Financials,Other Current Liabilities,8049.6
01-03-2024,Summary Financials,Other Current Liabilities,12103.2
01-04-2024,Summary Financials,Other Current Liabilities,15192
01-05-2024,Summary Financials,Other Current Liabilities,19161
01-06-2024,Summary Financials,Other Current Liabilities,23280.75
01-07-2024,Summary Financials,Other Current Liabilities,25764.9
01-08-2024,Summary Financials,Other Current Liabilities,30015.3
01-09-2024,Summary Financials,Other Current Liabilities,34530.3
01-10-2024,Summary Financials,Other Current Liabilities,36523.5
01-11-2024,Summary Financials,Other Current Liabilities,41273.7
01-12-2024,Summary Financials,Other Current Liabilities,46359.3
01-01-2025,Summary Financials,Other Current Liabilities,47485.8
01-02-2025,Summary Financials,Other Current Liabilities,52533
01-03-2025,Summary Financials,Other Current Liabilities,57976.2
01-04-2025,Summary Financials,Other Current Liabilities,58555.2
01-05-2025,Summary Financials,Other Current Liabilities,64406.1
01-06-2025,Summary Financials,Other Current Liabilities,70737.15
01-07-2025,Summary Financials,Other Current Liabilities,70551
01-08-2025,Summary Financials,Other Current Liabilities,77337
01-09-2025,Summary Financials,Other Current Liabilities,84699
01-10-2025,Summary Financials,Other Current Liabilities,83452.95
01-11-2025,Summary Financials,Other Current Liabilities,91307.25
01-12-2025,Summary Financials,Other Current Liabilities,99823.05
01-01-2026,Summary Financials,Other Current Liabilities,96512.4
01-02-2026,Summary Financials,Other Current Liabilities,104982
01-03-2026,Summary Financials,Other Current Liabilities,114211.2
01-04-2026,Summary Financials,Other Current Liabilities,108749.55
01-05-2026,Summary Financials,Other Current Liabilities,118340.25
01-06-2026,Summary Financials,Other Current Liabilities,128805.6
01-07-2026,Summary Financials,Other Current Liabilities,120188.7
01-08-2026,Summary Financials,Other Current Liabilities,130851
01-09-2026,Summary Financials,Other Current Liabilities,142476.3
01-10-2026,Summary Financials,Other Current Liabilities,129291
01-11-2026,Summary Financials,Other Current Liabilities,140830.5
01-12-2026,Summary Financials,Other Current Liabilities,153420.75
01-01-2027,Summary Financials,Other Current Liabilities,133720.8
01-02-2027,Summary Financials,Other Current Liabilities,145722.6
01-03-2027,Summary Financials,Other Current Liabilities,158834.4
01-04-2027,Summary Financials,Other Current Liabilities,129856.5
01-05-2027,Summary Financials,Other Current Liabilities,141584.85
01-06-2027,Summary Financials,Other Current Liabilities,154401.3
01-07-2027,Summary Financials,Other Current Liabilities,112271.7
01-08-2027,Summary Financials,Other Current Liabilities,122480.4
01-09-2027,Summary Financials,Other Current Liabilities,133638.6
01-10-2027,Summary Financials,Other Current Liabilities,72915.9
01-11-2027,Summary Financials,Other Current Liabilities,79581.6
01-12-2027,Summary Financials,Other Current Liabilities,86871.45
01-01-2028,Summary Financials,Other Current Liabilities,0
01-02-2028,Summary Financials,Other Current Liabilities,0
01-03-2028,Summary Financials,Other Current Liabilities,0
01-04-2028,Summary Financials,Other Current Liabilities,-123537.75
01-05-2028,Summary Financials,Other Current Liabilities,-134955.15
01-06-2028,Summary Financials,Other Current Liabilities,-147449.4
01-07-2028,Summary Financials,Other Current Liabilities,-322244.1
01-08-2028,Summary Financials,Other Current Liabilities,-352178.1
01-09-2028,Summary Financials,Other Current Liabilities,-384943.5
01-10-2028,Summary Financials,Other Current Liabilities,-631212.3
01-11-2028,Summary Financials,Other Current Liabilities,-690107.85
01-12-2028,Summary Financials,Other Current Liabilities,-754599.6
01-01-2024,Summary Financials,Deferred Revenue,16637.5
01-02-2024,Summary Financials,Deferred Revenue,32972.5
01-03-2024,Summary Financials,Deferred Revenue,48895
01-04-2024,Summary Financials,Deferred Revenue,64295
01-05-2024,Summary Financials,Deferred Revenue,79365
01-06-2024,Summary Financials,Deferred Revenue,93967.5
01-07-2024,Summary Financials,Deferred Revenue,107965
01-08-2024,Summary Financials,Deferred Revenue,121522.5
01-09-2024,Summary Financials,Deferred Revenue,134475
01-10-2024,Summary Financials,Deferred Revenue,146960
01-11-2024,Summary Financials,Deferred Revenue,158785
01-12-2024,Summary Financials,Deferred Revenue,170060
01-01-2025,Summary Financials,Deferred Revenue,192967.5
01-02-2025,Summary Financials,Deferred Revenue,216425
01-03-2025,Summary Financials,Deferred Revenue,240542.5
01-04-2025,Summary Financials,Deferred Revenue,265402.5
01-05-2025,Summary Financials,Deferred Revenue,291087.5
01-06-2025,Summary Financials,Deferred Revenue,317350
01-07-2025,Summary Financials,Deferred Revenue,344245
01-08-2025,Summary Financials,Deferred Revenue,372130
01-09-2025,Summary Financials,Deferred Revenue,401005
01-10-2025,Summary Financials,Deferred Revenue,431172.5
01-11-2025,Summary Financials,Deferred Revenue,462275
01-12-2025,Summary Financials,Deferred Revenue,494587.5
01-01-2026,Summary Financials,Deferred Revenue,529320
01-02-2026,Summary Financials,Deferred Revenue,566417.5
01-03-2026,Summary Financials,Deferred Revenue,606127.5
01-04-2026,Summary Financials,Deferred Revenue,648670
01-05-2026,Summary Financials,Deferred Revenue,694237.5
01-06-2026,Summary Financials,Deferred Revenue,742967.5
01-07-2026,Summary Financials,Deferred Revenue,794970
01-08-2026,Summary Financials,Deferred Revenue,850355
01-09-2026,Summary Financials,Deferred Revenue,909507.5
01-10-2026,Summary Financials,Deferred Revenue,973087.5
01-11-2026,Summary Financials,Deferred Revenue,1041342.5
01-12-2026,Summary Financials,Deferred Revenue,1114190
01-01-2027,Summary Financials,Deferred Revenue,1191850
01-02-2027,Summary Financials,Deferred Revenue,1275092.5
01-03-2027,Summary Financials,Deferred Revenue,1364302.5
01-04-2027,Summary Financials,Deferred Revenue,1459507.5
01-05-2027,Summary Financials,Deferred Revenue,1561615
01-06-2027,Summary Financials,Deferred Revenue,1671120
01-07-2027,Summary Financials,Deferred Revenue,1788132.5
01-08-2027,Summary Financials,Deferred Revenue,1913312.5
01-09-2027,Summary Financials,Deferred Revenue,2047237.5
01-10-2027,Summary Financials,Deferred Revenue,2190732.5
01-11-2027,Summary Financials,Deferred Revenue,2344512.5
01-12-2027,Summary Financials,Deferred Revenue,2509155
01-01-2028,Summary Financials,Deferred Revenue,2685127.5
01-02-2028,Summary Financials,Deferred Revenue,2873447.5
01-03-2028,Summary Financials,Deferred Revenue,3074692.5
01-04-2028,Summary Financials,Deferred Revenue,3290210
01-05-2028,Summary Financials,Deferred Revenue,3520907.5
01-06-2028,Summary Financials,Deferred Revenue,3767857.5
01-07-2028,Summary Financials,Deferred Revenue,4031940
01-08-2028,Summary Financials,Deferred Revenue,4314502.5
01-09-2028,Summary Financials,Deferred Revenue,4616700
01-10-2028,Summary Financials,Deferred Revenue,4939825
01-11-2028,Summary Financials,Deferred Revenue,5285582.5
01-12-2028,Summary Financials,Deferred Revenue,5655732.5
01-01-2024,Summary Financials,Total Liabilities,23209
01-02-2024,Summary Financials,Total Liabilities,46053.1
01-03-2024,Summary Financials,Total Liabilities,68562.7
01-04-2024,Summary Financials,Total Liabilities,89615
01-05-2024,Summary Financials,Total Liabilities,111300
01-06-2024,Summary Financials,Total Liabilities,132768.75
01-07-2024,Summary Financials,Total Liabilities,152133.4
01-08-2024,Summary Financials,Total Liabilities,172977.3
01-09-2024,Summary Financials,Total Liabilities,193669.8
01-10-2024,Summary Financials,Total Liabilities,211578.5
01-11-2024,Summary Financials,Total Liabilities,231807.7
01-12-2024,Summary Financials,Total Liabilities,252080.3
01-01-2025,Summary Financials,Total Liabilities,280024.8
01-02-2025,Summary Financials,Total Liabilities,312735.5
01-03-2025,Summary Financials,Total Liabilities,346832.2
01-04-2025,Summary Financials,Total Liabilities,377189.7
01-05-2025,Summary Financials,Total Liabilities,414044.6
01-06-2025,Summary Financials,Total Liabilities,452393.65
01-07-2025,Summary Financials,Total Liabilities,485347
01-08-2025,Summary Financials,Total Liabilities,526804
01-09-2025,Summary Financials,Total Liabilities,570403
01-10-2025,Summary Financials,Total Liabilities,607350.95
01-11-2025,Summary Financials,Total Liabilities,655034.75
01-12-2025,Summary Financials,Total Liabilities,705325.05
01-01-2026,Summary Financials,Total Liabilities,746472.9
01-02-2026,Summary Financials,Total Liabilities,802627
01-03-2026,Summary Financials,Total Liabilities,863102.7
01-04-2026,Summary Financials,Total Liabilities,912776.05
01-05-2026,Summary Financials,Total Liabilities,981635.25
01-06-2026,Summary Financials,Total Liabilities,1055781.1
01-07-2026,Summary Financials,Total Liabilities,1115473.2
01-08-2026,Summary Financials,Total Liabilities,1199291
01-09-2026,Summary Financials,Total Liabilities,1289444.3
01-10-2026,Summary Financials,Total Liabilities,1360960.5
01-11-2026,Summary Financials,Total Liabilities,1463834
01-12-2026,Summary Financials,Total Liabilities,1574452.25
01-01-2027,Summary Financials,Total Liabilities,1659872.8
01-02-2027,Summary Financials,Total Liabilities,1785121.6
01-03-2027,Summary Financials,Total Liabilities,1920222.9
01-04-2027,Summary Financials,Total Liabilities,2022219
01-05-2027,Summary Financials,Total Liabilities,2175149.35
01-06-2027,Summary Financials,Total Liabilities,2340192.3
01-07-2027,Summary Financials,Total Liabilities,2461762.7
01-08-2027,Summary Financials,Total Liabilities,2648194.9
01-09-2027,Summary Financials,Total Liabilities,2849069.1
01-10-2027,Summary Financials,Total Liabilities,2992807.4
01-11-2027,Summary Financials,Total Liabilities,3219910.1
01-12-2027,Summary Financials,Total Liabilities,3464740.95
01-01-2028,Summary Financials,Total Liabilities,3633570
01-02-2028,Summary Financials,Total Liabilities,3909107.5
01-03-2028,Summary Financials,Total Liabilities,4205719.5
01-04-2028,Summary Financials,Total Liabilities,4402049.75
01-05-2028,Summary Financials,Total Liabilities,4735503.85
01-06-2028,Summary Financials,Total Liabilities,5094902.1
01-07-2028,Summary Financials,Total Liabilities,5320916.4
01-08-2028,Summary Financials,Total Liabilities,5723214.9
01-09-2028,Summary Financials,Total Liabilities,6156474
01-10-2028,Summary Financials,Total Liabilities,6412653.7
01-11-2028,Summary Financials,Total Liabilities,6895834.15
01-12-2028,Summary Financials,Total Liabilities,7416464.9
01-01-2024,Summary Financials,Equity,1000000
01-02-2024,Summary Financials,Equity,1000000
01-03-2024,Summary Financials,Equity,1000000
01-04-2024,Summary Financials,Equity,1000000
01-05-2024,Summary Financials,Equity,1000000
01-06-2024,Summary Financials,Equity,1000000
01-07-2024,Summary Financials,Equity,1000000
01-08-2024,Summary Financials,Equity,1000000
01-09-2024,Summary Financials,Equity,1000000
01-10-2024,Summary Financials,Equity,1000000
01-11-2024,Summary Financials,Equity,22399063.52
01-12-2024,Summary Financials,Equity,22399063.52
01-01-2025,Summary Financials,Equity,22399063.52
01-02-2025,Summary Financials,Equity,22399063.52
01-03-2025,Summary Financials,Equity,22399063.52
01-04-2025,Summary Financials,Equity,22399063.52
01-05-2025,Summary Financials,Equity,22399063.52
01-06-2025,Summary Financials,Equity,22399063.52
01-07-2025,Summary Financials,Equity,22399063.52
01-08-2025,Summary Financials,Equity,22399063.52
01-09-2025,Summary Financials,Equity,22399063.52
01-10-2025,Summary Financials,Equity,22399063.52
01-11-2025,Summary Financials,Equity,22399063.52
01-12-2025,Summary Financials,Equity,22399063.52
01-01-2026,Summary Financials,Equity,22399063.52
01-02-2026,Summary Financials,Equity,22399063.52
01-03-2026,Summary Financials,Equity,22399063.52
01-04-2026,Summary Financials,Equity,22399063.52
01-05-2026,Summary Financials,Equity,22399063.52
01-06-2026,Summary Financials,Equity,22399063.52
01-07-2026,Summary Financials,Equity,22399063.52
01-08-2026,Summary Financials,Equity,22399063.52
01-09-2026,Summary Financials,Equity,22399063.52
01-10-2026,Summary Financials,Equity,22399063.52
01-11-2026,Summary Financials,Equity,22399063.52
01-12-2026,Summary Financials,Equity,22399063.52
01-01-2027,Summary Financials,Equity,22399063.52
01-02-2027,Summary Financials,Equity,22399063.52
01-03-2027,Summary Financials,Equity,22399063.52
01-04-2027,Summary Financials,Equity,22399063.52
01-05-2027,Summary Financials,Equity,22399063.52
01-06-2027,Summary Financials,Equity,22399063.52
01-07-2027,Summary Financials,Equity,22399063.52
01-08-2027,Summary Financials,Equity,22399063.52
01-09-2027,Summary Financials,Equity,22399063.52
01-10-2027,Summary Financials,Equity,22399063.52
01-11-2027,Summary Financials,Equity,22399063.52
01-12-2027,Summary Financials,Equity,22399063.52
01-01-2028,Summary Financials,Equity,22399063.52
01-02-2028,Summary Financials,Equity,22399063.52
01-03-2028,Summary Financials,Equity,22399063.52
01-04-2028,Summary Financials,Equity,22399063.52
01-05-2028,Summary Financials,Equity,22399063.52
01-06-2028,Summary Financials,Equity,22399063.52
01-07-2028,Summary Financials,Equity,22399063.52
01-08-2028,Summary Financials,Equity,22399063.52
01-09-2028,Summary Financials,Equity,22399063.52
01-10-2028,Summary Financials,Equity,22399063.52
01-11-2028,Summary Financials,Equity,22399063.52
01-12-2028,Summary Financials,Equity,22399063.52
01-01-2024,Summary Financials,Retained Earnings,-84882.75
01-02-2024,Summary Financials,Retained Earnings,-168377.85
01-03-2024,Summary Financials,Retained Earnings,-250548.3
01-04-2024,Summary Financials,Retained Earnings,-348455.1
01-05-2024,Summary Financials,Retained Earnings,-445208.5
01-06-2024,Summary Financials,Retained Earnings,-540779.55
01-07-2024,Summary Financials,Retained Earnings,-657952.66
01-08-2024,Summary Financials,Retained Earnings,-773954.45
01-09-2024,Summary Financials,Retained Earnings,-888732.32
01-10-2024,Summary Financials,Retained Earnings,-1036779.902
01-11-2024,Summary Financials,Retained Earnings,-1183399.114
01-12-2024,Summary Financials,Retained Earnings,-1334625.765
01-01-2025,Summary Financials,Retained Earnings,-1504816.941
01-02-2025,Summary Financials,Retained Earnings,-1673659.812
01-03-2025,Summary Financials,Retained Earnings,-1840988.979
01-04-2025,Summary Financials,Retained Earnings,-2047852.256
01-05-2025,Summary Financials,Retained Earnings,-2252940.691
01-06-2025,Summary Financials,Retained Earnings,-2455944.431
01-07-2025,Summary Financials,Retained Earnings,-2679838.268
01-08-2025,Summary Financials,Retained Earnings,-2919147.342
01-09-2025,Summary Financials,Retained Earnings,-3155690.593
01-10-2025,Summary Financials,Retained Earnings,-3412539.546
01-11-2025,Summary Financials,Retained Earnings,-3683816.879
01-12-2025,Summary Financials,Retained Earnings,-3971670.565
01-01-2026,Summary Financials,Retained Earnings,-4270340.154
01-02-2026,Summary Financials,Retained Earnings,-4588815.408
01-03-2026,Summary Financials,Retained Earnings,-4908663.28
01-04-2026,Summary Financials,Retained Earnings,-5263326.764
01-05-2026,Summary Financials,Retained Earnings,-5611950.051
01-06-2026,Summary Financials,Retained Earnings,-5978031.656
01-07-2026,Summary Financials,Retained Earnings,-6374050.267
01-08-2026,Summary Financials,Retained Earnings,-6768972.983
01-09-2026,Summary Financials,Retained Earnings,-7184606.503
01-10-2026,Summary Financials,Retained Earnings,-7625840.466
01-11-2026,Summary Financials,Retained Earnings,-8080703.772
01-12-2026,Summary Financials,Retained Earnings,-8553128.545
01-01-2027,Summary Financials,Retained Earnings,-9041662.164
01-02-2027,Summary Financials,Retained Earnings,-9545541.979
01-03-2027,Summary Financials,Retained Earnings,-10061765.43
01-04-2027,Summary Financials,Retained Earnings,-10614543.76
01-05-2027,Summary Financials,Retained Earnings,-11180441.87
01-06-2027,Summary Financials,Retained Earnings,-11771253.56
01-07-2027,Summary Financials,Retained Earnings,-12393757.46
01-08-2027,Summary Financials,Retained Earnings,-13039335.4
01-09-2027,Summary Financials,Retained Earnings,-13706860.7
01-10-2027,Summary Financials,Retained Earnings,-14415689.15
01-11-2027,Summary Financials,Retained Earnings,-15143372.98
01-12-2027,Summary Financials,Retained Earnings,-15904282.19
01-01-2028,Summary Financials,Retained Earnings,-16685416.45
01-02-2028,Summary Financials,Retained Earnings,-17511302.11
01-03-2028,Summary Financials,Retained Earnings,-18376190.33
01-04-2028,Summary Financials,Retained Earnings,-19275027.04
01-05-2028,Summary Financials,Retained Earnings,-20203330.71
01-06-2028,Summary Financials,Retained Earnings,-21184420.18
01-07-2028,Summary Financials,Retained Earnings,-22207844.13
01-08-2028,Summary Financials,Retained Earnings,-23280844.86
01-09-2028,Summary Financials,Retained Earnings,-24404947.28
01-10-2028,Summary Financials,Retained Earnings,-25576001.09
01-11-2028,Summary Financials,Retained Earnings,-26817601.97
01-12-2028,Summary Financials,Retained Earnings,-28116825.09
01-01-2024,Summary Financials,Total Equity,915117.25
01-02-2024,Summary Financials,Total Equity,831622.15
01-03-2024,Summary Financials,Total Equity,749451.7
01-04-2024,Summary Financials,Total Equity,651544.9
01-05-2024,Summary Financials,Total Equity,554791.5
01-06-2024,Summary Financials,Total Equity,459220.45
01-07-2024,Summary Financials,Total Equity,342047.34
01-08-2024,Summary Financials,Total Equity,226045.55
01-09-2024,Summary Financials,Total Equity,111267.68
01-10-2024,Summary Financials,Total Equity,-36779.9021
01-11-2024,Summary Financials,Total Equity,21215664.41
01-12-2024,Summary Financials,Total Equity,21064437.76
01-01-2025,Summary Financials,Total Equity,20894246.58
01-02-2025,Summary Financials,Total Equity,20725403.71
01-03-2025,Summary Financials,Total Equity,20558074.55
01-04-2025,Summary Financials,Total Equity,20351211.27
01-05-2025,Summary Financials,Total Equity,20146122.83
01-06-2025,Summary Financials,Total Equity,19943119.09
01-07-2025,Summary Financials,Total Equity,19719225.26
01-08-2025,Summary Financials,Total Equity,19479916.18
01-09-2025,Summary Financials,Total Equity,19243372.93
01-10-2025,Summary Financials,Total Equity,18986523.98
01-11-2025,Summary Financials,Total Equity,18715246.65
01-12-2025,Summary Financials,Total Equity,18427392.96
01-01-2026,Summary Financials,Total Equity,18128723.37
01-02-2026,Summary Financials,Total Equity,17810248.12
01-03-2026,Summary Financials,Total Equity,17490400.25
01-04-2026,Summary Financials,Total Equity,17135736.76
01-05-2026,Summary Financials,Total Equity,16787113.47
01-06-2026,Summary Financials,Total Equity,16421031.87
01-07-2026,Summary Financials,Total Equity,16025013.26
01-08-2026,Summary Financials,Total Equity,15630090.54
01-09-2026,Summary Financials,Total Equity,15214457.02
01-10-2026,Summary Financials,Total Equity,14773223.06
01-11-2026,Summary Financials,Total Equity,14318359.75
01-12-2026,Summary Financials,Total Equity,13845934.98
01-01-2027,Summary Financials,Total Equity,13357401.36
01-02-2027,Summary Financials,Total Equity,12853521.55
01-03-2027,Summary Financials,Total Equity,12337298.09
01-04-2027,Summary Financials,Total Equity,11784519.76
01-05-2027,Summary Financials,Total Equity,11218621.65
01-06-2027,Summary Financials,Total Equity,10627809.97
01-07-2027,Summary Financials,Total Equity,10005306.07
01-08-2027,Summary Financials,Total Equity,9359728.123
01-09-2027,Summary Financials,Total Equity,8692202.828
01-10-2027,Summary Financials,Total Equity,7983374.376
01-11-2027,Summary Financials,Total Equity,7255690.547
01-12-2027,Summary Financials,Total Equity,6494781.332
01-01-2028,Summary Financials,Total Equity,5713647.078
01-02-2028,Summary Financials,Total Equity,4887761.418
01-03-2028,Summary Financials,Total Equity,4022873.196
01-04-2028,Summary Financials,Total Equity,3124036.486
01-05-2028,Summary Financials,Total Equity,2195732.814
01-06-2028,Summary Financials,Total Equity,1214643.35
01-07-2028,Summary Financials,Total Equity,191219.3998
01-08-2028,Summary Financials,Total Equity,-881781.3328
01-09-2028,Summary Financials,Total Equity,-2005883.757
01-10-2028,Summary Financials,Total Equity,-3176937.566
01-11-2028,Summary Financials,Total Equity,-4418538.443
01-12-2028,Summary Financials,Total Equity,-5717761.567
01-01-2024,Summary Financials,Balance Sheet Check,0
01-02-2024,Summary Financials,Balance Sheet Check,0
01-03-2024,Summary Financials,Balance Sheet Check,0
01-04-2024,Summary Financials,Balance Sheet Check,0
01-05-2024,Summary Financials,Balance Sheet Check,0
01-06-2024,Summary Financials,Balance Sheet Check,0
01-07-2024,Summary Financials,Balance Sheet Check,0
01-08-2024,Summary Financials,Balance Sheet Check,0
01-09-2024,Summary Financials,Balance Sheet Check,0
01-10-2024,Summary Financials,Balance Sheet Check,0
01-11-2024,Summary Financials,Balance Sheet Check,0
01-12-2024,Summary Financials,Balance Sheet Check,0
01-01-2025,Summary Financials,Balance Sheet Check,0
01-02-2025,Summary Financials,Balance Sheet Check,0
01-03-2025,Summary Financials,Balance Sheet Check,0
01-04-2025,Summary Financials,Balance Sheet Check,0
01-05-2025,Summary Financials,Balance Sheet Check,0
01-06-2025,Summary Financials,Balance Sheet Check,0
01-07-2025,Summary Financials,Balance Sheet Check,0
01-08-2025,Summary Financials,Balance Sheet Check,0
01-09-2025,Summary Financials,Balance Sheet Check,0
01-10-2025,Summary Financials,Balance Sheet Check,0
01-11-2025,Summary Financials,Balance Sheet Check,0
01-12-2025,Summary Financials,Balance Sheet Check,0
01-01-2026,Summary Financials,Balance Sheet Check,0
01-02-2026,Summary Financials,Balance Sheet Check,0
01-03-2026,Summary Financials,Balance Sheet Check,0
01-04-2026,Summary Financials,Balance Sheet Check,0
01-05-2026,Summary Financials,Balance Sheet Check,0
01-06-2026,Summary Financials,Balance Sheet Check,0
01-07-2026,Summary Financials,Balance Sheet Check,0
01-08-2026,Summary Financials,Balance Sheet Check,0
01-09-2026,Summary Financials,Balance Sheet Check,0
01-10-2026,Summary Financials,Balance Sheet Check,0
01-11-2026,Summary Financials,Balance Sheet Check,0
01-12-2026,Summary Financials,Balance Sheet Check,0
01-01-2027,Summary Financials,Balance Sheet Check,0
01-02-2027,Summary Financials,Balance Sheet Check,0
01-03-2027,Summary Financials,Balance Sheet Check,0
01-04-2027,Summary Financials,Balance Sheet Check,0
01-05-2027,Summary Financials,Balance Sheet Check,0
01-06-2027,Summary Financials,Balance Sheet Check,0
01-07-2027,Summary Financials,Balance Sheet Check,0
01-08-2027,Summary Financials,Balance Sheet Check,0
01-09-2027,Summary Financials,Balance Sheet Check,0
01-10-2027,Summary Financials,Balance Sheet Check,0
01-11-2027,Summary Financials,Balance Sheet Check,0
01-12-2027,Summary Financials,Balance Sheet Check,0
01-01-2028,Summary Financials,Balance Sheet Check,0
01-02-2028,Summary Financials,Balance Sheet Check,0
01-03-2028,Summary Financials,Balance Sheet Check,-5.59E-09
01-04-2028,Summary Financials,Balance Sheet Check,-6.52E-09
01-05-2028,Summary Financials,Balance Sheet Check,-6.52E-09
01-06-2028,Summary Financials,Balance Sheet Check,-4.66E-09
01-07-2028,Summary Financials,Balance Sheet Check,-5.59E-09
01-08-2028,Summary Financials,Balance Sheet Check,-7.45E-09
01-09-2028,Summary Financials,Balance Sheet Check,-7.92E-09
01-10-2028,Summary Financials,Balance Sheet Check,-7.45E-09
01-11-2028,Summary Financials,Balance Sheet Check,-7.45E-09
01-12-2028,Summary Financials,Balance Sheet Check,-7.45E-09
01-01-2024,Summary Financials,(Increase) / Decrease in AR,-702.0833333
01-02-2024,Summary Financials,(Increase) / Decrease in AR,-695.4166667
01-03-2024,Summary Financials,(Increase) / Decrease in AR,-703.75
01-04-2024,Summary Financials,(Increase) / Decrease in AR,-712.0833333
01-05-2024,Summary Financials,(Increase) / Decrease in AR,-735
01-06-2024,Summary Financials,(Increase) / Decrease in AR,-762.9166667
01-07-2024,Summary Financials,(Increase) / Decrease in AR,-800.8333333
01-08-2024,Summary Financials,(Increase) / Decrease in AR,-843.3333333
01-09-2024,Summary Financials,(Increase) / Decrease in AR,-895.8333333
01-10-2024,Summary Financials,(Increase) / Decrease in AR,-952.9166667
01-11-2024,Summary Financials,(Increase) / Decrease in AR,-1015
01-12-2024,Summary Financials,(Increase) / Decrease in AR,-1086.666667
01-01-2025,Summary Financials,(Increase) / Decrease in AR,-1086.25
01-02-2025,Summary Financials,(Increase) / Decrease in AR,-1168.333333
01-03-2025,Summary Financials,(Increase) / Decrease in AR,-1260
01-04-2025,Summary Financials,(Increase) / Decrease in AR,-1366.25
01-05-2025,Summary Financials,(Increase) / Decrease in AR,-1477.5
01-06-2025,Summary Financials,(Increase) / Decrease in AR,-1598.75
01-07-2025,Summary Financials,(Increase) / Decrease in AR,-1734.583333
01-08-2025,Summary Financials,(Increase) / Decrease in AR,-1885
01-09-2025,Summary Financials,(Increase) / Decrease in AR,-2045
01-10-2025,Summary Financials,(Increase) / Decrease in AR,-2229.583333
01-11-2025,Summary Financials,(Increase) / Decrease in AR,-2424.166667
01-12-2025,Summary Financials,(Increase) / Decrease in AR,-2628.333333
01-01-2026,Summary Financials,(Increase) / Decrease in AR,-2701.666667
01-02-2026,Summary Financials,(Increase) / Decrease in AR,-2940.833333
01-03-2026,Summary Financials,(Increase) / Decrease in AR,-3204.583333
01-04-2026,Summary Financials,(Increase) / Decrease in AR,-3497.916667
01-05-2026,Summary Financials,(Increase) / Decrease in AR,-3805.833333
01-06-2026,Summary Financials,(Increase) / Decrease in AR,-4152.916667
01-07-2026,Summary Financials,(Increase) / Decrease in AR,-4529.583333
01-08-2026,Summary Financials,(Increase) / Decrease in AR,-4936.25
01-09-2026,Summary Financials,(Increase) / Decrease in AR,-5382.083333
01-10-2026,Summary Financials,(Increase) / Decrease in AR,-5867.083333
01-11-2026,Summary Financials,(Increase) / Decrease in AR,-6410.833333
01-12-2026,Summary Financials,(Increase) / Decrease in AR,-6994.583333
01-01-2027,Summary Financials,(Increase) / Decrease in AR,-7627.916667
01-02-2027,Summary Financials,(Increase) / Decrease in AR,-8334.583333
01-03-2027,Summary Financials,(Increase) / Decrease in AR,-9105.416667
01-04-2027,Summary Financials,(Increase) / Decrease in AR,-9935.833333
01-05-2027,Summary Financials,(Increase) / Decrease in AR,-10859.58333
01-06-2027,Summary Financials,(Increase) / Decrease in AR,-11867.08333
01-07-2027,Summary Financials,(Increase) / Decrease in AR,-12968.75
01-08-2027,Summary Financials,(Increase) / Decrease in AR,-14178.75
01-09-2027,Summary Financials,(Increase) / Decrease in AR,-15497.5
01-10-2027,Summary Financials,(Increase) / Decrease in AR,-16935
01-11-2027,Summary Financials,(Increase) / Decrease in AR,-18515.83333
01-12-2027,Summary Financials,(Increase) / Decrease in AR,-20249.58333
01-01-2028,Summary Financials,(Increase) / Decrease in AR,-22146.66667
01-02-2028,Summary Financials,(Increase) / Decrease in AR,-24227.08333
01-03-2028,Summary Financials,(Increase) / Decrease in AR,-26490.83333
01-04-2028,Summary Financials,(Increase) / Decrease in AR,-28986.25
01-05-2028,Summary Financials,(Increase) / Decrease in AR,-31715
01-06-2028,Summary Financials,(Increase) / Decrease in AR,-34706.25
01-07-2028,Summary Financials,(Increase) / Decrease in AR,-37979.58333
01-08-2028,Summary Financials,(Increase) / Decrease in AR,-41575
01-09-2028,Summary Financials,(Increase) / Decrease in AR,-45507.5
01-10-2028,Summary Financials,(Increase) / Decrease in AR,-49812.08333
01-11-2028,Summary Financials,(Increase) / Decrease in AR,-54532.91667
01-12-2028,Summary Financials,(Increase) / Decrease in AR,-59714.58333
01-01-2024,Summary Financials,Increase / (Decrease) in AP,2527.5
01-02-2024,Summary Financials,Increase / (Decrease) in AP,2503.5
01-03-2024,Summary Financials,Increase / (Decrease) in AP,2533.5
01-04-2024,Summary Financials,Increase / (Decrease) in AP,2563.5
01-05-2024,Summary Financials,Increase / (Decrease) in AP,2646
01-06-2024,Summary Financials,Increase / (Decrease) in AP,2746.5
01-07-2024,Summary Financials,Increase / (Decrease) in AP,2883
01-08-2024,Summary Financials,Increase / (Decrease) in AP,3036
01-09-2024,Summary Financials,Increase / (Decrease) in AP,3225
01-10-2024,Summary Financials,Increase / (Decrease) in AP,3430.5
01-11-2024,Summary Financials,Increase / (Decrease) in AP,3654
01-12-2024,Summary Financials,Increase / (Decrease) in AP,3912
01-01-2025,Summary Financials,Increase / (Decrease) in AP,3910.5
01-02-2025,Summary Financials,Increase / (Decrease) in AP,4206
01-03-2025,Summary Financials,Increase / (Decrease) in AP,4536
01-04-2025,Summary Financials,Increase / (Decrease) in AP,4918.5
01-05-2025,Summary Financials,Increase / (Decrease) in AP,5319
01-06-2025,Summary Financials,Increase / (Decrease) in AP,5755.5
01-07-2025,Summary Financials,Increase / (Decrease) in AP,6244.5
01-08-2025,Summary Financials,Increase / (Decrease) in AP,6786
01-09-2025,Summary Financials,Increase / (Decrease) in AP,7362
01-10-2025,Summary Financials,Increase / (Decrease) in AP,8026.5
01-11-2025,Summary Financials,Increase / (Decrease) in AP,8727
01-12-2025,Summary Financials,Increase / (Decrease) in AP,9462
01-01-2026,Summary Financials,Increase / (Decrease) in AP,9726
01-02-2026,Summary Financials,Increase / (Decrease) in AP,10587
01-03-2026,Summary Financials,Increase / (Decrease) in AP,11536.5
01-04-2026,Summary Financials,Increase / (Decrease) in AP,12592.5
01-05-2026,Summary Financials,Increase / (Decrease) in AP,13701
01-06-2026,Summary Financials,Increase / (Decrease) in AP,14950.5
01-07-2026,Summary Financials,Increase / (Decrease) in AP,16306.5
01-08-2026,Summary Financials,Increase / (Decrease) in AP,17770.5
01-09-2026,Summary Financials,Increase / (Decrease) in AP,19375.5
01-10-2026,Summary Financials,Increase / (Decrease) in AP,21121.5
01-11-2026,Summary Financials,Increase / (Decrease) in AP,23079
01-12-2026,Summary Financials,Increase / (Decrease) in AP,25180.5
01-01-2027,Summary Financials,Increase / (Decrease) in AP,27460.5
01-02-2027,Summary Financials,Increase / (Decrease) in AP,30004.5
01-03-2027,Summary Financials,Increase / (Decrease) in AP,32779.5
01-04-2027,Summary Financials,Increase / (Decrease) in AP,35769
01-05-2027,Summary Financials,Increase / (Decrease) in AP,39094.5
01-06-2027,Summary Financials,Increase / (Decrease) in AP,42721.5
01-07-2027,Summary Financials,Increase / (Decrease) in AP,46687.5
01-08-2027,Summary Financials,Increase / (Decrease) in AP,51043.5
01-09-2027,Summary Financials,Increase / (Decrease) in AP,55791
01-10-2027,Summary Financials,Increase / (Decrease) in AP,60966
01-11-2027,Summary Financials,Increase / (Decrease) in AP,66657
01-12-2027,Summary Financials,Increase / (Decrease) in AP,72898.5
01-01-2028,Summary Financials,Increase / (Decrease) in AP,79728
01-02-2028,Summary Financials,Increase / (Decrease) in AP,87217.5
01-03-2028,Summary Financials,Increase / (Decrease) in AP,95367
01-04-2028,Summary Financials,Increase / (Decrease) in AP,104350.5
01-05-2028,Summary Financials,Increase / (Decrease) in AP,114174
01-06-2028,Summary Financials,Increase / (Decrease) in AP,124942.5
01-07-2028,Summary Financials,Increase / (Decrease) in AP,136726.5
01-08-2028,Summary Financials,Increase / (Decrease) in AP,149670
01-09-2028,Summary Financials,Increase / (Decrease) in AP,163827
01-10-2028,Summary Financials,Increase / (Decrease) in AP,179323.5
01-11-2028,Summary Financials,Increase / (Decrease) in AP,196318.5
01-12-2028,Summary Financials,Increase / (Decrease) in AP,214972.5
01-01-2024,Summary Financials,Increase / (Decrease) in OCL,4044
01-02-2024,Summary Financials,Increase / (Decrease) in OCL,4005.6
01-03-2024,Summary Financials,Increase / (Decrease) in OCL,4053.6
01-04-2024,Summary Financials,Increase / (Decrease) in OCL,3088.8
01-05-2024,Summary Financials,Increase / (Decrease) in OCL,3969
01-06-2024,Summary Financials,Increase / (Decrease) in OCL,4119.75
01-07-2024,Summary Financials,Increase / (Decrease) in OCL,2484.15
01-08-2024,Summary Financials,Increase / (Decrease) in OCL,4250.4
01-09-2024,Summary Financials,Increase / (Decrease) in OCL,4515
01-10-2024,Summary Financials,Increase / (Decrease) in OCL,1993.2
01-11-2024,Summary Financials,Increase / (Decrease) in OCL,4750.2
01-12-2024,Summary Financials,Increase / (Decrease) in OCL,5085.6
01-01-2025,Summary Financials,Increase / (Decrease) in OCL,1126.5
01-02-2025,Summary Financials,Increase / (Decrease) in OCL,5047.2
01-03-2025,Summary Financials,Increase / (Decrease) in OCL,5443.2
01-04-2025,Summary Financials,Increase / (Decrease) in OCL,579
01-05-2025,Summary Financials,Increase / (Decrease) in OCL,5850.9
01-06-2025,Summary Financials,Increase / (Decrease) in OCL,6331.05
01-07-2025,Summary Financials,Increase / (Decrease) in OCL,-186.15
01-08-2025,Summary Financials,Increase / (Decrease) in OCL,6786
01-09-2025,Summary Financials,Increase / (Decrease) in OCL,7362
01-10-2025,Summary Financials,Increase / (Decrease) in OCL,-1246.05
01-11-2025,Summary Financials,Increase / (Decrease) in OCL,7854.3
01-12-2025,Summary Financials,Increase / (Decrease) in OCL,8515.8
01-01-2026,Summary Financials,Increase / (Decrease) in OCL,-3310.65
01-02-2026,Summary Financials,Increase / (Decrease) in OCL,8469.6
01-03-2026,Summary Financials,Increase / (Decrease) in OCL,9229.2
01-04-2026,Summary Financials,Increase / (Decrease) in OCL,-5461.65
01-05-2026,Summary Financials,Increase / (Decrease) in OCL,9590.7
01-06-2026,Summary Financials,Increase / (Decrease) in OCL,10465.35
01-07-2026,Summary Financials,Increase / (Decrease) in OCL,-8616.9
01-08-2026,Summary Financials,Increase / (Decrease) in OCL,10662.3
01-09-2026,Summary Financials,Increase / (Decrease) in OCL,11625.3
01-10-2026,Summary Financials,Increase / (Decrease) in OCL,-13185.3
01-11-2026,Summary Financials,Increase / (Decrease) in OCL,11539.5
01-12-2026,Summary Financials,Increase / (Decrease) in OCL,12590.25
01-01-2027,Summary Financials,Increase / (Decrease) in OCL,-19699.95
01-02-2027,Summary Financials,Increase / (Decrease) in OCL,12001.8
01-03-2027,Summary Financials,Increase / (Decrease) in OCL,13111.8
01-04-2027,Summary Financials,Increase / (Decrease) in OCL,-28977.9
01-05-2027,Summary Financials,Increase / (Decrease) in OCL,11728.35
01-06-2027,Summary Financials,Increase / (Decrease) in OCL,12816.45
01-07-2027,Summary Financials,Increase / (Decrease) in OCL,-42129.6
01-08-2027,Summary Financials,Increase / (Decrease) in OCL,10208.7
01-09-2027,Summary Financials,Increase / (Decrease) in OCL,11158.2
01-10-2027,Summary Financials,Increase / (Decrease) in OCL,-60722.7
01-11-2027,Summary Financials,Increase / (Decrease) in OCL,6665.7
01-12-2027,Summary Financials,Increase / (Decrease) in OCL,7289.85
01-01-2028,Summary Financials,Increase / (Decrease) in OCL,-86871.45
01-02-2028,Summary Financials,Increase / (Decrease) in OCL,0
01-03-2028,Summary Financials,Increase / (Decrease) in OCL,0
01-04-2028,Summary Financials,Increase / (Decrease) in OCL,-123537.75
01-05-2028,Summary Financials,Increase / (Decrease) in OCL,-11417.4
01-06-2028,Summary Financials,Increase / (Decrease) in OCL,-12494.25
01-07-2028,Summary Financials,Increase / (Decrease) in OCL,-174794.7
01-08-2028,Summary Financials,Increase / (Decrease) in OCL,-29934
01-09-2028,Summary Financials,Increase / (Decrease) in OCL,-32765.4
01-10-2028,Summary Financials,Increase / (Decrease) in OCL,-246268.8
01-11-2028,Summary Financials,Increase / (Decrease) in OCL,-58895.55
01-12-2028,Summary Financials,Increase / (Decrease) in OCL,-64491.75
01-01-2024,Summary Financials,Increase / (Decrease) in Deferred Revenue,16637.5
01-02-2024,Summary Financials,Increase / (Decrease) in Deferred Revenue,16335
01-03-2024,Summary Financials,Increase / (Decrease) in Deferred Revenue,15922.5
01-04-2024,Summary Financials,Increase / (Decrease) in Deferred Revenue,15400
01-05-2024,Summary Financials,Increase / (Decrease) in Deferred Revenue,15070
01-06-2024,Summary Financials,Increase / (Decrease) in Deferred Revenue,14602.5
01-07-2024,Summary Financials,Increase / (Decrease) in Deferred Revenue,13997.5
01-08-2024,Summary Financials,Increase / (Decrease) in Deferred Revenue,13557.5
01-09-2024,Summary Financials,Increase / (Decrease) in Deferred Revenue,12952.5
01-10-2024,Summary Financials,Increase / (Decrease) in Deferred Revenue,12485
01-11-2024,Summary Financials,Increase / (Decrease) in Deferred Revenue,11825
01-12-2024,Summary Financials,Increase / (Decrease) in Deferred Revenue,11275
01-01-2025,Summary Financials,Increase / (Decrease) in Deferred Revenue,22907.5
01-02-2025,Summary Financials,Increase / (Decrease) in Deferred Revenue,23457.5
01-03-2025,Summary Financials,Increase / (Decrease) in Deferred Revenue,24117.5
01-04-2025,Summary Financials,Increase / (Decrease) in Deferred Revenue,24860
01-05-2025,Summary Financials,Increase / (Decrease) in Deferred Revenue,25685
01-06-2025,Summary Financials,Increase / (Decrease) in Deferred Revenue,26262.5
01-07-2025,Summary Financials,Increase / (Decrease) in Deferred Revenue,26895
01-08-2025,Summary Financials,Increase / (Decrease) in Deferred Revenue,27885
01-09-2025,Summary Financials,Increase / (Decrease) in Deferred Revenue,28875
01-10-2025,Summary Financials,Increase / (Decrease) in Deferred Revenue,30167.5
01-11-2025,Summary Financials,Increase / (Decrease) in Deferred Revenue,31102.5
01-12-2025,Summary Financials,Increase / (Decrease) in Deferred Revenue,32312.5
01-01-2026,Summary Financials,Increase / (Decrease) in Deferred Revenue,34732.5
01-02-2026,Summary Financials,Increase / (Decrease) in Deferred Revenue,37097.5
01-03-2026,Summary Financials,Increase / (Decrease) in Deferred Revenue,39710
01-04-2026,Summary Financials,Increase / (Decrease) in Deferred Revenue,42542.5
01-05-2026,Summary Financials,Increase / (Decrease) in Deferred Revenue,45567.5
01-06-2026,Summary Financials,Increase / (Decrease) in Deferred Revenue,48730
01-07-2026,Summary Financials,Increase / (Decrease) in Deferred Revenue,52002.5
01-08-2026,Summary Financials,Increase / (Decrease) in Deferred Revenue,55385
01-09-2026,Summary Financials,Increase / (Decrease) in Deferred Revenue,59152.5
01-10-2026,Summary Financials,Increase / (Decrease) in Deferred Revenue,63580
01-11-2026,Summary Financials,Increase / (Decrease) in Deferred Revenue,68255
01-12-2026,Summary Financials,Increase / (Decrease) in Deferred Revenue,72847.5
01-01-2027,Summary Financials,Increase / (Decrease) in Deferred Revenue,77660
01-02-2027,Summary Financials,Increase / (Decrease) in Deferred Revenue,83242.5
01-03-2027,Summary Financials,Increase / (Decrease) in Deferred Revenue,89210
01-04-2027,Summary Financials,Increase / (Decrease) in Deferred Revenue,95205
01-05-2027,Summary Financials,Increase / (Decrease) in Deferred Revenue,102107.5
01-06-2027,Summary Financials,Increase / (Decrease) in Deferred Revenue,109505
01-07-2027,Summary Financials,Increase / (Decrease) in Deferred Revenue,117012.5
01-08-2027,Summary Financials,Increase / (Decrease) in Deferred Revenue,125180
01-09-2027,Summary Financials,Increase / (Decrease) in Deferred Revenue,133925
01-10-2027,Summary Financials,Increase / (Decrease) in Deferred Revenue,143495
01-11-2027,Summary Financials,Increase / (Decrease) in Deferred Revenue,153780
01-12-2027,Summary Financials,Increase / (Decrease) in Deferred Revenue,164642.5
01-01-2028,Summary Financials,Increase / (Decrease) in Deferred Revenue,175972.5
01-02-2028,Summary Financials,Increase / (Decrease) in Deferred Revenue,188320
01-03-2028,Summary Financials,Increase / (Decrease) in Deferred Revenue,201245
01-04-2028,Summary Financials,Increase / (Decrease) in Deferred Revenue,215517.5
01-05-2028,Summary Financials,Increase / (Decrease) in Deferred Revenue,230697.5
01-06-2028,Summary Financials,Increase / (Decrease) in Deferred Revenue,246950
01-07-2028,Summary Financials,Increase / (Decrease) in Deferred Revenue,264082.5
01-08-2028,Summary Financials,Increase / (Decrease) in Deferred Revenue,282562.5
01-09-2028,Summary Financials,Increase / (Decrease) in Deferred Revenue,302197.5
01-10-2028,Summary Financials,Increase / (Decrease) in Deferred Revenue,323125
01-11-2028,Summary Financials,Increase / (Decrease) in Deferred Revenue,345757.5
01-12-2028,Summary Financials,Increase / (Decrease) in Deferred Revenue,370150
01-01-2024,Summary Financials,Cash from Operations,-62375.83333
01-02-2024,Summary Financials,Cash from Operations,-61346.41667
01-03-2024,Summary Financials,Cash from Operations,-60364.6
01-04-2024,Summary Financials,Cash from Operations,-77566.58333
01-05-2024,Summary Financials,Cash from Operations,-75803.4
01-06-2024,Summary Financials,Cash from Operations,-74865.21667
01-07-2024,Summary Financials,Cash from Operations,-98609.29333
01-08-2024,Summary Financials,Cash from Operations,-96001.22333
01-09-2024,Summary Financials,Cash from Operations,-94981.20333
01-10-2024,Summary Financials,Cash from Operations,-131091.7988
01-11-2024,Summary Financials,Cash from Operations,-127405.0118
01-12-2024,Summary Financials,Cash from Operations,-132040.7178
01-01-2025,Summary Financials,Cash from Operations,-143332.9261
01-02-2025,Summary Financials,Cash from Operations,-137300.504
01-03-2025,Summary Financials,Cash from Operations,-134492.4671
01-04-2025,Summary Financials,Cash from Operations,-177872.0276
01-05-2025,Summary Financials,Cash from Operations,-169711.0351
01-06-2025,Summary Financials,Cash from Operations,-166253.4393
01-07-2025,Summary Financials,Cash from Operations,-192675.0706
01-08-2025,Summary Financials,Cash from Operations,-199737.074
01-09-2025,Summary Financials,Cash from Operations,-194989.251
01-10-2025,Summary Financials,Cash from Operations,-222130.5862
01-11-2025,Summary Financials,Cash from Operations,-226017.6995
01-12-2025,Summary Financials,Cash from Operations,-240191.7201
01-01-2026,Summary Financials,Cash from Operations,-260223.4054
01-02-2026,Summary Financials,Cash from Operations,-265261.9874
01-03-2026,Summary Financials,Cash from Operations,-262576.7547
01-04-2026,Summary Financials,Cash from Operations,-308488.0512
01-05-2026,Summary Financials,Cash from Operations,-283569.92
01-06-2026,Summary Financials,Cash from Operations,-296088.6722
01-07-2026,Summary Financials,Cash from Operations,-340856.0944
01-08-2026,Summary Financials,Cash from Operations,-316041.166
01-09-2026,Summary Financials,Cash from Operations,-330862.3029
01-10-2026,Summary Financials,Cash from Operations,-375584.8466
01-11-2026,Summary Financials,Cash from Operations,-358400.6386
01-12-2026,Summary Financials,Cash from Operations,-368801.1064
01-01-2027,Summary Financials,Cash from Operations,-410740.9856
01-02-2027,Summary Financials,Cash from Operations,-386965.599
01-03-2027,Summary Financials,Cash from Operations,-390227.5677
01-04-2027,Summary Financials,Cash from Operations,-460718.0675
01-05-2027,Summary Financials,Cash from Operations,-423827.3389
01-06-2027,Summary Financials,Cash from Operations,-437635.8226
01-07-2027,Summary Financials,Cash from Operations,-513902.2486
01-08-2027,Summary Financials,Cash from Operations,-473324.4939
01-09-2027,Summary Financials,Cash from Operations,-482148.5955
01-10-2027,Summary Financials,Cash from Operations,-582025.1513
01-11-2027,Summary Financials,Cash from Operations,-519096.9627
01-12-2027,Summary Financials,Cash from Operations,-536327.9488
01-01-2028,Summary Financials,Cash from Operations,-634451.8703
01-02-2028,Summary Financials,Cash from Operations,-574575.2428
01-03-2028,Summary Financials,Cash from Operations,-594767.0558
01-04-2028,Summary Financials,Cash from Operations,-731492.7098
01-05-2028,Summary Financials,Cash from Operations,-626564.5723
01-06-2028,Summary Financials,Cash from Operations,-656397.4643
01-07-2028,Summary Financials,Cash from Operations,-835389.233
01-08-2028,Summary Financials,Cash from Operations,-712277.2327
01-09-2028,Summary Financials,Cash from Operations,-736350.8241
01-10-2028,Summary Financials,Cash from Operations,-964686.1928
01-11-2028,Summary Financials,Cash from Operations,-812953.3435
01-12-2028,Summary Financials,Cash from Operations,-838306.9567
01-01-2024,Summary Financials,Cash from Investing,0
01-02-2024,Summary Financials,Cash from Investing,0
01-03-2024,Summary Financials,Cash from Investing,0
01-04-2024,Summary Financials,Cash from Investing,0
01-05-2024,Summary Financials,Cash from Investing,0
01-06-2024,Summary Financials,Cash from Investing,0
01-07-2024,Summary Financials,Cash from Investing,0
01-08-2024,Summary Financials,Cash from Investing,0
01-09-2024,Summary Financials,Cash from Investing,0
01-10-2024,Summary Financials,Cash from Investing,0
01-11-2024,Summary Financials,Cash from Investing,0
01-12-2024,Summary Financials,Cash from Investing,0
01-01-2025,Summary Financials,Cash from Investing,0
01-02-2025,Summary Financials,Cash from Investing,0
01-03-2025,Summary Financials,Cash from Investing,0
01-04-2025,Summary Financials,Cash from Investing,0
01-05-2025,Summary Financials,Cash from Investing,0
01-06-2025,Summary Financials,Cash from Investing,0
01-07-2025,Summary Financials,Cash from Investing,0
01-08-2025,Summary Financials,Cash from Investing,0
01-09-2025,Summary Financials,Cash from Investing,0
01-10-2025,Summary Financials,Cash from Investing,0
01-11-2025,Summary Financials,Cash from Investing,0
01-12-2025,Summary Financials,Cash from Investing,0
01-01-2026,Summary Financials,Cash from Investing,0
01-02-2026,Summary Financials,Cash from Investing,0
01-03-2026,Summary Financials,Cash from Investing,0
01-04-2026,Summary Financials,Cash from Investing,0
01-05-2026,Summary Financials,Cash from Investing,0
01-06-2026,Summary Financials,Cash from Investing,0
01-07-2026,Summary Financials,Cash from Investing,0
01-08-2026,Summary Financials,Cash from Investing,0
01-09-2026,Summary Financials,Cash from Investing,0
01-10-2026,Summary Financials,Cash from Investing,0
01-11-2026,Summary Financials,Cash from Investing,0
01-12-2026,Summary Financials,Cash from Investing,0
01-01-2027,Summary Financials,Cash from Investing,0
01-02-2027,Summary Financials,Cash from Investing,0
01-03-2027,Summary Financials,Cash from Investing,0
01-04-2027,Summary Financials,Cash from Investing,0
01-05-2027,Summary Financials,Cash from Investing,0
01-06-2027,Summary Financials,Cash from Investing,0
01-07-2027,Summary Financials,Cash from Investing,0
01-08-2027,Summary Financials,Cash from Investing,0
01-09-2027,Summary Financials,Cash from Investing,0
01-10-2027,Summary Financials,Cash from Investing,0
01-11-2027,Summary Financials,Cash from Investing,0
01-12-2027,Summary Financials,Cash from Investing,0
01-01-2028,Summary Financials,Cash from Investing,0
01-02-2028,Summary Financials,Cash from Investing,0
01-03-2028,Summary Financials,Cash from Investing,0
01-04-2028,Summary Financials,Cash from Investing,0
01-05-2028,Summary Financials,Cash from Investing,0
01-06-2028,Summary Financials,Cash from Investing,0
01-07-2028,Summary Financials,Cash from Investing,0
01-08-2028,Summary Financials,Cash from Investing,0
01-09-2028,Summary Financials,Cash from Investing,0
01-10-2028,Summary Financials,Cash from Investing,0
01-11-2028,Summary Financials,Cash from Investing,0
01-12-2028,Summary Financials,Cash from Investing,0
01-01-2024,Summary Financials,Cash Balance December 2025,-20399063.52
01-01-2024,Summary Financials,Funds to Raise,21399063.52
01-01-2024,Summary Financials,Runway Month,11
01-01-2024,Summary Financials,Memo: Fundraising Start,5
01-01-2024,Summary Financials,Equity Financing,1000000
01-02-2024,Summary Financials,Equity Financing,0
01-03-2024,Summary Financials,Equity Financing,0
01-04-2024,Summary Financials,Equity Financing,0
01-05-2024,Summary Financials,Equity Financing,0
01-06-2024,Summary Financials,Equity Financing,0
01-07-2024,Summary Financials,Equity Financing,0
01-08-2024,Summary Financials,Equity Financing,0
01-09-2024,Summary Financials,Equity Financing,0
01-10-2024,Summary Financials,Equity Financing,0
01-11-2024,Summary Financials,Equity Financing,21399063.52
01-12-2024,Summary Financials,Equity Financing,0
01-01-2025,Summary Financials,Equity Financing,0
01-02-2025,Summary Financials,Equity Financing,0
01-03-2025,Summary Financials,Equity Financing,0
01-04-2025,Summary Financials,Equity Financing,0
01-05-2025,Summary Financials,Equity Financing,0
01-06-2025,Summary Financials,Equity Financing,0
01-07-2025,Summary Financials,Equity Financing,0
01-08-2025,Summary Financials,Equity Financing,0
01-09-2025,Summary Financials,Equity Financing,0
01-10-2025,Summary Financials,Equity Financing,0
01-11-2025,Summary Financials,Equity Financing,0
01-12-2025,Summary Financials,Equity Financing,0
01-01-2026,Summary Financials,Equity Financing,0
01-02-2026,Summary Financials,Equity Financing,0
01-03-2026,Summary Financials,Equity Financing,0
01-04-2026,Summary Financials,Equity Financing,0
01-05-2026,Summary Financials,Equity Financing,0
01-06-2026,Summary Financials,Equity Financing,0
01-07-2026,Summary Financials,Equity Financing,0
01-08-2026,Summary Financials,Equity Financing,0
01-09-2026,Summary Financials,Equity Financing,0
01-10-2026,Summary Financials,Equity Financing,0
01-11-2026,Summary Financials,Equity Financing,0
01-12-2026,Summary Financials,Equity Financing,0
01-01-2027,Summary Financials,Equity Financing,0
01-02-2027,Summary Financials,Equity Financing,0
01-03-2027,Summary Financials,Equity Financing,0
01-04-2027,Summary Financials,Equity Financing,0
01-05-2027,Summary Financials,Equity Financing,0
01-06-2027,Summary Financials,Equity Financing,0
01-07-2027,Summary Financials,Equity Financing,0
01-08-2027,Summary Financials,Equity Financing,0
01-09-2027,Summary Financials,Equity Financing,0
01-10-2027,Summary Financials,Equity Financing,0
01-11-2027,Summary Financials,Equity Financing,0
01-12-2027,Summary Financials,Equity Financing,0
01-01-2028,Summary Financials,Equity Financing,0
01-02-2028,Summary Financials,Equity Financing,0
01-03-2028,Summary Financials,Equity Financing,0
01-04-2028,Summary Financials,Equity Financing,0
01-05-2028,Summary Financials,Equity Financing,0
01-06-2028,Summary Financials,Equity Financing,0
01-07-2028,Summary Financials,Equity Financing,0
01-08-2028,Summary Financials,Equity Financing,0
01-09-2028,Summary Financials,Equity Financing,0
01-10-2028,Summary Financials,Equity Financing,0
01-11-2028,Summary Financials,Equity Financing,0
01-12-2028,Summary Financials,Equity Financing,0
01-01-2024,Summary Financials,Cash from Financing,1000000
01-02-2024,Summary Financials,Cash from Financing,0
01-03-2024,Summary Financials,Cash from Financing,0
01-04-2024,Summary Financials,Cash from Financing,0
01-05-2024,Summary Financials,Cash from Financing,0
01-06-2024,Summary Financials,Cash from Financing,0
01-07-2024,Summary Financials,Cash from Financing,0
01-08-2024,Summary Financials,Cash from Financing,0
01-09-2024,Summary Financials,Cash from Financing,0
01-10-2024,Summary Financials,Cash from Financing,0
01-11-2024,Summary Financials,Cash from Financing,21399063.52
01-12-2024,Summary Financials,Cash from Financing,0
01-01-2025,Summary Financials,Cash from Financing,0
01-02-2025,Summary Financials,Cash from Financing,0
01-03-2025,Summary Financials,Cash from Financing,0
01-04-2025,Summary Financials,Cash from Financing,0
01-05-2025,Summary Financials,Cash from Financing,0
01-06-2025,Summary Financials,Cash from Financing,0
01-07-2025,Summary Financials,Cash from Financing,0
01-08-2025,Summary Financials,Cash from Financing,0
01-09-2025,Summary Financials,Cash from Financing,0
01-10-2025,Summary Financials,Cash from Financing,0
01-11-2025,Summary Financials,Cash from Financing,0
01-12-2025,Summary Financials,Cash from Financing,0
01-01-2026,Summary Financials,Cash from Financing,0
01-02-2026,Summary Financials,Cash from Financing,0
01-03-2026,Summary Financials,Cash from Financing,0
01-04-2026,Summary Financials,Cash from Financing,0
01-05-2026,Summary Financials,Cash from Financing,0
01-06-2026,Summary Financials,Cash from Financing,0
01-07-2026,Summary Financials,Cash from Financing,0
01-08-2026,Summary Financials,Cash from Financing,0
01-09-2026,Summary Financials,Cash from Financing,0
01-10-2026,Summary Financials,Cash from Financing,0
01-11-2026,Summary Financials,Cash from Financing,0
01-12-2026,Summary Financials,Cash from Financing,0
01-01-2027,Summary Financials,Cash from Financing,0
01-02-2027,Summary Financials,Cash from Financing,0
01-03-2027,Summary Financials,Cash from Financing,0
01-04-2027,Summary Financials,Cash from Financing,0
01-05-2027,Summary Financials,Cash from Financing,0
01-06-2027,Summary Financials,Cash from Financing,0
01-07-2027,Summary Financials,Cash from Financing,0
01-08-2027,Summary Financials,Cash from Financing,0
01-09-2027,Summary Financials,Cash from Financing,0
01-10-2027,Summary Financials,Cash from Financing,0
01-11-2027,Summary Financials,Cash from Financing,0
01-12-2027,Summary Financials,Cash from Financing,0
01-01-2028,Summary Financials,Cash from Financing,0
01-02-2028,Summary Financials,Cash from Financing,0
01-03-2028,Summary Financials,Cash from Financing,0
01-04-2028,Summary Financials,Cash from Financing,0
01-05-2028,Summary Financials,Cash from Financing,0
01-06-2028,Summary Financials,Cash from Financing,0
01-07-2028,Summary Financials,Cash from Financing,0
01-08-2028,Summary Financials,Cash from Financing,0
01-09-2028,Summary Financials,Cash from Financing,0
01-10-2028,Summary Financials,Cash from Financing,0
01-11-2028,Summary Financials,Cash from Financing,0
01-12-2028,Summary Financials,Cash from Financing,0
01-01-2024,Summary Financials,Net Cash Flow,937624.1667
01-02-2024,Summary Financials,Net Cash Flow,-61346.41667
01-03-2024,Summary Financials,Net Cash Flow,-60364.6
01-04-2024,Summary Financials,Net Cash Flow,-77566.58333
01-05-2024,Summary Financials,Net Cash Flow,-75803.4
01-06-2024,Summary Financials,Net Cash Flow,-74865.21667
01-07-2024,Summary Financials,Net Cash Flow,-98609.29333
01-08-2024,Summary Financials,Net Cash Flow,-96001.22333
01-09-2024,Summary Financials,Net Cash Flow,-94981.20333
01-10-2024,Summary Financials,Net Cash Flow,-131091.7988
01-11-2024,Summary Financials,Net Cash Flow,21271658.51
01-12-2024,Summary Financials,Net Cash Flow,-132040.7178
01-01-2025,Summary Financials,Net Cash Flow,-143332.9261
01-02-2025,Summary Financials,Net Cash Flow,-137300.504
01-03-2025,Summary Financials,Net Cash Flow,-134492.4671
01-04-2025,Summary Financials,Net Cash Flow,-177872.0276
01-05-2025,Summary Financials,Net Cash Flow,-169711.0351
01-06-2025,Summary Financials,Net Cash Flow,-166253.4393
01-07-2025,Summary Financials,Net Cash Flow,-192675.0706
01-08-2025,Summary Financials,Net Cash Flow,-199737.074
01-09-2025,Summary Financials,Net Cash Flow,-194989.251
01-10-2025,Summary Financials,Net Cash Flow,-222130.5862
01-11-2025,Summary Financials,Net Cash Flow,-226017.6995
01-12-2025,Summary Financials,Net Cash Flow,-240191.7201
01-01-2026,Summary Financials,Net Cash Flow,-260223.4054
01-02-2026,Summary Financials,Net Cash Flow,-265261.9874
01-03-2026,Summary Financials,Net Cash Flow,-262576.7547
01-04-2026,Summary Financials,Net Cash Flow,-308488.0512
01-05-2026,Summary Financials,Net Cash Flow,-283569.92
01-06-2026,Summary Financials,Net Cash Flow,-296088.6722
01-07-2026,Summary Financials,Net Cash Flow,-340856.0944
01-08-2026,Summary Financials,Net Cash Flow,-316041.166
01-09-2026,Summary Financials,Net Cash Flow,-330862.3029
01-10-2026,Summary Financials,Net Cash Flow,-375584.8466
01-11-2026,Summary Financials,Net Cash Flow,-358400.6386
01-12-2026,Summary Financials,Net Cash Flow,-368801.1064
01-01-2027,Summary Financials,Net Cash Flow,-410740.9856
01-02-2027,Summary Financials,Net Cash Flow,-386965.599
01-03-2027,Summary Financials,Net Cash Flow,-390227.5677
01-04-2027,Summary Financials,Net Cash Flow,-460718.0675
01-05-2027,Summary Financials,Net Cash Flow,-423827.3389
01-06-2027,Summary Financials,Net Cash Flow,-437635.8226
01-07-2027,Summary Financials,Net Cash Flow,-513902.2486
01-08-2027,Summary Financials,Net Cash Flow,-473324.4939
01-09-2027,Summary Financials,Net Cash Flow,-482148.5955
01-10-2027,Summary Financials,Net Cash Flow,-582025.1513
01-11-2027,Summary Financials,Net Cash Flow,-519096.9627
01-12-2027,Summary Financials,Net Cash Flow,-536327.9488
01-01-2028,Summary Financials,Net Cash Flow,-634451.8703
01-02-2028,Summary Financials,Net Cash Flow,-574575.2428
01-03-2028,Summary Financials,Net Cash Flow,-594767.0558
01-04-2028,Summary Financials,Net Cash Flow,-731492.7098
01-05-2028,Summary Financials,Net Cash Flow,-626564.5723
01-06-2028,Summary Financials,Net Cash Flow,-656397.4643
01-07-2028,Summary Financials,Net Cash Flow,-835389.233
01-08-2028,Summary Financials,Net Cash Flow,-712277.2327
01-09-2028,Summary Financials,Net Cash Flow,-736350.8241
01-10-2028,Summary Financials,Net Cash Flow,-964686.1928
01-11-2028,Summary Financials,Net Cash Flow,-812953.3435
01-12-2028,Summary Financials,Net Cash Flow,-838306.9567
01-01-2024,Summary Financials,Beginning Cash,0
01-02-2024,Summary Financials,Beginning Cash,937624.1667
01-03-2024,Summary Financials,Beginning Cash,876277.75
01-04-2024,Summary Financials,Beginning Cash,815913.15
01-05-2024,Summary Financials,Beginning Cash,738346.5667
01-06-2024,Summary Financials,Beginning Cash,662543.1667
01-07-2024,Summary Financials,Beginning Cash,587677.95
01-08-2024,Summary Financials,Beginning Cash,489068.6567
01-09-2024,Summary Financials,Beginning Cash,393067.4333
01-10-2024,Summary Financials,Beginning Cash,298086.23
01-11-2024,Summary Financials,Beginning Cash,166994.4312
01-12-2024,Summary Financials,Beginning Cash,21438652.94
01-01-2025,Summary Financials,Beginning Cash,21306612.23
01-02-2025,Summary Financials,Beginning Cash,21163279.3
01-03-2025,Summary Financials,Beginning Cash,21025978.8
01-04-2025,Summary Financials,Beginning Cash,20891486.33
01-05-2025,Summary Financials,Beginning Cash,20713614.3
01-06-2025,Summary Financials,Beginning Cash,20543903.27
01-07-2025,Summary Financials,Beginning Cash,20377649.83
01-08-2025,Summary Financials,Beginning Cash,20184974.76
01-09-2025,Summary Financials,Beginning Cash,19985237.68
01-10-2025,Summary Financials,Beginning Cash,19790248.43
01-11-2025,Summary Financials,Beginning Cash,19568117.85
01-12-2025,Summary Financials,Beginning Cash,19342100.15
01-01-2026,Summary Financials,Beginning Cash,19101908.43
01-02-2026,Summary Financials,Beginning Cash,18841685.02
01-03-2026,Summary Financials,Beginning Cash,18576423.03
01-04-2026,Summary Financials,Beginning Cash,18313846.28
01-05-2026,Summary Financials,Beginning Cash,18005358.23
01-06-2026,Summary Financials,Beginning Cash,17721788.31
01-07-2026,Summary Financials,Beginning Cash,17425699.64
01-08-2026,Summary Financials,Beginning Cash,17084843.54
01-09-2026,Summary Financials,Beginning Cash,16768802.37
01-10-2026,Summary Financials,Beginning Cash,16437940.07
01-11-2026,Summary Financials,Beginning Cash,16062355.23
01-12-2026,Summary Financials,Beginning Cash,15703954.59
01-01-2027,Summary Financials,Beginning Cash,15335153.48
01-02-2027,Summary Financials,Beginning Cash,14924412.49
01-03-2027,Summary Financials,Beginning Cash,14537446.9
01-04-2027,Summary Financials,Beginning Cash,14147219.33
01-05-2027,Summary Financials,Beginning Cash,13686501.26
01-06-2027,Summary Financials,Beginning Cash,13262673.92
01-07-2027,Summary Financials,Beginning Cash,12825038.1
01-08-2027,Summary Financials,Beginning Cash,12311135.85
01-09-2027,Summary Financials,Beginning Cash,11837811.36
01-10-2027,Summary Financials,Beginning Cash,11355662.76
01-11-2027,Summary Financials,Beginning Cash,10773637.61
01-12-2027,Summary Financials,Beginning Cash,10254540.65
01-01-2028,Summary Financials,Beginning Cash,9718212.698
01-02-2028,Summary Financials,Beginning Cash,9083760.828
01-03-2028,Summary Financials,Beginning Cash,8509185.585
01-04-2028,Summary Financials,Beginning Cash,7914418.529
01-05-2028,Summary Financials,Beginning Cash,7182925.819
01-06-2028,Summary Financials,Beginning Cash,6556361.247
01-07-2028,Summary Financials,Beginning Cash,5899963.783
01-08-2028,Summary Financials,Beginning Cash,5064574.55
01-09-2028,Summary Financials,Beginning Cash,4352297.317
01-10-2028,Summary Financials,Beginning Cash,3615946.493
01-11-2028,Summary Financials,Beginning Cash,2651260.3
01-12-2028,Summary Financials,Beginning Cash,1838306.957
01-01-2024,Summary Financials,Ending Cash,937624.1667
01-02-2024,Summary Financials,Ending Cash,876277.75
01-03-2024,Summary Financials,Ending Cash,815913.15
01-04-2024,Summary Financials,Ending Cash,738346.5667
01-05-2024,Summary Financials,Ending Cash,662543.1667
01-06-2024,Summary Financials,Ending Cash,587677.95
01-07-2024,Summary Financials,Ending Cash,489068.6567
01-08-2024,Summary Financials,Ending Cash,393067.4333
01-09-2024,Summary Financials,Ending Cash,298086.23
01-10-2024,Summary Financials,Ending Cash,166994.4312
01-11-2024,Summary Financials,Ending Cash,21438652.94
01-12-2024,Summary Financials,Ending Cash,21306612.23
01-01-2025,Summary Financials,Ending Cash,21163279.3
01-02-2025,Summary Financials,Ending Cash,21025978.8
01-03-2025,Summary Financials,Ending Cash,20891486.33
01-04-2025,Summary Financials,Ending Cash,20713614.3
01-05-2025,Summary Financials,Ending Cash,20543903.27
01-06-2025,Summary Financials,Ending Cash,20377649.83
01-07-2025,Summary Financials,Ending Cash,20184974.76
01-08-2025,Summary Financials,Ending Cash,19985237.68
01-09-2025,Summary Financials,Ending Cash,19790248.43
01-10-2025,Summary Financials,Ending Cash,19568117.85
01-11-2025,Summary Financials,Ending Cash,19342100.15
01-12-2025,Summary Financials,Ending Cash,19101908.43
01-01-2026,Summary Financials,Ending Cash,18841685.02
01-02-2026,Summary Financials,Ending Cash,18576423.03
01-03-2026,Summary Financials,Ending Cash,18313846.28
01-04-2026,Summary Financials,Ending Cash,18005358.23
01-05-2026,Summary Financials,Ending Cash,17721788.31
01-06-2026,Summary Financials,Ending Cash,17425699.64
01-07-2026,Summary Financials,Ending Cash,17084843.54
01-08-2026,Summary Financials,Ending Cash,16768802.37
01-09-2026,Summary Financials,Ending Cash,16437940.07
01-10-2026,Summary Financials,Ending Cash,16062355.23
01-11-2026,Summary Financials,Ending Cash,15703954.59
01-12-2026,Summary Financials,Ending Cash,15335153.48
01-01-2027,Summary Financials,Ending Cash,14924412.49
01-02-2027,Summary Financials,Ending Cash,14537446.9
01-03-2027,Summary Financials,Ending Cash,14147219.33
01-04-2027,Summary Financials,Ending Cash,13686501.26
01-05-2027,Summary Financials,Ending Cash,13262673.92
01-06-2027,Summary Financials,Ending Cash,12825038.1
01-07-2027,Summary Financials,Ending Cash,12311135.85
01-08-2027,Summary Financials,Ending Cash,11837811.36
01-09-2027,Summary Financials,Ending Cash,11355662.76
01-10-2027,Summary Financials,Ending Cash,10773637.61
01-11-2027,Summary Financials,Ending Cash,10254540.65
01-12-2027,Summary Financials,Ending Cash,9718212.698
01-01-2028,Summary Financials,Ending Cash,9083760.828
01-02-2028,Summary Financials,Ending Cash,8509185.585
01-03-2028,Summary Financials,Ending Cash,7914418.529
01-04-2028,Summary Financials,Ending Cash,7182925.819
01-05-2028,Summary Financials,Ending Cash,6556361.247
01-06-2028,Summary Financials,Ending Cash,5899963.783
01-07-2028,Summary Financials,Ending Cash,5064574.55
01-08-2028,Summary Financials,Ending Cash,4352297.317
01-09-2028,Summary Financials,Ending Cash,3615946.493
01-10-2028,Summary Financials,Ending Cash,2651260.3
01-11-2028,Summary Financials,Ending Cash,1838306.957
01-12-2028,Summary Financials,Ending Cash,1000000
